ISO-10303-21;
HEADER;
FILE_DESCRIPTION(('SolidDesigner STEP Export'),'1');
FILE_NAME('mkds_1-8-3.5.stp','2000-06-13T14:43:48',(''),(''),
   'SolidDesigner STEP processor Version: 7.0(Mar 1999)for AP214(CD)
(Solid Model)',
   'CoCreate SolidDesigner: 07.50  21-Dec-99(C) CoCreate Software GmbH',
'');
FILE_SCHEMA(('AUTOMOTIVE_DESIGN_CC2 {1 2 10303 214 -1 1 5 1}'));
ENDSEC;
/* ISO 10303-21 file written by PSstep_Caselib, ProSTEP GmbH, Germany */
DATA;
#10=CARTESIAN_POINT('',(-3.1652975674933074E+01,2.8601376124790594E+01,
   2.4748737341528226E-01));
#20=DIRECTION('',(7.0710678118654746E-01,0.0000000000000000E+00,
   -7.0710678118654757E-01));
#30=DIRECTION('',(0.0000000000000000E+00,-1.0000000000000000E+00,
   0.0000000000000000E+00));
#40=AXIS2_PLACEMENT_3D('',#10,#20,#30);
#50=PLANE('',#40);
#60=CARTESIAN_POINT('',(-8.4502159542249785E+01,2.8001376124790593E+01,
   -5.2601696493901422E+01));
#70=DIRECTION('',(7.0710678118654757E-01,0.0000000000000000E+00,
   7.0710678118654746E-01));
#80=VECTOR('',#70,1.0000000000000000E+00);
#90=LINE('',#60,#80);
#100=CARTESIAN_POINT('',(-3.2611490150567121E+01,2.8001376124790593E+01,
   -7.1102710221876464E-01));
#110=VERTEX_POINT('',#100);
#120=CARTESIAN_POINT('',(-3.1905465551017315E+01,2.8001376124790593E+01,
   -5.0025026689564100E-03));
#130=VERTEX_POINT('',#120);
#140=EDGE_CURVE('',#110,#130,#90,.T.);
#150=ORIENTED_EDGE('',*,*,#140,.F.);
#160=CARTESIAN_POINT('',(-3.1905465551017315E+01,3.9321376124790604E+01,
   -5.0025026689564100E-03));
#170=DIRECTION('',(0.0000000000000000E+00,-1.0000000000000000E+00,
   0.0000000000000000E+00));
#180=VECTOR('',#170,1.0000000000000000E+00);
#190=LINE('',#160,#180);
#200=CARTESIAN_POINT('',(-3.1905465551017315E+01,2.8601376124790601E+01,
   -5.0025026689564100E-03));
#210=VERTEX_POINT('',#200);
#220=EDGE_CURVE('',#210,#130,#190,.T.);
#230=ORIENTED_EDGE('',*,*,#220,.T.);
#240=CARTESIAN_POINT('',(-8.4502159542249785E+01,2.8601376124790601E+01,
   -5.2601696493901422E+01));
#250=DIRECTION('',(-7.0710678118654757E-01,0.0000000000000000E+00,
   -7.0710678118654746E-01));
#260=VECTOR('',#250,1.0000000000000000E+00);
#270=LINE('',#240,#260);
#280=CARTESIAN_POINT('',(-3.2611490150567114E+01,2.8601376124790601E+01,
   -7.1102710221876286E-01));
#290=VERTEX_POINT('',#280);
#300=EDGE_CURVE('',#210,#290,#270,.T.);
#310=ORIENTED_EDGE('',*,*,#300,.F.);
#320=CARTESIAN_POINT('',(-3.2611490150567114E+01,2.7145319094080318E+01,
   -7.1102710221876286E-01));
#330=DIRECTION('',(0.0000000000000000E+00,1.0000000000000000E+00,
   0.0000000000000000E+00));
#340=VECTOR('',#330,1.0000000000000000E+00);
#350=LINE('',#320,#340);
#360=EDGE_CURVE('',#110,#290,#350,.T.);
#370=ORIENTED_EDGE('',*,*,#360,.T.);
#380=EDGE_LOOP('',(#370,#310,#230,#150));
#390=FACE_OUTER_BOUND('',#380,.T.);
#400=ADVANCED_FACE('',(#390),#50,.T.);
#410=COLOUR_RGB('',9.4901967048645020E-01,9.4901967048645020E-01,
   1.0000000000000000E+00);
#420=FILL_AREA_STYLE_COLOUR('',#410);
#430=FILL_AREA_STYLE('',(#420));
#440=SURFACE_STYLE_FILL_AREA(#430);
#450=SURFACE_SIDE_STYLE('',(#440));
#460=SURFACE_STYLE_USAGE(.BOTH.,#450);
#470=PRESENTATION_STYLE_ASSIGNMENT((#460));
#480=CARTESIAN_POINT('',(-3.1158000928102481E+01,2.7601376124790594E+01,
   -2.4748737341531779E-01));
#490=DIRECTION('',(-7.0710678118654746E-01,0.0000000000000000E+00,
   7.0710678118654757E-01));
#500=DIRECTION('',(0.0000000000000000E+00,1.0000000000000000E+00,
   0.0000000000000000E+00));
#510=AXIS2_PLACEMENT_3D('',#480,#490,#500);
#520=PLANE('',#510);
#530=CARTESIAN_POINT('',(-3.0910513554687164E+01,-2.2653715864353234E+01
   ,0.0000000000000000E+00));
#540=DIRECTION('',(0.0000000000000000E+00,1.0000000000000000E+00,
   0.0000000000000000E+00));
#550=VECTOR('',#540,1.0000000000000000E+00);
#560=LINE('',#530,#550);
#570=CARTESIAN_POINT('',(-3.0910513554687164E+01,2.8001376124790593E+01,
   -7.1054273576010019E-15));
#580=VERTEX_POINT('',#570);
#590=CARTESIAN_POINT('',(-3.0910513554687164E+01,2.8601376124790601E+01,
   -7.1054273576010019E-15));
#600=VERTEX_POINT('',#590);
#610=EDGE_CURVE('',#580,#600,#560,.T.);
#620=ORIENTED_EDGE('',*,*,#610,.T.);
#630=CARTESIAN_POINT('',(-8.4502159542249785E+01,2.8001376124790593E+01,
   -5.3591645987562615E+01));
#640=DIRECTION('',(-7.0710678118654757E-01,0.0000000000000000E+00,
   -7.0710678118654746E-01));
#650=VECTOR('',#640,1.0000000000000000E+00);
#660=LINE('',#630,#650);
#670=CARTESIAN_POINT('',(-3.1451982696657915E+01,2.8001376124790593E+01,
   -5.4146914197075358E-01));
#680=VERTEX_POINT('',#670);
#690=EDGE_CURVE('',#580,#680,#660,.T.);
#700=ORIENTED_EDGE('',*,*,#690,.F.);
#710=CARTESIAN_POINT('',(-3.1451982696657915E+01,3.9321376124790604E+01,
   -5.4146914197075358E-01));
#720=DIRECTION('',(0.0000000000000000E+00,-1.0000000000000000E+00,
   0.0000000000000000E+00));
#730=VECTOR('',#720,1.0000000000000000E+00);
#740=LINE('',#710,#730);
#750=CARTESIAN_POINT('',(-3.1451982696657915E+01,2.8601376124790601E+01,
   -5.4146914197075358E-01));
#760=VERTEX_POINT('',#750);
#770=EDGE_CURVE('',#760,#680,#740,.T.);
#780=ORIENTED_EDGE('',*,*,#770,.T.);
#790=CARTESIAN_POINT('',(-8.4502159542249785E+01,2.8601376124790601E+01,
   -5.3591645987562615E+01));
#800=DIRECTION('',(7.0710678118654757E-01,0.0000000000000000E+00,
   7.0710678118654746E-01));
#810=VECTOR('',#800,1.0000000000000000E+00);
#820=LINE('',#790,#810);
#830=EDGE_CURVE('',#760,#600,#820,.T.);
#840=ORIENTED_EDGE('',*,*,#830,.F.);
#850=EDGE_LOOP('',(#840,#780,#700,#620));
#860=FACE_OUTER_BOUND('',#850,.T.);
#870=ADVANCED_FACE('',(#860),#520,.T.);
#880=COLOUR_RGB('',9.4901967048645020E-01,9.4901967048645020E-01,
   1.0000000000000000E+00);
#890=FILL_AREA_STYLE_COLOUR('',#880);
#900=FILL_AREA_STYLE('',(#890));
#910=SURFACE_STYLE_FILL_AREA(#900);
#920=SURFACE_SIDE_STYLE('',(#910));
#930=SURFACE_STYLE_USAGE(.BOTH.,#920);
#940=PRESENTATION_STYLE_ASSIGNMENT((#930));
#950=CARTESIAN_POINT('',(-3.2074229385564998E+01,2.8601376124790601E+01,
   6.6874108404720545E-01));
#960=DIRECTION('',(0.0000000000000000E+00,1.0000000000000000E+00,
   0.0000000000000000E+00));
#970=DIRECTION('',(7.0710678118654746E-01,0.0000000000000000E+00,
   -7.0710678118654757E-01));
#980=AXIS2_PLACEMENT_3D('',#950,#960,#970);
#990=PLANE('',#980);
#1000=CARTESIAN_POINT('',(-3.1355488301517802E+01,2.8601376124790601E+01
   ,0.0000000000000000E+00));
#1010=DIRECTION('',(0.0000000000000000E+00,-1.0000000000000000E+00,
   0.0000000000000000E+00));
#1020=DIRECTION('',(1.0000000000000000E+00,0.0000000000000000E+00,
   0.0000000000000000E+00));
#1030=AXIS2_PLACEMENT_3D('',#1000,#1010,#1020);
#1040=CIRCLE('',#1030,5.5000000000000004E-01);
#1050=CARTESIAN_POINT('',(-3.0805488301517805E+01,2.8601376124790601E+01
   ,0.0000000000000000E+00));
#1060=VERTEX_POINT('',#1050);
#1070=EDGE_CURVE('',#760,#1060,#1040,.T.);
#1080=ORIENTED_EDGE('',*,*,#1070,.F.);
#1090=CARTESIAN_POINT('',(-8.4502159542249785E+01,2.8601376124790601E+01
   ,0.0000000000000000E+00));
#1100=DIRECTION('',(1.0000000000000000E+00,-0.0000000000000000E+00,
   0.0000000000000000E+00));
#1110=VECTOR('',#1100,1.0000000000000000E+00);
#1120=LINE('',#1090,#1110);
#1130=EDGE_CURVE('',#600,#1060,#1120,.T.);
#1140=ORIENTED_EDGE('',*,*,#1130,.T.);
#1150=ORIENTED_EDGE('',*,*,#830,.T.);
#1160=EDGE_LOOP('',(#1150,#1140,#1080));
#1170=FACE_OUTER_BOUND('',#1160,.T.);
#1180=ADVANCED_FACE('',(#1170),#990,.T.);
#1190=COLOUR_RGB('',9.4901967048645020E-01,9.4901967048645020E-01,
   1.0000000000000000E+00);
#1200=FILL_AREA_STYLE_COLOUR('',#1190);
#1210=FILL_AREA_STYLE('',(#1200));
#1220=SURFACE_STYLE_FILL_AREA(#1210);
#1230=SURFACE_SIDE_STYLE('',(#1220));
#1240=SURFACE_STYLE_USAGE(.BOTH.,#1230);
#1250=PRESENTATION_STYLE_ASSIGNMENT((#1240));
#1260=CARTESIAN_POINT('',(-3.1158000928102481E+01,2.8001376124790593E+01
   ,-2.4748737341531779E-01));
#1270=DIRECTION('',(0.0000000000000000E+00,1.0000000000000000E+00,
   0.0000000000000000E+00));
#1280=DIRECTION('',(7.0710678118654746E-01,0.0000000000000000E+00,
   -7.0710678118654757E-01));
#1290=AXIS2_PLACEMENT_3D('',#1260,#1270,#1280);
#1300=PLANE('',#1290);
#1310=CARTESIAN_POINT('',(-8.4502159542249785E+01,2.8001376124790593E+01
   ,-5.3591645987562615E+01));
#1320=DIRECTION('',(-7.0710678118654757E-01,0.0000000000000000E+00,
   -7.0710678118654746E-01));
#1330=VECTOR('',#1320,1.0000000000000000E+00);
#1340=LINE('',#1310,#1330);
#1350=CARTESIAN_POINT('',(-3.0199486452468442E+01,2.8001376124790593E+01
   ,7.1102710221871934E-01));
#1360=VERTEX_POINT('',#1350);
#1370=CARTESIAN_POINT('',(-3.0814019159546973E+01,2.8001376124790593E+01
   ,9.6494395139699485E-02));
#1380=VERTEX_POINT('',#1370);
#1390=EDGE_CURVE('',#1360,#1380,#1340,.T.);
#1400=ORIENTED_EDGE('',*,*,#1390,.T.);
#1410=CARTESIAN_POINT('',(-3.1405488301517792E+01,2.8001376124790593E+01
   ,0.0000000000000000E+00));
#1420=DIRECTION('',(0.0000000000000000E+00,1.0000000000000000E+00,
   0.0000000000000000E+00));
#1430=DIRECTION('',(-1.0000000000000000E+00,0.0000000000000000E+00,
   0.0000000000000000E+00));
#1440=AXIS2_PLACEMENT_3D('',#1410,#1420,#1430);
#1450=CIRCLE('',#1440,1.3999999999999999E+00);
#1460=CARTESIAN_POINT('',(-3.0694461199299042E+01,2.8001376124790593E+01
   ,1.2060018490493150E+00));
#1470=VERTEX_POINT('',#1460);
#1480=EDGE_CURVE('',#1470,#1360,#1450,.T.);
#1490=ORIENTED_EDGE('',*,*,#1480,.T.);
#1500=CARTESIAN_POINT('',(-8.4502159542249785E+01,2.8001376124790593E+01
   ,-5.2601696493901422E+01));
#1510=DIRECTION('',(7.0710678118654757E-01,0.0000000000000000E+00,
   7.0710678118654746E-01));
#1520=VECTOR('',#1510,1.0000000000000000E+00);
#1530=LINE('',#1500,#1520);
#1540=CARTESIAN_POINT('',(-3.1350485798849824E+01,2.8001376124790593E+01
   ,5.4997724949951987E-01));
#1550=VERTEX_POINT('',#1540);
#1560=EDGE_CURVE('',#1550,#1470,#1530,.T.);
#1570=ORIENTED_EDGE('',*,*,#1560,.T.);
#1580=CARTESIAN_POINT('',(-3.1355488301517802E+01,2.8001376124790593E+01
   ,0.0000000000000000E+00));
#1590=DIRECTION('',(0.0000000000000000E+00,-1.0000000000000000E+00,
   0.0000000000000000E+00));
#1600=DIRECTION('',(1.0000000000000000E+00,0.0000000000000000E+00,
   0.0000000000000000E+00));
#1610=AXIS2_PLACEMENT_3D('',#1580,#1590,#1600);
#1620=CIRCLE('',#1610,5.5000000000000004E-01);
#1630=EDGE_CURVE('',#1380,#1550,#1620,.T.);
#1640=ORIENTED_EDGE('',*,*,#1630,.T.);
#1650=EDGE_LOOP('',(#1640,#1570,#1490,#1400));
#1660=FACE_OUTER_BOUND('',#1650,.T.);
#1670=ADVANCED_FACE('',(#1660),#1300,.T.);
#1680=COLOUR_RGB('',9.4901967048645020E-01,9.4901967048645020E-01,
   1.0000000000000000E+00);
#1690=FILL_AREA_STYLE_COLOUR('',#1680);
#1700=FILL_AREA_STYLE('',(#1690));
#1710=SURFACE_STYLE_FILL_AREA(#1700);
#1720=SURFACE_SIDE_STYLE('',(#1710));
#1730=SURFACE_STYLE_USAGE(.BOTH.,#1720);
#1740=PRESENTATION_STYLE_ASSIGNMENT((#1730));
#1750=CARTESIAN_POINT('',(-3.1158000928102481E+01,2.7601376124790594E+01
   ,3.2525126265846822E+00));
#1760=DIRECTION('',(-7.0710678118654746E-01,0.0000000000000000E+00,
   7.0710678118654757E-01));
#1770=DIRECTION('',(0.0000000000000000E+00,1.0000000000000000E+00,
   0.0000000000000000E+00));
#1780=AXIS2_PLACEMENT_3D('',#1750,#1760,#1770);
#1790=PLANE('',#1780);
#1800=CARTESIAN_POINT('',(-8.4502159542249785E+01,2.8001376124790593E+01
   ,-5.0091645987562615E+01));
#1810=DIRECTION('',(-7.0710678118654757E-01,0.0000000000000000E+00,
   -7.0710678118654746E-01));
#1820=VECTOR('',#1810,1.0000000000000000E+00);
#1830=LINE('',#1800,#1820);
#1840=CARTESIAN_POINT('',(-3.1451982696657517E+01,2.8001376124790593E+01
   ,2.9585308580291754E+00));
#1850=VERTEX_POINT('',#1840);
#1860=CARTESIAN_POINT('',(-3.2116515403736514E+01,2.8001376124790593E+01
   ,2.2939981509506513E+00));
#1870=VERTEX_POINT('',#1860);
#1880=EDGE_CURVE('',#1850,#1870,#1830,.T.);
#1890=ORIENTED_EDGE('',*,*,#1880,.F.);
#1900=CARTESIAN_POINT('',(-3.2116515403736514E+01,2.7145319094080318E+01
   ,2.2939981509506513E+00));
#1910=DIRECTION('',(0.0000000000000000E+00,1.0000000000000000E+00,
   0.0000000000000000E+00));
#1920=VECTOR('',#1910,1.0000000000000000E+00);
#1930=LINE('',#1900,#1920);
#1940=CARTESIAN_POINT('',(-3.2116515403736514E+01,2.8601376124790601E+01
   ,2.2939981509506513E+00));
#1950=VERTEX_POINT('',#1940);
#1960=EDGE_CURVE('',#1870,#1950,#1930,.T.);
#1970=ORIENTED_EDGE('',*,*,#1960,.F.);
#1980=CARTESIAN_POINT('',(-8.4502159542249785E+01,2.8601376124790601E+01
   ,-5.0091645987562615E+01));
#1990=DIRECTION('',(7.0710678118654757E-01,0.0000000000000000E+00,
   7.0710678118654746E-01));
#2000=VECTOR('',#1990,1.0000000000000000E+00);
#2010=LINE('',#1980,#2000);
#2020=CARTESIAN_POINT('',(-3.1451982696656941E+01,2.8601376124790601E+01
   ,2.9585308580290732E+00));
#2030=VERTEX_POINT('',#2020);
#2040=EDGE_CURVE('',#1950,#2030,#2010,.T.);
#2050=ORIENTED_EDGE('',*,*,#2040,.F.);
#2060=CARTESIAN_POINT('',(-3.1451982696657915E+01,3.9321376124790604E+01
   ,2.9585308580292464E+00));
#2070=DIRECTION('',(0.0000000000000000E+00,-1.0000000000000000E+00,
   0.0000000000000000E+00));
#2080=VECTOR('',#2070,1.0000000000000000E+00);
#2090=LINE('',#2060,#2080);
#2100=EDGE_CURVE('',#2030,#1850,#2090,.T.);
#2110=ORIENTED_EDGE('',*,*,#2100,.F.);
#2120=EDGE_LOOP('',(#2110,#2050,#1970,#1890));
#2130=FACE_OUTER_BOUND('',#2120,.T.);
#2140=ADVANCED_FACE('',(#2130),#1790,.T.);
#2150=COLOUR_RGB('',9.4901967048645020E-01,9.4901967048645020E-01,
   1.0000000000000000E+00);
#2160=FILL_AREA_STYLE_COLOUR('',#2150);
#2170=FILL_AREA_STYLE('',(#2160));
#2180=SURFACE_STYLE_FILL_AREA(#2170);
#2190=SURFACE_SIDE_STYLE('',(#2180));
#2200=SURFACE_STYLE_USAGE(.BOTH.,#2190);
#2210=PRESENTATION_STYLE_ASSIGNMENT((#2200));
#2220=CARTESIAN_POINT('',(-3.4997595082704343E+01,2.2071376124790600E+01
   ,-1.0000000000000018E+00));
#2230=DIRECTION('',(0.0000000000000000E+00,-1.0000000000000000E+00,
   0.0000000000000000E+00));
#2240=DIRECTION('',(1.0000000000000000E+00,0.0000000000000000E+00,
   0.0000000000000000E+00));
#2250=AXIS2_PLACEMENT_3D('',#2220,#2230,#2240);
#2260=CYLINDRICAL_SURFACE('',#2250,5.0000000000000000E-01);
#2270=CARTESIAN_POINT('',(-3.4997595082704343E+01,2.5421376124790601E+01
   ,-1.0000000000000018E+00));
#2280=DIRECTION('',(0.0000000000000000E+00,-1.0000000000000000E+00,
   0.0000000000000000E+00));
#2290=DIRECTION('',(1.0000000000000000E+00,0.0000000000000000E+00,
   0.0000000000000000E+00));
#2300=AXIS2_PLACEMENT_3D('',#2270,#2280,#2290);
#2310=CIRCLE('',#2300,5.0000000000000000E-01);
#2320=CARTESIAN_POINT('',(-3.4955488301517804E+01,2.5421376124790601E+01
   ,-1.4982238643201571E+00));
#2330=VERTEX_POINT('',#2320);
#2340=CARTESIAN_POINT('',(-3.4644041692111067E+01,2.5421376124790601E+01
   ,-1.3535533905932722E+00));
#2350=VERTEX_POINT('',#2340);
#2360=EDGE_CURVE('',#2330,#2350,#2310,.T.);
#2370=ORIENTED_EDGE('',*,*,#2360,.F.);
#2380=CARTESIAN_POINT('',(-3.4644041692111067E+01,2.2071376124790600E+01
   ,-1.3535533905932722E+00));
#2390=DIRECTION('',(0.0000000000000000E+00,-1.0000000000000000E+00,
   0.0000000000000000E+00));
#2400=VECTOR('',#2390,1.0000000000000000E+00);
#2410=LINE('',#2380,#2400);
#2420=CARTESIAN_POINT('',(-3.4644041692111074E+01,2.1232822734197338E+01
   ,-1.3535533905932766E+00));
#2430=VERTEX_POINT('',#2420);
#2440=EDGE_CURVE('',#2350,#2430,#2410,.T.);
#2450=ORIENTED_EDGE('',*,*,#2440,.F.);
#2460=CARTESIAN_POINT('',(-3.4997595082704343E+01,2.0879269343604062E+01
   ,-1.0000000000000018E+00));
#2470=DIRECTION('',(7.0710678118654535E-01,-7.0710678118654968E-01,
   0.0000000000000000E+00));
#2480=DIRECTION('',(-7.0710678118654968E-01,-7.0710678118654535E-01,
   0.0000000000000000E+00));
#2490=AXIS2_PLACEMENT_3D('',#2460,#2470,#2480);
#2500=ELLIPSE('',#2490,7.0710678118654535E-01,5.0000000000000000E-01);
#2510=CARTESIAN_POINT('',(-3.4955488301517804E+01,2.0921376124790608E+01
   ,-1.4982238643201562E+00));
#2520=VERTEX_POINT('',#2510);
#2530=EDGE_CURVE('',#2520,#2430,#2500,.T.);
#2540=ORIENTED_EDGE('',*,*,#2530,.T.);
#2550=CARTESIAN_POINT('',(-3.4955488301517804E+01,2.2071376124790600E+01
   ,-1.4982238643201571E+00));
#2560=DIRECTION('',(0.0000000000000000E+00,-1.0000000000000000E+00,
   0.0000000000000000E+00));
#2570=VECTOR('',#2560,1.0000000000000000E+00);
#2580=LINE('',#2550,#2570);
#2590=EDGE_CURVE('',#2330,#2520,#2580,.T.);
#2600=ORIENTED_EDGE('',*,*,#2590,.T.);
#2610=EDGE_LOOP('',(#2600,#2540,#2450,#2370));
#2620=FACE_OUTER_BOUND('',#2610,.T.);
#2630=ADVANCED_FACE('',(#2620),#2260,.F.);
#2640=COLOUR_RGB('',5.0196081399917603E-01,1.0000000000000000E+00,
   5.0196081399917603E-01);
#2650=FILL_AREA_STYLE_COLOUR('',#2640);
#2660=FILL_AREA_STYLE('',(#2650));
#2670=SURFACE_STYLE_FILL_AREA(#2660);
#2680=SURFACE_SIDE_STYLE('',(#2670));
#2690=SURFACE_STYLE_USAGE(.BOTH.,#2680);
#2700=PRESENTATION_STYLE_ASSIGNMENT((#2690));
#2710=CARTESIAN_POINT('',(-3.4997595082704343E+01,2.2071376124790600E+01
   ,2.4999999999999987E+00));
#2720=DIRECTION('',(0.0000000000000000E+00,-1.0000000000000000E+00,
   0.0000000000000000E+00));
#2730=DIRECTION('',(1.0000000000000000E+00,0.0000000000000000E+00,
   0.0000000000000000E+00));
#2740=AXIS2_PLACEMENT_3D('',#2710,#2720,#2730);
#2750=CYLINDRICAL_SURFACE('',#2740,5.0000000000000000E-01);
#2760=CARTESIAN_POINT('',(-3.4644041692111067E+01,2.2071376124790600E+01
   ,2.1464466094067278E+00));
#2770=DIRECTION('',(0.0000000000000000E+00,-1.0000000000000000E+00,
   0.0000000000000000E+00));
#2780=VECTOR('',#2770,1.0000000000000000E+00);
#2790=LINE('',#2760,#2780);
#2800=CARTESIAN_POINT('',(-3.4644041692111067E+01,2.5421376124790601E+01
   ,2.1464466094067278E+00));
#2810=VERTEX_POINT('',#2800);
#2820=CARTESIAN_POINT('',(-3.4644041692111067E+01,2.1232822734197338E+01
   ,2.1464466094067278E+00));
#2830=VERTEX_POINT('',#2820);
#2840=EDGE_CURVE('',#2810,#2830,#2790,.T.);
#2850=ORIENTED_EDGE('',*,*,#2840,.F.);
#2860=CARTESIAN_POINT('',(-3.4997595082704343E+01,2.0879269343604062E+01
   ,2.4999999999999987E+00));
#2870=DIRECTION('',(7.0710678118654535E-01,-7.0710678118654968E-01,
   0.0000000000000000E+00));
#2880=DIRECTION('',(-7.0710678118654968E-01,-7.0710678118654535E-01,
   0.0000000000000000E+00));
#2890=AXIS2_PLACEMENT_3D('',#2860,#2870,#2880);
#2900=ELLIPSE('',#2890,7.0710678118654535E-01,5.0000000000000000E-01);
#2910=CARTESIAN_POINT('',(-3.4955488301517804E+01,2.0921376124790608E+01
   ,2.0017761356798429E+00));
#2920=VERTEX_POINT('',#2910);
#2930=EDGE_CURVE('',#2920,#2830,#2900,.T.);
#2940=ORIENTED_EDGE('',*,*,#2930,.T.);
#2950=CARTESIAN_POINT('',(-3.4955488301517804E+01,2.2071376124790600E+01
   ,2.0017761356798429E+00));
#2960=DIRECTION('',(0.0000000000000000E+00,-1.0000000000000000E+00,
   0.0000000000000000E+00));
#2970=VECTOR('',#2960,1.0000000000000000E+00);
#2980=LINE('',#2950,#2970);
#2990=CARTESIAN_POINT('',(-3.4955488301517804E+01,2.5421376124790601E+01
   ,2.0017761356798429E+00));
#3000=VERTEX_POINT('',#2990);
#3010=EDGE_CURVE('',#3000,#2920,#2980,.T.);
#3020=ORIENTED_EDGE('',*,*,#3010,.T.);
#3030=CARTESIAN_POINT('',(-3.4997595082704343E+01,2.5421376124790601E+01
   ,2.4999999999999987E+00));
#3040=DIRECTION('',(0.0000000000000000E+00,-1.0000000000000000E+00,
   0.0000000000000000E+00));
#3050=DIRECTION('',(1.0000000000000000E+00,0.0000000000000000E+00,
   0.0000000000000000E+00));
#3060=AXIS2_PLACEMENT_3D('',#3030,#3040,#3050);
#3070=CIRCLE('',#3060,5.0000000000000000E-01);
#3080=EDGE_CURVE('',#3000,#2810,#3070,.T.);
#3090=ORIENTED_EDGE('',*,*,#3080,.F.);
#3100=EDGE_LOOP('',(#3090,#3020,#2940,#2850));
#3110=FACE_OUTER_BOUND('',#3100,.T.);
#3120=ADVANCED_FACE('',(#3110),#2750,.F.);
#3130=COLOUR_RGB('',5.0196081399917603E-01,1.0000000000000000E+00,
   5.0196081399917603E-01);
#3140=FILL_AREA_STYLE_COLOUR('',#3130);
#3150=FILL_AREA_STYLE('',(#3140));
#3160=SURFACE_STYLE_FILL_AREA(#3150);
#3170=SURFACE_SIDE_STYLE('',(#3160));
#3180=SURFACE_STYLE_USAGE(.BOTH.,#3170);
#3190=PRESENTATION_STYLE_ASSIGNMENT((#3180));
#3200=CARTESIAN_POINT('',(0.0000000000000000E+00,0.0000000000000000E+00,
   -2.0000000000000000E+00));
#3210=DIRECTION('',(0.0000000000000000E+00,0.0000000000000000E+00,
   1.0000000000000000E+00));
#3220=DIRECTION('',(1.0000000000000000E+00,0.0000000000000000E+00,
   0.0000000000000000E+00));
#3230=AXIS2_PLACEMENT_3D('',#3200,#3210,#3220);
#3240=PLANE('',#3230);
#3250=CARTESIAN_POINT('',(-8.4502159542249785E+01,2.0821376124790600E+01
   ,-2.0000000000000000E+00));
#3260=DIRECTION('',(1.0000000000000000E+00,0.0000000000000000E+00,
   0.0000000000000000E+00));
#3270=VECTOR('',#3260,1.0000000000000000E+00);
#3280=LINE('',#3250,#3270);
#3290=CARTESIAN_POINT('',(-3.4955488301517804E+01,2.0821376124790600E+01
   ,-2.0000000000000000E+00));
#3300=VERTEX_POINT('',#3290);
#3310=CARTESIAN_POINT('',(-2.7655488301517799E+01,2.0821376124790600E+01
   ,-2.0000000000000000E+00));
#3320=VERTEX_POINT('',#3310);
#3330=EDGE_CURVE('',#3300,#3320,#3280,.T.);
#3340=ORIENTED_EDGE('',*,*,#3330,.F.);
#3350=CARTESIAN_POINT('',(-2.7655488301517799E+01,2.0821376124790600E+01
   ,-2.0000000000000000E+00));
#3360=DIRECTION('',(0.0000000000000000E+00,1.0000000000000000E+00,
   0.0000000000000000E+00));
#3370=VECTOR('',#3360,1.0000000000000000E+00);
#3380=LINE('',#3350,#3370);
#3390=CARTESIAN_POINT('',(-2.7655488301517799E+01,2.3627661581016380E+01
   ,-2.0000000000000000E+00));
#3400=VERTEX_POINT('',#3390);
#3410=EDGE_CURVE('',#3320,#3400,#3380,.T.);
#3420=ORIENTED_EDGE('',*,*,#3410,.F.);
#3430=CARTESIAN_POINT('',(-2.7655488301517799E+01,2.3627661581016380E+01
   ,-2.0000000000000000E+00));
#3440=DIRECTION('',(-3.0901699437494878E-01,9.5105651629515309E-01,
   0.0000000000000000E+00));
#3450=VECTOR('',#3440,1.0000000000000000E+00);
#3460=LINE('',#3430,#3450);
#3470=CARTESIAN_POINT('',(-2.9393231307372915E+01,2.8975884621978071E+01
   ,-2.0000000000000000E+00));
#3480=VERTEX_POINT('',#3470);
#3490=EDGE_CURVE('',#3400,#3480,#3460,.T.);
#3500=ORIENTED_EDGE('',*,*,#3490,.F.);
#3510=CARTESIAN_POINT('',(-2.9868759565520477E+01,2.8821376124790600E+01
   ,-2.0000000000000000E+00));
#3520=DIRECTION('',(0.0000000000000000E+00,0.0000000000000000E+00,
   1.0000000000000000E+00));
#3530=DIRECTION('',(1.0000000000000000E+00,0.0000000000000000E+00,
   0.0000000000000000E+00));
#3540=AXIS2_PLACEMENT_3D('',#3510,#3520,#3530);
#3550=CIRCLE('',#3540,4.9999999999999767E-01);
#3560=CARTESIAN_POINT('',(-2.9868759565520477E+01,2.9321376124790600E+01
   ,-2.0000000000000000E+00));
#3570=VERTEX_POINT('',#3560);
#3580=EDGE_CURVE('',#3480,#3570,#3550,.T.);
#3590=ORIENTED_EDGE('',*,*,#3580,.F.);
#3600=CARTESIAN_POINT('',(-3.2921824807528317E+01,2.9321376124790600E+01
   ,-2.0000000000000000E+00));
#3610=DIRECTION('',(1.0000000000000000E+00,0.0000000000000000E+00,
   0.0000000000000000E+00));
#3620=VECTOR('',#3610,1.0000000000000000E+00);
#3630=LINE('',#3600,#3620);
#3640=CARTESIAN_POINT('',(-3.2921824807528317E+01,2.9321376124790600E+01
   ,-2.0000000000000000E+00));
#3650=VERTEX_POINT('',#3640);
#3660=EDGE_CURVE('',#3650,#3570,#3630,.T.);
#3670=ORIENTED_EDGE('',*,*,#3660,.T.);
#3680=CARTESIAN_POINT('',(-3.2921824807528317E+01,2.8821376124790600E+01
   ,-2.0000000000000000E+00));
#3690=DIRECTION('',(0.0000000000000000E+00,0.0000000000000000E+00,
   1.0000000000000000E+00));
#3700=DIRECTION('',(1.0000000000000000E+00,0.0000000000000000E+00,
   0.0000000000000000E+00));
#3710=AXIS2_PLACEMENT_3D('',#3680,#3690,#3700);
#3720=CIRCLE('',#3710,4.9999999999999745E-01);
#3730=CARTESIAN_POINT('',(-3.3404787720672857E+01,2.8950785647341856E+01
   ,-2.0000000000000000E+00));
#3740=VERTEX_POINT('',#3730);
#3750=EDGE_CURVE('',#3650,#3740,#3720,.T.);
#3760=ORIENTED_EDGE('',*,*,#3750,.F.);
#3770=CARTESIAN_POINT('',(-3.3404787720672857E+01,2.8950785647341856E+01
   ,-2.0000000000000000E+00));
#3780=DIRECTION('',(-2.5881904510252168E-01,-9.6592582628906809E-01,
   0.0000000000000000E+00));
#3790=VECTOR('',#3780,1.0000000000000000E+00);
#3800=LINE('',#3770,#3790);
#3810=CARTESIAN_POINT('',(-3.4216515555783623E+01,2.5921376124790601E+01
   ,-2.0000000000000000E+00));
#3820=VERTEX_POINT('',#3810);
#3830=EDGE_CURVE('',#3740,#3820,#3800,.T.);
#3840=ORIENTED_EDGE('',*,*,#3830,.F.);
#3850=CARTESIAN_POINT('',(-3.4216515555783623E+01,2.5921376124790601E+01
   ,-2.0000000000000000E+00));
#3860=DIRECTION('',(-1.0000000000000000E+00,0.0000000000000000E+00,
   0.0000000000000000E+00));
#3870=VECTOR('',#3860,1.0000000000000000E+00);
#3880=LINE('',#3850,#3870);
#3890=CARTESIAN_POINT('',(-3.4655488301517813E+01,2.5921376124790601E+01
   ,-2.0000000000000000E+00));
#3900=VERTEX_POINT('',#3890);
#3910=EDGE_CURVE('',#3820,#3900,#3880,.T.);
#3920=ORIENTED_EDGE('',*,*,#3910,.F.);
#3930=CARTESIAN_POINT('',(-3.4655488301517813E+01,2.5621376124790597E+01
   ,-2.0000000000000000E+00));
#3940=DIRECTION('',(0.0000000000000000E+00,0.0000000000000000E+00,
   1.0000000000000000E+00));
#3950=DIRECTION('',(1.0000000000000000E+00,0.0000000000000000E+00,
   0.0000000000000000E+00));
#3960=AXIS2_PLACEMENT_3D('',#3930,#3940,#3950);
#3970=CIRCLE('',#3960,3.0000000000000071E-01);
#3980=CARTESIAN_POINT('',(-3.4955488301517818E+01,2.5621376124790597E+01
   ,-2.0000000000000000E+00));
#3990=VERTEX_POINT('',#3980);
#4000=EDGE_CURVE('',#3900,#3990,#3970,.T.);
#4010=ORIENTED_EDGE('',*,*,#4000,.F.);
#4020=CARTESIAN_POINT('',(-3.4955488301517804E+01,0.0000000000000000E+00
   ,-2.0000000000000000E+00));
#4030=DIRECTION('',(0.0000000000000000E+00,-1.0000000000000000E+00,
   0.0000000000000000E+00));
#4040=VECTOR('',#4030,1.0000000000000000E+00);
#4050=LINE('',#4020,#4040);
#4060=EDGE_CURVE('',#3990,#3300,#4050,.T.);
#4070=ORIENTED_EDGE('',*,*,#4060,.F.);
#4080=EDGE_LOOP('',(#4070,#4010,#3920,#3840,#3760,#3670,#3590,#3500,
   #3420,#3340));
#4090=FACE_OUTER_BOUND('',#4080,.T.);
#4100=ADVANCED_FACE('',(#4090),#3240,.F.);
#4110=COLOUR_RGB('',5.0196081399917603E-01,1.0000000000000000E+00,
   5.0196081399917603E-01);
#4120=FILL_AREA_STYLE_COLOUR('',#4110);
#4130=FILL_AREA_STYLE('',(#4120));
#4140=SURFACE_STYLE_FILL_AREA(#4130);
#4150=SURFACE_SIDE_STYLE('',(#4140));
#4160=SURFACE_STYLE_USAGE(.BOTH.,#4150);
#4170=PRESENTATION_STYLE_ASSIGNMENT((#4160));
#4180=CARTESIAN_POINT('',(-3.4134907590252553E+01,2.5050785647341851E+01
   ,-7.9999999999999982E-01));
#4190=DIRECTION('',(9.6592582628906531E-01,2.5881904510253184E-01,
   0.0000000000000000E+00));
#4200=DIRECTION('',(2.5881904510253184E-01,-9.6592582628906531E-01,
   0.0000000000000000E+00));
#4210=AXIS2_PLACEMENT_3D('',#4180,#4190,#4200);
#4220=PLANE('',#4210);
#4230=CARTESIAN_POINT('',(-2.7422569806281842E+01,0.0000000000000000E+00
   ,-5.8679184952360472E+00));
#4240=DIRECTION('',(2.5056280708574147E-01,-9.3511312653102330E-01,
   -2.5056280708574469E-01));
#4250=VECTOR('',#4240,1.0000000000000000E+00);
#4260=LINE('',#4230,#4250);
#4270=CARTESIAN_POINT('',(-3.4134907590252553E+01,2.5050785647341851E+01
   ,8.4441928873475458E-01));
#4280=VERTEX_POINT('',#4270);
#4290=CARTESIAN_POINT('',(-3.4090488301517780E+01,2.4885010604947620E+01
   ,7.9999999999999982E-01));
#4300=VERTEX_POINT('',#4290);
#4310=EDGE_CURVE('',#4280,#4300,#4260,.T.);
#4320=ORIENTED_EDGE('',*,*,#4310,.F.);
#4330=CARTESIAN_POINT('',(-3.3805488301517798E+01,2.3821376124790600E+01
   ,7.9999999999999982E-01));
#4340=DIRECTION('',(-2.5881904510253184E-01,9.6592582628906531E-01,
   0.0000000000000000E+00));
#4350=VECTOR('',#4340,1.0000000000000000E+00);
#4360=LINE('',#4330,#4350);
#4370=CARTESIAN_POINT('',(-3.3805488301517791E+01,2.3821376124790600E+01
   ,7.9999999999999538E-01));
#4380=VERTEX_POINT('',#4370);
#4390=EDGE_CURVE('',#4380,#4300,#4360,.T.);
#4400=ORIENTED_EDGE('',*,*,#4390,.T.);
#4410=CARTESIAN_POINT('',(-3.3805488301517798E+01,2.3821376124790600E+01
   ,0.0000000000000000E+00));
#4420=DIRECTION('',(0.0000000000000000E+00,0.0000000000000000E+00,
   -1.0000000000000000E+00));
#4430=VECTOR('',#4420,1.0000000000000000E+00);
#4440=LINE('',#4410,#4430);
#4450=CARTESIAN_POINT('',(-3.3805488301517798E+01,2.3821376124790600E+01
   ,-7.9999999999999982E-01));
#4460=VERTEX_POINT('',#4450);
#4470=EDGE_CURVE('',#4380,#4460,#4440,.T.);
#4480=ORIENTED_EDGE('',*,*,#4470,.F.);
#4490=CARTESIAN_POINT('',(-3.3805488301517798E+01,2.3821376124790600E+01
   ,-7.9999999999999982E-01));
#4500=DIRECTION('',(-2.5881904510253184E-01,9.6592582628906531E-01,
   0.0000000000000000E+00));
#4510=VECTOR('',#4500,1.0000000000000000E+00);
#4520=LINE('',#4490,#4510);
#4530=CARTESIAN_POINT('',(-3.4090488301517780E+01,2.4885010604947620E+01
   ,-7.9999999999999982E-01));
#4540=VERTEX_POINT('',#4530);
#4550=EDGE_CURVE('',#4460,#4540,#4520,.T.);
#4560=ORIENTED_EDGE('',*,*,#4550,.F.);
#4570=CARTESIAN_POINT('',(-2.7422569806281828E+01,0.0000000000000000E+00
   ,5.8679184952358687E+00));
#4580=DIRECTION('',(-2.5056280708574180E-01,9.3511312653102474E-01,
   -2.5056280708573864E-01));
#4590=VECTOR('',#4580,1.0000000000000000E+00);
#4600=LINE('',#4570,#4590);
#4610=CARTESIAN_POINT('',(-3.4134907590252553E+01,2.5050785647341851E+01
   ,-8.4441928873476346E-01));
#4620=VERTEX_POINT('',#4610);
#4630=EDGE_CURVE('',#4540,#4620,#4600,.T.);
#4640=ORIENTED_EDGE('',*,*,#4630,.F.);
#4650=CARTESIAN_POINT('',(-3.4134907590252553E+01,2.5050785647341851E+01
   ,0.0000000000000000E+00));
#4660=DIRECTION('',(0.0000000000000000E+00,0.0000000000000000E+00,
   1.0000000000000000E+00));
#4670=VECTOR('',#4660,1.0000000000000000E+00);
#4680=LINE('',#4650,#4670);
#4690=EDGE_CURVE('',#4620,#4280,#4680,.T.);
#4700=ORIENTED_EDGE('',*,*,#4690,.F.);
#4710=EDGE_LOOP('',(#4700,#4640,#4560,#4480,#4400,#4320));
#4720=FACE_OUTER_BOUND('',#4710,.T.);
#4730=ADVANCED_FACE('',(#4720),#4220,.F.);
#4740=COLOUR_RGB('',5.0196081399917603E-01,1.0000000000000000E+00,
   5.0196081399917603E-01);
#4750=FILL_AREA_STYLE_COLOUR('',#4740);
#4760=FILL_AREA_STYLE('',(#4750));
#4770=SURFACE_STYLE_FILL_AREA(#4760);
#4780=SURFACE_SIDE_STYLE('',(#4770));
#4790=SURFACE_STYLE_USAGE(.BOTH.,#4780);
#4800=PRESENTATION_STYLE_ASSIGNMENT((#4790));
#4810=CARTESIAN_POINT('',(-3.2074229385564998E+01,2.8601376124790601E+01
   ,4.1687410840472054E+00));
#4820=DIRECTION('',(0.0000000000000000E+00,1.0000000000000000E+00,
   0.0000000000000000E+00));
#4830=DIRECTION('',(7.0710678118654746E-01,0.0000000000000000E+00,
   -7.0710678118654757E-01));
#4840=AXIS2_PLACEMENT_3D('',#4810,#4820,#4830);
#4850=PLANE('',#4840);
#4860=CARTESIAN_POINT('',(-3.1355488301517802E+01,2.8601376124790601E+01
   ,3.5000000000000000E+00));
#4870=DIRECTION('',(0.0000000000000000E+00,-1.0000000000000000E+00,
   0.0000000000000000E+00));
#4880=DIRECTION('',(1.0000000000000000E+00,0.0000000000000000E+00,
   0.0000000000000000E+00));
#4890=AXIS2_PLACEMENT_3D('',#4860,#4870,#4880);
#4900=CIRCLE('',#4890,5.5000000000000004E-01);
#4910=CARTESIAN_POINT('',(-3.1905488301517799E+01,2.8601376124790601E+01
   ,3.5000000000000000E+00));
#4920=VERTEX_POINT('',#4910);
#4930=CARTESIAN_POINT('',(-3.1905465551017315E+01,2.8601376124790601E+01
   ,3.4949974973310436E+00));
#4940=VERTEX_POINT('',#4930);
#4950=EDGE_CURVE('',#4920,#4940,#4900,.T.);
#4960=ORIENTED_EDGE('',*,*,#4950,.F.);
#4970=CARTESIAN_POINT('',(-8.4502159542249785E+01,2.8601376124790601E+01
   ,-4.9101696493901422E+01));
#4980=DIRECTION('',(-7.0710678118654757E-01,0.0000000000000000E+00,
   -7.0710678118654746E-01));
#4990=VECTOR('',#4980,1.0000000000000000E+00);
#5000=LINE('',#4970,#4990);
#5010=CARTESIAN_POINT('',(-3.1900463048348364E+01,2.8601376124790601E+01
   ,3.4999999999999929E+00));
#5020=VERTEX_POINT('',#5010);
#5030=EDGE_CURVE('',#5020,#4940,#5000,.T.);
#5040=ORIENTED_EDGE('',*,*,#5030,.T.);
#5050=CARTESIAN_POINT('',(-8.4502159542249785E+01,2.8601376124790601E+01
   ,3.5000000000000000E+00));
#5060=DIRECTION('',(-1.0000000000000000E+00,0.0000000000000000E+00,
   0.0000000000000000E+00));
#5070=VECTOR('',#5060,1.0000000000000000E+00);
#5080=LINE('',#5050,#5070);
#5090=EDGE_CURVE('',#5020,#4920,#5080,.T.);
#5100=ORIENTED_EDGE('',*,*,#5090,.F.);
#5110=EDGE_LOOP('',(#5100,#5040,#4960));
#5120=FACE_OUTER_BOUND('',#5110,.T.);
#5130=ADVANCED_FACE('',(#5120),#4850,.T.);
#5140=COLOUR_RGB('',9.4901967048645020E-01,9.4901967048645020E-01,
   1.0000000000000000E+00);
#5150=FILL_AREA_STYLE_COLOUR('',#5140);
#5160=FILL_AREA_STYLE('',(#5150));
#5170=SURFACE_STYLE_FILL_AREA(#5160);
#5180=SURFACE_SIDE_STYLE('',(#5170));
#5190=SURFACE_STYLE_USAGE(.BOTH.,#5180);
#5200=PRESENTATION_STYLE_ASSIGNMENT((#5190));
#5210=CARTESIAN_POINT('',(-3.4644041692111067E+01,2.2071376124790600E+01
   ,-1.3535533905932713E+00));
#5220=DIRECTION('',(7.0710678118654302E-01,0.0000000000000000E+00,
   -7.0710678118655201E-01));
#5230=DIRECTION('',(-7.0710678118655201E-01,0.0000000000000000E+00,
   -7.0710678118654302E-01));
#5240=AXIS2_PLACEMENT_3D('',#5210,#5220,#5230);
#5250=PLANE('',#5240);
#5260=CARTESIAN_POINT('',(0.0000000000000000E+00,2.5421376124790594E+01,
   3.3290488301517350E+01));
#5270=DIRECTION('',(-7.0710678118655201E-01,0.0000000000000000E+00,
   -7.0710678118654302E-01));
#5280=VECTOR('',#5270,1.0000000000000000E+00);
#5290=LINE('',#5260,#5280);
#5300=CARTESIAN_POINT('',(-3.4617870503397079E+01,2.5421376124790594E+01
   ,-1.3273822018792831E+00));
#5310=VERTEX_POINT('',#5300);
#5320=EDGE_CURVE('',#5310,#2350,#5290,.T.);
#5330=ORIENTED_EDGE('',*,*,#5320,.T.);
#5340=CARTESIAN_POINT('',(-3.4617870503397079E+01,2.4921376124790594E+01
   ,-1.3273822018792831E+00));
#5350=DIRECTION('',(7.0710678118654302E-01,0.0000000000000000E+00,
   -7.0710678118655201E-01));
#5360=DIRECTION('',(-7.0710678118655201E-01,0.0000000000000000E+00,
   -7.0710678118654302E-01));
#5370=AXIS2_PLACEMENT_3D('',#5340,#5350,#5360);
#5380=ELLIPSE('',#5370,7.0710678118652770E-01,4.9999999999998912E-01);
#5390=EDGE_CURVE('',#5310,#4620,#5380,.T.);
#5400=ORIENTED_EDGE('',*,*,#5390,.F.);
#5410=ORIENTED_EDGE('',*,*,#4630,.T.);
#5420=CARTESIAN_POINT('',(-3.4090488301517780E+01,0.0000000000000000E+00
   ,-7.9999999999999982E-01));
#5430=DIRECTION('',(0.0000000000000000E+00,1.0000000000000000E+00,
   0.0000000000000000E+00));
#5440=VECTOR('',#5430,1.0000000000000000E+00);
#5450=LINE('',#5420,#5440);
#5460=CARTESIAN_POINT('',(-3.4090488301517780E+01,2.1786376124790618E+01
   ,-7.9999999999999982E-01));
#5470=VERTEX_POINT('',#5460);
#5480=EDGE_CURVE('',#5470,#4540,#5450,.T.);
#5490=ORIENTED_EDGE('',*,*,#5480,.T.);
#5500=CARTESIAN_POINT('',(0.0000000000000000E+00,5.5876864426308202E+01,
   3.3290488301517350E+01));
#5510=DIRECTION('',(5.7735026918962939E-01,5.7735026918962584E-01,
   5.7735026918962207E-01));
#5520=VECTOR('',#5510,1.0000000000000000E+00);
#5530=LINE('',#5500,#5520);
#5540=EDGE_CURVE('',#2430,#5470,#5530,.T.);
#5550=ORIENTED_EDGE('',*,*,#5540,.T.);
#5560=ORIENTED_EDGE('',*,*,#2440,.T.);
#5570=EDGE_LOOP('',(#5560,#5550,#5490,#5410,#5400,#5330));
#5580=FACE_OUTER_BOUND('',#5570,.T.);
#5590=ADVANCED_FACE('',(#5580),#5250,.F.);
#5600=COLOUR_RGB('',5.0196081399917603E-01,1.0000000000000000E+00,
   5.0196081399917603E-01);
#5610=FILL_AREA_STYLE_COLOUR('',#5600);
#5620=FILL_AREA_STYLE('',(#5610));
#5630=SURFACE_STYLE_FILL_AREA(#5620);
#5640=SURFACE_SIDE_STYLE('',(#5630));
#5650=SURFACE_STYLE_USAGE(.BOTH.,#5640);
#5660=PRESENTATION_STYLE_ASSIGNMENT((#5650));
#5670=ORIENTED_EDGE('',*,*,#2040,.T.);
#5680=CARTESIAN_POINT('',(-3.1405488301517792E+01,2.8601376124790601E+01
   ,3.5000000000000000E+00));
#5690=DIRECTION('',(0.0000000000000000E+00,1.0000000000000000E+00,
   0.0000000000000000E+00));
#5700=DIRECTION('',(-1.0000000000000000E+00,0.0000000000000000E+00,
   0.0000000000000000E+00));
#5710=AXIS2_PLACEMENT_3D('',#5680,#5690,#5700);
#5720=CIRCLE('',#5710,1.3999999999999999E+00);
#5730=CARTESIAN_POINT('',(-3.0005488301517794E+01,2.8601376124790601E+01
   ,3.5000000000000018E+00));
#5740=VERTEX_POINT('',#5730);
#5750=EDGE_CURVE('',#5740,#1950,#5720,.T.);
#5760=ORIENTED_EDGE('',*,*,#5750,.T.);
#5770=CARTESIAN_POINT('',(-3.0199486452468442E+01,2.8601376124790601E+01
   ,4.2110271022187211E+00));
#5780=VERTEX_POINT('',#5770);
#5790=EDGE_CURVE('',#5780,#5740,#5720,.T.);
#5800=ORIENTED_EDGE('',*,*,#5790,.T.);
#5810=CARTESIAN_POINT('',(-8.4502159542249785E+01,2.8601376124790601E+01
   ,-5.0091645987562615E+01));
#5820=DIRECTION('',(7.0710678118654757E-01,0.0000000000000000E+00,
   7.0710678118654746E-01));
#5830=VECTOR('',#5820,1.0000000000000000E+00);
#5840=LINE('',#5810,#5830);
#5850=CARTESIAN_POINT('',(-3.0814019159547051E+01,2.8601376124790601E+01
   ,3.5964943951401160E+00));
#5860=VERTEX_POINT('',#5850);
#5870=EDGE_CURVE('',#5860,#5780,#5840,.T.);
#5880=ORIENTED_EDGE('',*,*,#5870,.T.);
#5890=CARTESIAN_POINT('',(-3.1355488301517802E+01,2.8601376124790601E+01
   ,3.5000000000000018E+00));
#5900=DIRECTION('',(0.0000000000000000E+00,-1.0000000000000000E+00,
   0.0000000000000000E+00));
#5910=DIRECTION('',(1.0000000000000000E+00,0.0000000000000000E+00,
   0.0000000000000000E+00));
#5920=AXIS2_PLACEMENT_3D('',#5890,#5900,#5910);
#5930=CIRCLE('',#5920,5.5000000000000004E-01);
#5940=CARTESIAN_POINT('',(-3.0805488301517805E+01,2.8601376124790601E+01
   ,3.5000000000000000E+00));
#5950=VERTEX_POINT('',#5940);
#5960=EDGE_CURVE('',#5950,#5860,#5930,.T.);
#5970=ORIENTED_EDGE('',*,*,#5960,.T.);
#5980=CARTESIAN_POINT('',(-3.1355488301517802E+01,2.8601376124790601E+01
   ,3.5000000000000000E+00));
#5990=DIRECTION('',(0.0000000000000000E+00,-1.0000000000000000E+00,
   0.0000000000000000E+00));
#6000=DIRECTION('',(1.0000000000000000E+00,0.0000000000000000E+00,
   0.0000000000000000E+00));
#6010=AXIS2_PLACEMENT_3D('',#5980,#5990,#6000);
#6020=CIRCLE('',#6010,5.5000000000000004E-01);
#6030=EDGE_CURVE('',#2030,#5950,#6020,.T.);
#6040=ORIENTED_EDGE('',*,*,#6030,.T.);
#6050=EDGE_LOOP('',(#6040,#5970,#5880,#5800,#5760,#5670));
#6060=FACE_OUTER_BOUND('',#6050,.T.);
#6070=ADVANCED_FACE('',(#6060),#4850,.T.);
#6080=COLOUR_RGB('',9.4901967048645020E-01,9.4901967048645020E-01,
   1.0000000000000000E+00);
#6090=FILL_AREA_STYLE_COLOUR('',#6080);
#6100=FILL_AREA_STYLE('',(#6090));
#6110=SURFACE_STYLE_FILL_AREA(#6100);
#6120=SURFACE_SIDE_STYLE('',(#6110));
#6130=SURFACE_STYLE_USAGE(.BOTH.,#6120);
#6140=PRESENTATION_STYLE_ASSIGNMENT((#6130));
#6150=CARTESIAN_POINT('',(-3.1158000928102481E+01,2.8001376124790593E+01
   ,3.2525126265846822E+00));
#6160=DIRECTION('',(0.0000000000000000E+00,1.0000000000000000E+00,
   0.0000000000000000E+00));
#6170=DIRECTION('',(7.0710678118654746E-01,0.0000000000000000E+00,
   -7.0710678118654757E-01));
#6180=AXIS2_PLACEMENT_3D('',#6150,#6160,#6170);
#6190=PLANE('',#6180);
#6200=CARTESIAN_POINT('',(-8.4502159542249785E+01,2.8001376124790593E+01
   ,-4.9101696493901422E+01));
#6210=DIRECTION('',(7.0710678118654757E-01,0.0000000000000000E+00,
   7.0710678118654746E-01));
#6220=VECTOR('',#6210,1.0000000000000000E+00);
#6230=LINE('',#6200,#6220);
#6240=CARTESIAN_POINT('',(-3.1905465551017315E+01,2.8001376124790593E+01
   ,3.4949974973310436E+00));
#6250=VERTEX_POINT('',#6240);
#6260=CARTESIAN_POINT('',(-3.1900463048348364E+01,2.8001376124790593E+01
   ,3.4999999999999929E+00));
#6270=VERTEX_POINT('',#6260);
#6280=EDGE_CURVE('',#6250,#6270,#6230,.T.);
#6290=ORIENTED_EDGE('',*,*,#6280,.T.);
#6300=CARTESIAN_POINT('',(-3.1355488301517802E+01,2.8001376124790593E+01
   ,3.5000000000000000E+00));
#6310=DIRECTION('',(0.0000000000000000E+00,-1.0000000000000000E+00,
   0.0000000000000000E+00));
#6320=DIRECTION('',(1.0000000000000000E+00,0.0000000000000000E+00,
   0.0000000000000000E+00));
#6330=AXIS2_PLACEMENT_3D('',#6300,#6310,#6320);
#6340=CIRCLE('',#6330,5.5000000000000004E-01);
#6350=EDGE_CURVE('',#6250,#1850,#6340,.T.);
#6360=ORIENTED_EDGE('',*,*,#6350,.F.);
#6370=CARTESIAN_POINT('',(-3.0910513554687164E+01,2.8001376124790593E+01
   ,3.4999999999999929E+00));
#6380=VERTEX_POINT('',#6370);
#6390=EDGE_CURVE('',#6380,#1850,#1830,.T.);
#6400=ORIENTED_EDGE('',*,*,#6390,.T.);
#6410=CARTESIAN_POINT('',(-8.4502159542249785E+01,2.8001376124790593E+01
   ,3.5000000000000000E+00));
#6420=DIRECTION('',(-1.0000000000000000E+00,0.0000000000000000E+00,
   0.0000000000000000E+00));
#6430=VECTOR('',#6420,1.0000000000000000E+00);
#6440=LINE('',#6410,#6430);
#6450=EDGE_CURVE('',#6380,#6270,#6440,.T.);
#6460=ORIENTED_EDGE('',*,*,#6450,.F.);
#6470=EDGE_LOOP('',(#6460,#6400,#6360,#6290));
#6480=FACE_OUTER_BOUND('',#6470,.T.);
#6490=ADVANCED_FACE('',(#6480),#6190,.T.);
#6500=COLOUR_RGB('',9.4901967048645020E-01,9.4901967048645020E-01,
   1.0000000000000000E+00);
#6510=FILL_AREA_STYLE_COLOUR('',#6500);
#6520=FILL_AREA_STYLE('',(#6510));
#6530=SURFACE_STYLE_FILL_AREA(#6520);
#6540=SURFACE_SIDE_STYLE('',(#6530));
#6550=SURFACE_STYLE_USAGE(.BOTH.,#6540);
#6560=PRESENTATION_STYLE_ASSIGNMENT((#6550));
#6570=CARTESIAN_POINT('',(-3.4090488301517780E+01,2.1786376124790618E+01
   ,-7.9999999999999982E-01));
#6580=DIRECTION('',(7.0710678118654535E-01,-7.0710678118654968E-01,
   0.0000000000000000E+00));
#6590=DIRECTION('',(-7.0710678118654968E-01,-7.0710678118654535E-01,
   0.0000000000000000E+00));
#6600=AXIS2_PLACEMENT_3D('',#6570,#6580,#6590);
#6610=PLANE('',#6600);
#6620=CARTESIAN_POINT('',(0.0000000000000000E+00,5.5876864426308202E+01,
   7.9999999999999982E-01));
#6630=DIRECTION('',(7.0710678118654968E-01,7.0710678118654535E-01,
   0.0000000000000000E+00));
#6640=VECTOR('',#6630,1.0000000000000000E+00);
#6650=LINE('',#6620,#6640);
#6660=CARTESIAN_POINT('',(-3.4090488301517780E+01,2.1786376124790618E+01
   ,7.9999999999999982E-01));
#6670=VERTEX_POINT('',#6660);
#6680=CARTESIAN_POINT('',(-3.3805488301517805E+01,2.2071376124790600E+01
   ,7.9999999999999538E-01));
#6690=VERTEX_POINT('',#6680);
#6700=EDGE_CURVE('',#6670,#6690,#6650,.T.);
#6710=ORIENTED_EDGE('',*,*,#6700,.T.);
#6720=CARTESIAN_POINT('',(-3.3290488301517804E+01,2.2586376124790586E+01
   ,0.0000000000000000E+00));
#6730=DIRECTION('',(-5.7735026918962440E-01,-5.7735026918962096E-01,
   5.7735026918963195E-01));
#6740=VECTOR('',#6730,1.0000000000000000E+00);
#6750=LINE('',#6720,#6740);
#6760=CARTESIAN_POINT('',(-3.4644041692111067E+01,2.1232822734197338E+01
   ,1.3535533905932753E+00));
#6770=VERTEX_POINT('',#6760);
#6780=EDGE_CURVE('',#6670,#6770,#6750,.T.);
#6790=ORIENTED_EDGE('',*,*,#6780,.F.);
#6800=CARTESIAN_POINT('',(-3.4997595082704343E+01,2.0879269343604062E+01
   ,9.9999999999999911E-01));
#6810=DIRECTION('',(7.0710678118654535E-01,-7.0710678118654968E-01,
   0.0000000000000000E+00));
#6820=DIRECTION('',(-7.0710678118654968E-01,-7.0710678118654535E-01,
   0.0000000000000000E+00));
#6830=AXIS2_PLACEMENT_3D('',#6800,#6810,#6820);
#6840=ELLIPSE('',#6830,7.0710678118655101E-01,5.0000000000000400E-01);
#6850=CARTESIAN_POINT('',(-3.4955488301517804E+01,2.0921376124790594E+01
   ,1.4982238643201584E+00));
#6860=VERTEX_POINT('',#6850);
#6870=EDGE_CURVE('',#6770,#6860,#6840,.T.);
#6880=ORIENTED_EDGE('',*,*,#6870,.F.);
#6890=CARTESIAN_POINT('',(-3.4955488301517804E+01,2.0921376124790608E+01
   ,0.0000000000000000E+00));
#6900=DIRECTION('',(0.0000000000000000E+00,0.0000000000000000E+00,
   -1.0000000000000000E+00));
#6910=VECTOR('',#6900,1.0000000000000000E+00);
#6920=LINE('',#6890,#6910);
#6930=EDGE_CURVE('',#6860,#2520,#6920,.T.);
#6940=ORIENTED_EDGE('',*,*,#6930,.F.);
#6950=ORIENTED_EDGE('',*,*,#2530,.F.);
#6960=ORIENTED_EDGE('',*,*,#5540,.F.);
#6970=CARTESIAN_POINT('',(0.0000000000000000E+00,5.5876864426308202E+01,
   -7.9999999999999982E-01));
#6980=DIRECTION('',(7.0710678118654968E-01,7.0710678118654535E-01,
   0.0000000000000000E+00));
#6990=VECTOR('',#6980,1.0000000000000000E+00);
#7000=LINE('',#6970,#6990);
#7010=CARTESIAN_POINT('',(-3.3805488301517805E+01,2.2071376124790600E+01
   ,-8.0000000000000604E-01));
#7020=VERTEX_POINT('',#7010);
#7030=EDGE_CURVE('',#5470,#7020,#7000,.T.);
#7040=ORIENTED_EDGE('',*,*,#7030,.F.);
#7050=CARTESIAN_POINT('',(-3.3805488301517805E+01,2.2071376124790600E+01
   ,0.0000000000000000E+00));
#7060=DIRECTION('',(0.0000000000000000E+00,0.0000000000000000E+00,
   1.0000000000000000E+00));
#7070=VECTOR('',#7060,1.0000000000000000E+00);
#7080=LINE('',#7050,#7070);
#7090=EDGE_CURVE('',#7020,#6690,#7080,.T.);
#7100=ORIENTED_EDGE('',*,*,#7090,.F.);
#7110=EDGE_LOOP('',(#7100,#7040,#6960,#6950,#6940,#6880,#6790,#6710));
#7120=FACE_OUTER_BOUND('',#7110,.T.);
#7130=ADVANCED_FACE('',(#7120),#6610,.F.);
#7140=COLOUR_RGB('',5.0196081399917603E-01,1.0000000000000000E+00,
   5.0196081399917603E-01);
#7150=FILL_AREA_STYLE_COLOUR('',#7140);
#7160=FILL_AREA_STYLE('',(#7150));
#7170=SURFACE_STYLE_FILL_AREA(#7160);
#7180=SURFACE_SIDE_STYLE('',(#7170));
#7190=SURFACE_STYLE_USAGE(.BOTH.,#7180);
#7200=PRESENTATION_STYLE_ASSIGNMENT((#7190));
#7210=CARTESIAN_POINT('',(-3.1652975674933074E+01,2.8601376124790594E+01
   ,3.7474873734152823E+00));
#7220=DIRECTION('',(7.0710678118654746E-01,0.0000000000000000E+00,
   -7.0710678118654757E-01));
#7230=DIRECTION('',(0.0000000000000000E+00,-1.0000000000000000E+00,
   0.0000000000000000E+00));
#7240=AXIS2_PLACEMENT_3D('',#7210,#7220,#7230);
#7250=PLANE('',#7240);
#7260=ORIENTED_EDGE('',*,*,#6280,.F.);
#7270=CARTESIAN_POINT('',(-3.1900463048348364E+01,
   -2.2653715864353234E+01,3.5000000000000000E+00));
#7280=DIRECTION('',(-0.0000000000000000E+00,1.0000000000000000E+00,
   0.0000000000000000E+00));
#7290=VECTOR('',#7280,1.0000000000000000E+00);
#7300=LINE('',#7270,#7290);
#7310=EDGE_CURVE('',#6270,#5020,#7300,.T.);
#7320=ORIENTED_EDGE('',*,*,#7310,.F.);
#7330=ORIENTED_EDGE('',*,*,#5030,.F.);
#7340=CARTESIAN_POINT('',(-3.1905465551017315E+01,3.9321376124790604E+01
   ,3.4949974973310436E+00));
#7350=DIRECTION('',(0.0000000000000000E+00,-1.0000000000000000E+00,
   0.0000000000000000E+00));
#7360=VECTOR('',#7350,1.0000000000000000E+00);
#7370=LINE('',#7340,#7360);
#7380=EDGE_CURVE('',#4940,#6250,#7370,.T.);
#7390=ORIENTED_EDGE('',*,*,#7380,.F.);
#7400=EDGE_LOOP('',(#7390,#7330,#7320,#7260));
#7410=FACE_OUTER_BOUND('',#7400,.T.);
#7420=ADVANCED_FACE('',(#7410),#7250,.T.);
#7430=COLOUR_RGB('',9.4901967048645020E-01,9.4901967048645020E-01,
   1.0000000000000000E+00);
#7440=FILL_AREA_STYLE_COLOUR('',#7430);
#7450=FILL_AREA_STYLE('',(#7440));
#7460=SURFACE_STYLE_FILL_AREA(#7450);
#7470=SURFACE_SIDE_STYLE('',(#7460));
#7480=SURFACE_STYLE_USAGE(.BOTH.,#7470);
#7490=PRESENTATION_STYLE_ASSIGNMENT((#7480));
#7500=CARTESIAN_POINT('',(0.0000000000000000E+00,0.0000000000000000E+00,
   -7.9999999999999982E-01));
#7510=DIRECTION('',(0.0000000000000000E+00,0.0000000000000000E+00,
   1.0000000000000000E+00));
#7520=DIRECTION('',(1.0000000000000000E+00,0.0000000000000000E+00,
   0.0000000000000000E+00));
#7530=AXIS2_PLACEMENT_3D('',#7500,#7510,#7520);
#7540=PLANE('',#7530);
#7550=ORIENTED_EDGE('',*,*,#7030,.T.);
#7560=ORIENTED_EDGE('',*,*,#5480,.F.);
#7570=ORIENTED_EDGE('',*,*,#4550,.T.);
#7580=CARTESIAN_POINT('',(-3.3805488301517798E+01,2.3821376124790600E+01
   ,-7.9999999999999982E-01));
#7590=DIRECTION('',(1.0000000000000000E+00,0.0000000000000000E+00,
   0.0000000000000000E+00));
#7600=VECTOR('',#7590,1.0000000000000000E+00);
#7610=LINE('',#7580,#7600);
#7620=CARTESIAN_POINT('',(-3.3520488301517801E+01,2.3821376124790600E+01
   ,-7.9999999999999982E-01));
#7630=VERTEX_POINT('',#7620);
#7640=EDGE_CURVE('',#4460,#7630,#7610,.T.);
#7650=ORIENTED_EDGE('',*,*,#7640,.F.);
#7660=CARTESIAN_POINT('',(-3.3520488301517801E+01,2.3821376124790600E+01
   ,-7.9999999999999982E-01));
#7670=DIRECTION('',(0.0000000000000000E+00,-1.0000000000000000E+00,
   0.0000000000000000E+00));
#7680=VECTOR('',#7670,1.0000000000000000E+00);
#7690=LINE('',#7660,#7680);
#7700=CARTESIAN_POINT('',(-3.3520488301517801E+01,2.2071376124790600E+01
   ,-7.9999999999999982E-01));
#7710=VERTEX_POINT('',#7700);
#7720=EDGE_CURVE('',#7630,#7710,#7690,.T.);
#7730=ORIENTED_EDGE('',*,*,#7720,.F.);
#7740=CARTESIAN_POINT('',(-3.3805488301517798E+01,2.2071376124790600E+01
   ,-7.9999999999999982E-01));
#7750=DIRECTION('',(1.0000000000000000E+00,0.0000000000000000E+00,
   0.0000000000000000E+00));
#7760=VECTOR('',#7750,1.0000000000000000E+00);
#7770=LINE('',#7740,#7760);
#7780=EDGE_CURVE('',#7020,#7710,#7770,.T.);
#7790=ORIENTED_EDGE('',*,*,#7780,.T.);
#7800=EDGE_LOOP('',(#7790,#7730,#7650,#7570,#7560,#7550));
#7810=FACE_OUTER_BOUND('',#7800,.T.);
#7820=ADVANCED_FACE('',(#7810),#7540,.T.);
#7830=COLOUR_RGB('',5.0196081399917603E-01,1.0000000000000000E+00,
   5.0196081399917603E-01);
#7840=FILL_AREA_STYLE_COLOUR('',#7830);
#7850=FILL_AREA_STYLE('',(#7840));
#7860=SURFACE_STYLE_FILL_AREA(#7850);
#7870=SURFACE_SIDE_STYLE('',(#7860));
#7880=SURFACE_STYLE_USAGE(.BOTH.,#7870);
#7890=PRESENTATION_STYLE_ASSIGNMENT((#7880));
#7900=CARTESIAN_POINT('',(-3.1405488301517799E+01,2.8561376124790595E+01
   ,0.0000000000000000E+00));
#7910=DIRECTION('',(0.0000000000000000E+00,-1.0000000000000000E+00,
   0.0000000000000000E+00));
#7920=DIRECTION('',(-1.0000000000000000E+00,0.0000000000000000E+00,
   0.0000000000000000E+00));
#7930=AXIS2_PLACEMENT_3D('',#7900,#7910,#7920);
#7940=CYLINDRICAL_SURFACE('',#7930,1.4499999999999993E+00);
#7950=CARTESIAN_POINT('',(-3.2855488301517795E+01,2.8561376124790595E+01
   ,0.0000000000000000E+00));
#7960=DIRECTION('',(0.0000000000000000E+00,-1.0000000000000000E+00,
   0.0000000000000000E+00));
#7970=VECTOR('',#7960,1.0000000000000000E+00);
#7980=LINE('',#7950,#7970);
#7990=CARTESIAN_POINT('',(-3.2855488301517795E+01,2.9321376124790600E+01
   ,0.0000000000000000E+00));
#8000=VERTEX_POINT('',#7990);
#8010=CARTESIAN_POINT('',(-3.2855488301517795E+01,2.7601376124790601E+01
   ,0.0000000000000000E+00));
#8020=VERTEX_POINT('',#8010);
#8030=EDGE_CURVE('',#8000,#8020,#7980,.T.);
#8040=ORIENTED_EDGE('',*,*,#8030,.F.);
#8050=CARTESIAN_POINT('',(-3.1405488301517799E+01,2.7601376124790601E+01
   ,0.0000000000000000E+00));
#8060=DIRECTION('',(0.0000000000000000E+00,-1.0000000000000000E+00,
   0.0000000000000000E+00));
#8070=DIRECTION('',(-1.0000000000000000E+00,0.0000000000000000E+00,
   0.0000000000000000E+00));
#8080=AXIS2_PLACEMENT_3D('',#8050,#8060,#8070);
#8090=CIRCLE('',#8080,1.4499999999999993E+00);
#8100=CARTESIAN_POINT('',(-2.9955488301517800E+01,2.7601376124790601E+01
   ,-1.7757378587636612E-16));
#8110=VERTEX_POINT('',#8100);
#8120=EDGE_CURVE('',#8110,#8020,#8090,.T.);
#8130=ORIENTED_EDGE('',*,*,#8120,.T.);
#8140=CARTESIAN_POINT('',(-2.9955488301517800E+01,2.8561376124790595E+01
   ,-1.7757378587636612E-16));
#8150=DIRECTION('',(0.0000000000000000E+00,-1.0000000000000000E+00,
   0.0000000000000000E+00));
#8160=VECTOR('',#8150,1.0000000000000000E+00);
#8170=LINE('',#8140,#8160);
#8180=CARTESIAN_POINT('',(-2.9955488301517800E+01,2.9321376124790600E+01
   ,-1.7757378587636612E-16));
#8190=VERTEX_POINT('',#8180);
#8200=EDGE_CURVE('',#8190,#8110,#8170,.T.);
#8210=ORIENTED_EDGE('',*,*,#8200,.T.);
#8220=CARTESIAN_POINT('',(-3.1405488301517799E+01,2.9321376124790600E+01
   ,0.0000000000000000E+00));
#8230=DIRECTION('',(0.0000000000000000E+00,-1.0000000000000000E+00,
   0.0000000000000000E+00));
#8240=DIRECTION('',(-1.0000000000000000E+00,0.0000000000000000E+00,
   0.0000000000000000E+00));
#8250=AXIS2_PLACEMENT_3D('',#8220,#8230,#8240);
#8260=CIRCLE('',#8250,1.4499999999999993E+00);
#8270=EDGE_CURVE('',#8190,#8000,#8260,.T.);
#8280=ORIENTED_EDGE('',*,*,#8270,.F.);
#8290=EDGE_LOOP('',(#8280,#8210,#8130,#8040));
#8300=FACE_OUTER_BOUND('',#8290,.T.);
#8310=ADVANCED_FACE('',(#8300),#7940,.F.);
#8320=COLOUR_RGB('',5.0196081399917603E-01,1.0000000000000000E+00,
   5.0196081399917603E-01);
#8330=FILL_AREA_STYLE_COLOUR('',#8320);
#8340=FILL_AREA_STYLE('',(#8330));
#8350=SURFACE_STYLE_FILL_AREA(#8340);
#8360=SURFACE_SIDE_STYLE('',(#8350));
#8370=SURFACE_STYLE_USAGE(.BOTH.,#8360);
#8380=PRESENTATION_STYLE_ASSIGNMENT((#8370));
#8390=CARTESIAN_POINT('',(-3.3520488301517801E+01,2.3821376124790600E+01
   ,0.0000000000000000E+00));
#8400=DIRECTION('',(-0.0000000000000000E+00,1.0000000000000000E+00,
   0.0000000000000000E+00));
#8410=DIRECTION('',(1.0000000000000000E+00,0.0000000000000000E+00,
   0.0000000000000000E+00));
#8420=AXIS2_PLACEMENT_3D('',#8390,#8400,#8410);
#8430=PLANE('',#8420);
#8440=CARTESIAN_POINT('',(-3.3805488301517798E+01,2.3821376124790600E+01
   ,7.9999999999999982E-01));
#8450=DIRECTION('',(1.0000000000000000E+00,0.0000000000000000E+00,
   0.0000000000000000E+00));
#8460=VECTOR('',#8450,1.0000000000000000E+00);
#8470=LINE('',#8440,#8460);
#8480=CARTESIAN_POINT('',(-3.3520488301517801E+01,2.3821376124790600E+01
   ,7.9999999999999982E-01));
#8490=VERTEX_POINT('',#8480);
#8500=EDGE_CURVE('',#4380,#8490,#8470,.T.);
#8510=ORIENTED_EDGE('',*,*,#8500,.F.);
#8520=CARTESIAN_POINT('',(-3.3520488301517801E+01,2.3821376124790600E+01
   ,0.0000000000000000E+00));
#8530=DIRECTION('',(0.0000000000000000E+00,0.0000000000000000E+00,
   -1.0000000000000000E+00));
#8540=VECTOR('',#8530,1.0000000000000000E+00);
#8550=LINE('',#8520,#8540);
#8560=EDGE_CURVE('',#8490,#7630,#8550,.T.);
#8570=ORIENTED_EDGE('',*,*,#8560,.F.);
#8580=ORIENTED_EDGE('',*,*,#7640,.T.);
#8590=ORIENTED_EDGE('',*,*,#4470,.T.);
#8600=EDGE_LOOP('',(#8590,#8580,#8570,#8510));
#8610=FACE_OUTER_BOUND('',#8600,.T.);
#8620=ADVANCED_FACE('',(#8610),#8430,.F.);
#8630=COLOUR_RGB('',5.0196081399917603E-01,1.0000000000000000E+00,
   5.0196081399917603E-01);
#8640=FILL_AREA_STYLE_COLOUR('',#8630);
#8650=FILL_AREA_STYLE('',(#8640));
#8660=SURFACE_STYLE_FILL_AREA(#8650);
#8670=SURFACE_SIDE_STYLE('',(#8660));
#8680=SURFACE_STYLE_USAGE(.BOTH.,#8670);
#8690=PRESENTATION_STYLE_ASSIGNMENT((#8680));
#8700=CARTESIAN_POINT('',(-3.4644041692111067E+01,2.2071376124790600E+01
   ,2.1464466094067292E+00));
#8710=DIRECTION('',(7.0710678118654302E-01,0.0000000000000000E+00,
   -7.0710678118655201E-01));
#8720=DIRECTION('',(-7.0710678118655201E-01,0.0000000000000000E+00,
   -7.0710678118654302E-01));
#8730=AXIS2_PLACEMENT_3D('',#8700,#8710,#8720);
#8740=PLANE('',#8730);
#8750=CARTESIAN_POINT('',(0.0000000000000000E+00,2.5421376124790594E+01,
   3.6790488301517350E+01));
#8760=DIRECTION('',(-7.0710678118655201E-01,0.0000000000000000E+00,
   -7.0710678118654302E-01));
#8770=VECTOR('',#8760,1.0000000000000000E+00);
#8780=LINE('',#8750,#8770);
#8790=CARTESIAN_POINT('',(-3.4617870503397079E+01,2.5421376124790594E+01
   ,2.1726177981207169E+00));
#8800=VERTEX_POINT('',#8790);
#8810=EDGE_CURVE('',#8800,#2810,#8780,.T.);
#8820=ORIENTED_EDGE('',*,*,#8810,.T.);
#8830=CARTESIAN_POINT('',(-3.4617870503397079E+01,2.4921376124790594E+01
   ,2.1726177981207169E+00));
#8840=DIRECTION('',(7.0710678118654302E-01,0.0000000000000000E+00,
   -7.0710678118655201E-01));
#8850=DIRECTION('',(-7.0710678118655201E-01,0.0000000000000000E+00,
   -7.0710678118654302E-01));
#8860=AXIS2_PLACEMENT_3D('',#8830,#8840,#8850);
#8870=ELLIPSE('',#8860,7.0710678118652770E-01,4.9999999999998912E-01);
#8880=CARTESIAN_POINT('',(-3.4134907590252553E+01,2.5050785647341851E+01
   ,2.6555807112652365E+00));
#8890=VERTEX_POINT('',#8880);
#8900=EDGE_CURVE('',#8800,#8890,#8870,.T.);
#8910=ORIENTED_EDGE('',*,*,#8900,.F.);
#8920=CARTESIAN_POINT('',(-2.7422569806281828E+01,0.0000000000000000E+00
   ,9.3679184952358661E+00));
#8930=DIRECTION('',(-2.5056280708574180E-01,9.3511312653102474E-01,
   -2.5056280708573864E-01));
#8940=VECTOR('',#8930,1.0000000000000000E+00);
#8950=LINE('',#8920,#8940);
#8960=CARTESIAN_POINT('',(-3.4090488301517780E+01,2.4885010604947620E+01
   ,2.7000000000000002E+00));
#8970=VERTEX_POINT('',#8960);
#8980=EDGE_CURVE('',#8970,#8890,#8950,.T.);
#8990=ORIENTED_EDGE('',*,*,#8980,.T.);
#9000=CARTESIAN_POINT('',(-3.4090488301517787E+01,0.0000000000000000E+00
   ,2.7000000000000002E+00));
#9010=DIRECTION('',(0.0000000000000000E+00,1.0000000000000000E+00,
   0.0000000000000000E+00));
#9020=VECTOR('',#9010,1.0000000000000000E+00);
#9030=LINE('',#9000,#9020);
#9040=CARTESIAN_POINT('',(-3.4090488301517780E+01,2.1786376124790618E+01
   ,2.7000000000000002E+00));
#9050=VERTEX_POINT('',#9040);
#9060=EDGE_CURVE('',#9050,#8970,#9030,.T.);
#9070=ORIENTED_EDGE('',*,*,#9060,.T.);
#9080=CARTESIAN_POINT('',(0.0000000000000000E+00,5.5876864426308202E+01,
   3.6790488301517357E+01));
#9090=DIRECTION('',(5.7735026918962939E-01,5.7735026918962584E-01,
   5.7735026918962207E-01));
#9100=VECTOR('',#9090,1.0000000000000000E+00);
#9110=LINE('',#9080,#9100);
#9120=EDGE_CURVE('',#2830,#9050,#9110,.T.);
#9130=ORIENTED_EDGE('',*,*,#9120,.T.);
#9140=ORIENTED_EDGE('',*,*,#2840,.T.);
#9150=EDGE_LOOP('',(#9140,#9130,#9070,#8990,#8910,#8820));
#9160=FACE_OUTER_BOUND('',#9150,.T.);
#9170=ADVANCED_FACE('',(#9160),#8740,.F.);
#9180=COLOUR_RGB('',5.0196081399917603E-01,1.0000000000000000E+00,
   5.0196081399917603E-01);
#9190=FILL_AREA_STYLE_COLOUR('',#9180);
#9200=FILL_AREA_STYLE('',(#9190));
#9210=SURFACE_STYLE_FILL_AREA(#9200);
#9220=SURFACE_SIDE_STYLE('',(#9210));
#9230=SURFACE_STYLE_USAGE(.BOTH.,#9220);
#9240=PRESENTATION_STYLE_ASSIGNMENT((#9230));
#9250=CARTESIAN_POINT('',(-3.2074229385564998E+01,2.8601376124790601E+01
   ,6.6874108404720545E-01));
#9260=DIRECTION('',(0.0000000000000000E+00,1.0000000000000000E+00,
   0.0000000000000000E+00));
#9270=DIRECTION('',(7.0710678118654746E-01,0.0000000000000000E+00,
   -7.0710678118654757E-01));
#9280=AXIS2_PLACEMENT_3D('',#9250,#9260,#9270);
#9290=PLANE('',#9280);
#9300=CARTESIAN_POINT('',(-3.1355488301517802E+01,2.8601376124790601E+01
   ,0.0000000000000000E+00));
#9310=DIRECTION('',(0.0000000000000000E+00,-1.0000000000000000E+00,
   0.0000000000000000E+00));
#9320=DIRECTION('',(1.0000000000000000E+00,0.0000000000000000E+00,
   0.0000000000000000E+00));
#9330=AXIS2_PLACEMENT_3D('',#9300,#9310,#9320);
#9340=CIRCLE('',#9330,5.5000000000000004E-01);
#9350=CARTESIAN_POINT('',(-3.1350485798850627E+01,2.8601376124790601E+01
   ,5.4997724949952698E-01));
#9360=VERTEX_POINT('',#9350);
#9370=CARTESIAN_POINT('',(-3.1905488301517799E+01,2.8601376124790601E+01
   ,0.0000000000000000E+00));
#9380=VERTEX_POINT('',#9370);
#9390=EDGE_CURVE('',#9360,#9380,#9340,.T.);
#9400=ORIENTED_EDGE('',*,*,#9390,.F.);
#9410=CARTESIAN_POINT('',(-8.4502159542249785E+01,2.8601376124790601E+01
   ,0.0000000000000000E+00));
#9420=DIRECTION('',(1.0000000000000000E+00,-0.0000000000000000E+00,
   0.0000000000000000E+00));
#9430=VECTOR('',#9420,1.0000000000000000E+00);
#9440=LINE('',#9410,#9430);
#9450=CARTESIAN_POINT('',(-3.1900463048348357E+01,2.8601376124790601E+01
   ,0.0000000000000000E+00));
#9460=VERTEX_POINT('',#9450);
#9470=EDGE_CURVE('',#9380,#9460,#9440,.T.);
#9480=ORIENTED_EDGE('',*,*,#9470,.F.);
#9490=CARTESIAN_POINT('',(-8.4502159542249785E+01,2.8601376124790601E+01
   ,-5.2601696493901422E+01));
#9500=DIRECTION('',(-7.0710678118654757E-01,0.0000000000000000E+00,
   -7.0710678118654746E-01));
#9510=VECTOR('',#9500,1.0000000000000000E+00);
#9520=LINE('',#9490,#9510);
#9530=EDGE_CURVE('',#9360,#9460,#9520,.T.);
#9540=ORIENTED_EDGE('',*,*,#9530,.T.);
#9550=EDGE_LOOP('',(#9540,#9480,#9400));
#9560=FACE_OUTER_BOUND('',#9550,.T.);
#9570=ADVANCED_FACE('',(#9560),#9290,.T.);
#9580=COLOUR_RGB('',9.4901967048645020E-01,9.4901967048645020E-01,
   1.0000000000000000E+00);
#9590=FILL_AREA_STYLE_COLOUR('',#9580);
#9600=FILL_AREA_STYLE('',(#9590));
#9610=SURFACE_STYLE_FILL_AREA(#9600);
#9620=SURFACE_SIDE_STYLE('',(#9610));
#9630=SURFACE_STYLE_USAGE(.BOTH.,#9620);
#9640=PRESENTATION_STYLE_ASSIGNMENT((#9630));
#9650=CARTESIAN_POINT('',(-3.4997595082704343E+01,2.2071376124790600E+01
   ,9.4999999999999982E+00));
#9660=DIRECTION('',(0.0000000000000000E+00,-1.0000000000000000E+00,
   0.0000000000000000E+00));
#9670=DIRECTION('',(1.0000000000000000E+00,0.0000000000000000E+00,
   0.0000000000000000E+00));
#9680=AXIS2_PLACEMENT_3D('',#9650,#9660,#9670);
#9690=CYLINDRICAL_SURFACE('',#9680,5.0000000000000000E-01);
#9700=CARTESIAN_POINT('',(-3.4644041692111067E+01,2.2071376124790600E+01
   ,9.1464466094067269E+00));
#9710=DIRECTION('',(0.0000000000000000E+00,-1.0000000000000000E+00,
   0.0000000000000000E+00));
#9720=VECTOR('',#9710,1.0000000000000000E+00);
#9730=LINE('',#9700,#9720);
#9740=CARTESIAN_POINT('',(-3.4644041692111067E+01,2.5421376124790601E+01
   ,9.1464466094067269E+00));
#9750=VERTEX_POINT('',#9740);
#9760=CARTESIAN_POINT('',(-3.4644041692111067E+01,2.1232822734197338E+01
   ,9.1464466094067269E+00));
#9770=VERTEX_POINT('',#9760);
#9780=EDGE_CURVE('',#9750,#9770,#9730,.T.);
#9790=ORIENTED_EDGE('',*,*,#9780,.F.);
#9800=CARTESIAN_POINT('',(-3.4997595082704343E+01,2.0879269343604062E+01
   ,9.4999999999999982E+00));
#9810=DIRECTION('',(7.0710678118654535E-01,-7.0710678118654968E-01,
   0.0000000000000000E+00));
#9820=DIRECTION('',(-7.0710678118654968E-01,-7.0710678118654535E-01,
   0.0000000000000000E+00));
#9830=AXIS2_PLACEMENT_3D('',#9800,#9810,#9820);
#9840=ELLIPSE('',#9830,7.0710678118654535E-01,5.0000000000000000E-01);
#9850=CARTESIAN_POINT('',(-3.4955488301517804E+01,2.0921376124790608E+01
   ,9.0017761356798438E+00));
#9860=VERTEX_POINT('',#9850);
#9870=EDGE_CURVE('',#9860,#9770,#9840,.T.);
#9880=ORIENTED_EDGE('',*,*,#9870,.T.);
#9890=CARTESIAN_POINT('',(-3.4955488301517804E+01,2.2071376124790600E+01
   ,9.0017761356798438E+00));
#9900=DIRECTION('',(0.0000000000000000E+00,-1.0000000000000000E+00,
   0.0000000000000000E+00));
#9910=VECTOR('',#9900,1.0000000000000000E+00);
#9920=LINE('',#9890,#9910);
#9930=CARTESIAN_POINT('',(-3.4955488301517804E+01,2.5421376124790601E+01
   ,9.0017761356798438E+00));
#9940=VERTEX_POINT('',#9930);
#9950=EDGE_CURVE('',#9940,#9860,#9920,.T.);
#9960=ORIENTED_EDGE('',*,*,#9950,.T.);
#9970=CARTESIAN_POINT('',(-3.4997595082704343E+01,2.5421376124790601E+01
   ,9.4999999999999982E+00));
#9980=DIRECTION('',(0.0000000000000000E+00,-1.0000000000000000E+00,
   0.0000000000000000E+00));
#9990=DIRECTION('',(1.0000000000000000E+00,0.0000000000000000E+00,
   0.0000000000000000E+00));
#10000=AXIS2_PLACEMENT_3D('',#9970,#9980,#9990);
#10010=CIRCLE('',#10000,5.0000000000000000E-01);
#10020=EDGE_CURVE('',#9940,#9750,#10010,.T.);
#10030=ORIENTED_EDGE('',*,*,#10020,.F.);
#10040=EDGE_LOOP('',(#10030,#9960,#9880,#9790));
#10050=FACE_OUTER_BOUND('',#10040,.T.);
#10060=ADVANCED_FACE('',(#10050),#9690,.F.);
#10070=COLOUR_RGB('',5.0196081399917603E-01,1.0000000000000000E+00,
   5.0196081399917603E-01);
#10080=FILL_AREA_STYLE_COLOUR('',#10070);
#10090=FILL_AREA_STYLE('',(#10080));
#10100=SURFACE_STYLE_FILL_AREA(#10090);
#10110=SURFACE_SIDE_STYLE('',(#10100));
#10120=SURFACE_STYLE_USAGE(.BOTH.,#10110);
#10130=PRESENTATION_STYLE_ASSIGNMENT((#10120));
#10140=CARTESIAN_POINT('',(-3.1355488301517802E+01,
   2.0821376124790600E+01,0.0000000000000000E+00));
#10150=DIRECTION('',(0.0000000000000000E+00,-1.0000000000000000E+00,
   0.0000000000000000E+00));
#10160=DIRECTION('',(1.0000000000000000E+00,0.0000000000000000E+00,
   0.0000000000000000E+00));
#10170=AXIS2_PLACEMENT_3D('',#10140,#10150,#10160);
#10180=CYLINDRICAL_SURFACE('',#10170,5.5000000000000004E-01);
#10190=CARTESIAN_POINT('',(-3.1905488301517803E+01,
   2.0821376124790600E+01,6.7355573953104437E-17));
#10200=DIRECTION('',(0.0000000000000000E+00,-1.0000000000000000E+00,
   0.0000000000000000E+00));
#10210=VECTOR('',#10200,1.0000000000000000E+00);
#10220=LINE('',#10190,#10210);
#10230=CARTESIAN_POINT('',(-3.1905488301517803E+01,
   2.0821376124790600E+01,6.7355573953104437E-17));
#10240=VERTEX_POINT('',#10230);
#10250=CARTESIAN_POINT('',(-3.1905488301517803E+01,
   2.0321376124790600E+01,6.7355573953104437E-17));
#10260=VERTEX_POINT('',#10250);
#10270=EDGE_CURVE('',#10240,#10260,#10220,.T.);
#10280=ORIENTED_EDGE('',*,*,#10270,.F.);
#10290=CARTESIAN_POINT('',(-3.1355488301517802E+01,
   2.0321376124790600E+01,0.0000000000000000E+00));
#10300=DIRECTION('',(0.0000000000000000E+00,-1.0000000000000000E+00,
   0.0000000000000000E+00));
#10310=DIRECTION('',(1.0000000000000000E+00,0.0000000000000000E+00,
   0.0000000000000000E+00));
#10320=AXIS2_PLACEMENT_3D('',#10290,#10300,#10310);
#10330=CIRCLE('',#10320,5.5000000000000004E-01);
#10340=CARTESIAN_POINT('',(-3.0805488301517801E+01,
   2.0321376124790600E+01,0.0000000000000000E+00));
#10350=VERTEX_POINT('',#10340);
#10360=EDGE_CURVE('',#10260,#10350,#10330,.T.);
#10370=ORIENTED_EDGE('',*,*,#10360,.F.);
#10380=CARTESIAN_POINT('',(-3.0805488301517801E+01,
   2.0821376124790600E+01,0.0000000000000000E+00));
#10390=DIRECTION('',(0.0000000000000000E+00,-1.0000000000000000E+00,
   0.0000000000000000E+00));
#10400=VECTOR('',#10390,1.0000000000000000E+00);
#10410=LINE('',#10380,#10400);
#10420=CARTESIAN_POINT('',(-3.0805488301517801E+01,
   2.0821376124790600E+01,0.0000000000000000E+00));
#10430=VERTEX_POINT('',#10420);
#10440=EDGE_CURVE('',#10430,#10350,#10410,.T.);
#10450=ORIENTED_EDGE('',*,*,#10440,.T.);
#10460=CARTESIAN_POINT('',(-3.1355488301517802E+01,
   2.0821376124790600E+01,0.0000000000000000E+00));
#10470=DIRECTION('',(0.0000000000000000E+00,-1.0000000000000000E+00,
   0.0000000000000000E+00));
#10480=DIRECTION('',(1.0000000000000000E+00,0.0000000000000000E+00,
   0.0000000000000000E+00));
#10490=AXIS2_PLACEMENT_3D('',#10460,#10470,#10480);
#10500=CIRCLE('',#10490,5.5000000000000004E-01);
#10510=EDGE_CURVE('',#10240,#10430,#10500,.T.);
#10520=ORIENTED_EDGE('',*,*,#10510,.T.);
#10530=EDGE_LOOP('',(#10520,#10450,#10370,#10280));
#10540=FACE_OUTER_BOUND('',#10530,.T.);
#10550=ADVANCED_FACE('',(#10540),#10180,.T.);
#10560=COLOUR_RGB('',9.4901961088180542E-01,9.4901961088180542E-01,
   1.0000000000000000E+00);
#10570=FILL_AREA_STYLE_COLOUR('',#10560);
#10580=FILL_AREA_STYLE('',(#10570));
#10590=SURFACE_STYLE_FILL_AREA(#10580);
#10600=SURFACE_SIDE_STYLE('',(#10590));
#10610=SURFACE_STYLE_USAGE(.BOTH.,#10600);
#10620=PRESENTATION_STYLE_ASSIGNMENT((#10610));
#10630=CARTESIAN_POINT('',(-2.9886031253416185E+01,
   2.0321376124790600E+01,2.2269224911855865E+00));
#10640=DIRECTION('',(0.0000000000000000E+00,-1.0000000000000000E+00,
   0.0000000000000000E+00));
#10650=DIRECTION('',(1.0000000000000000E+00,0.0000000000000000E+00,
   0.0000000000000000E+00));
#10660=AXIS2_PLACEMENT_3D('',#10630,#10640,#10650);
#10670=PLANE('',#10660);
#10680=CARTESIAN_POINT('',(-8.4502159542249785E+01,
   2.0321376124790600E+01,0.0000000000000000E+00));
#10690=DIRECTION('',(-1.0000000000000000E+00,-0.0000000000000000E+00,
   0.0000000000000000E+00));
#10700=VECTOR('',#10690,1.0000000000000000E+00);
#10710=LINE('',#10680,#10700);
#10720=CARTESIAN_POINT('',(-3.1605488301517802E+01,
   2.0321376124790600E+01,0.0000000000000000E+00));
#10730=VERTEX_POINT('',#10720);
#10740=EDGE_CURVE('',#10730,#10260,#10710,.T.);
#10750=ORIENTED_EDGE('',*,*,#10740,.T.);
#10760=CARTESIAN_POINT('',(-3.1605488301517802E+01,
   2.0321376124790600E+01,5.0000000000000000E+00));
#10770=DIRECTION('',(0.0000000000000000E+00,0.0000000000000000E+00,
   -1.0000000000000000E+00));
#10780=VECTOR('',#10770,1.0000000000000000E+00);
#10790=LINE('',#10760,#10780);
#10800=CARTESIAN_POINT('',(-3.1605488301517802E+01,
   2.0321376124790600E+01,-4.5000000000000018E-01));
#10810=VERTEX_POINT('',#10800);
#10820=EDGE_CURVE('',#10730,#10810,#10790,.T.);
#10830=ORIENTED_EDGE('',*,*,#10820,.F.);
#10840=CARTESIAN_POINT('',(-8.4502159542249785E+01,
   2.0321376124790600E+01,-4.5000000000000018E-01));
#10850=DIRECTION('',(1.0000000000000000E+00,0.0000000000000000E+00,
   0.0000000000000000E+00));
#10860=VECTOR('',#10850,1.0000000000000000E+00);
#10870=LINE('',#10840,#10860);
#10880=CARTESIAN_POINT('',(-3.1105488301517802E+01,
   2.0321376124790600E+01,-4.5000000000000018E-01));
#10890=VERTEX_POINT('',#10880);
#10900=EDGE_CURVE('',#10810,#10890,#10870,.T.);
#10910=ORIENTED_EDGE('',*,*,#10900,.F.);
#10920=CARTESIAN_POINT('',(-3.1105488301517802E+01,
   2.0321376124790600E+01,5.0000000000000000E+00));
#10930=DIRECTION('',(0.0000000000000000E+00,0.0000000000000000E+00,
   -1.0000000000000000E+00));
#10940=VECTOR('',#10930,1.0000000000000000E+00);
#10950=LINE('',#10920,#10940);
#10960=CARTESIAN_POINT('',(-3.1105488301517802E+01,
   2.0321376124790600E+01,0.0000000000000000E+00));
#10970=VERTEX_POINT('',#10960);
#10980=EDGE_CURVE('',#10970,#10890,#10950,.T.);
#10990=ORIENTED_EDGE('',*,*,#10980,.T.);
#11000=EDGE_CURVE('',#10350,#10970,#10710,.T.);
#11010=ORIENTED_EDGE('',*,*,#11000,.T.);
#11020=ORIENTED_EDGE('',*,*,#10360,.T.);
#11030=EDGE_LOOP('',(#11020,#11010,#10990,#10910,#10830,#10750));
#11040=FACE_OUTER_BOUND('',#11030,.T.);
#11050=ADVANCED_FACE('',(#11040),#10670,.T.);
#11060=COLOUR_RGB('',9.4901961088180542E-01,9.4901961088180542E-01,
   1.0000000000000000E+00);
#11070=FILL_AREA_STYLE_COLOUR('',#11060);
#11080=FILL_AREA_STYLE('',(#11070));
#11090=SURFACE_STYLE_FILL_AREA(#11080);
#11100=SURFACE_SIDE_STYLE('',(#11090));
#11110=SURFACE_STYLE_USAGE(.BOTH.,#11100);
#11120=PRESENTATION_STYLE_ASSIGNMENT((#11110));
#11130=CARTESIAN_POINT('',(-3.4997595082704343E+01,
   2.2071376124790600E+01,9.9999999999999822E-01));
#11140=DIRECTION('',(0.0000000000000000E+00,-1.0000000000000000E+00,
   0.0000000000000000E+00));
#11150=DIRECTION('',(1.0000000000000000E+00,0.0000000000000000E+00,
   0.0000000000000000E+00));
#11160=AXIS2_PLACEMENT_3D('',#11130,#11140,#11150);
#11170=CYLINDRICAL_SURFACE('',#11160,5.0000000000000400E-01);
#11180=CARTESIAN_POINT('',(-3.4997595082704343E+01,
   2.5421376124790601E+01,9.9999999999999822E-01));
#11190=DIRECTION('',(0.0000000000000000E+00,-1.0000000000000000E+00,
   0.0000000000000000E+00));
#11200=DIRECTION('',(1.0000000000000000E+00,0.0000000000000000E+00,
   0.0000000000000000E+00));
#11210=AXIS2_PLACEMENT_3D('',#11180,#11190,#11200);
#11220=CIRCLE('',#11210,5.0000000000000400E-01);
#11230=CARTESIAN_POINT('',(-3.4644041692111067E+01,
   2.5421376124790601E+01,1.3535533905932748E+00));
#11240=VERTEX_POINT('',#11230);
#11250=CARTESIAN_POINT('',(-3.4955488301517804E+01,
   2.5421376124790601E+01,1.4982238643201584E+00));
#11260=VERTEX_POINT('',#11250);
#11270=EDGE_CURVE('',#11240,#11260,#11220,.T.);
#11280=ORIENTED_EDGE('',*,*,#11270,.F.);
#11290=CARTESIAN_POINT('',(-3.4955488301517804E+01,
   2.2071376124790600E+01,1.4982238643201584E+00));
#11300=DIRECTION('',(0.0000000000000000E+00,-1.0000000000000000E+00,
   0.0000000000000000E+00));
#11310=VECTOR('',#11300,1.0000000000000000E+00);
#11320=LINE('',#11290,#11310);
#11330=EDGE_CURVE('',#11260,#6860,#11320,.T.);
#11340=ORIENTED_EDGE('',*,*,#11330,.F.);
#11350=ORIENTED_EDGE('',*,*,#6870,.T.);
#11360=CARTESIAN_POINT('',(-3.4644041692111067E+01,
   0.0000000000000000E+00,1.3535533905932704E+00));
#11370=DIRECTION('',(0.0000000000000000E+00,-1.0000000000000000E+00,
   0.0000000000000000E+00));
#11380=VECTOR('',#11370,1.0000000000000000E+00);
#11390=LINE('',#11360,#11380);
#11400=EDGE_CURVE('',#11240,#6770,#11390,.T.);
#11410=ORIENTED_EDGE('',*,*,#11400,.T.);
#11420=EDGE_LOOP('',(#11410,#11350,#11340,#11280));
#11430=FACE_OUTER_BOUND('',#11420,.T.);
#11440=ADVANCED_FACE('',(#11430),#11170,.F.);
#11450=COLOUR_RGB('',5.0196081399917603E-01,1.0000000000000000E+00,
   5.0196081399917603E-01);
#11460=FILL_AREA_STYLE_COLOUR('',#11450);
#11470=FILL_AREA_STYLE('',(#11460));
#11480=SURFACE_STYLE_FILL_AREA(#11470);
#11490=SURFACE_SIDE_STYLE('',(#11480));
#11500=SURFACE_STYLE_USAGE(.BOTH.,#11490);
#11510=PRESENTATION_STYLE_ASSIGNMENT((#11500));
#11520=CARTESIAN_POINT('',(0.0000000000000000E+00,0.0000000000000000E+00
   ,7.9999999999999982E-01));
#11530=DIRECTION('',(0.0000000000000000E+00,0.0000000000000000E+00,
   1.0000000000000000E+00));
#11540=DIRECTION('',(1.0000000000000000E+00,0.0000000000000000E+00,
   0.0000000000000000E+00));
#11550=AXIS2_PLACEMENT_3D('',#11520,#11530,#11540);
#11560=PLANE('',#11550);
#11570=ORIENTED_EDGE('',*,*,#6700,.F.);
#11580=CARTESIAN_POINT('',(-3.3805488301517798E+01,
   2.2071376124790600E+01,7.9999999999999982E-01));
#11590=DIRECTION('',(1.0000000000000000E+00,0.0000000000000000E+00,
   0.0000000000000000E+00));
#11600=VECTOR('',#11590,1.0000000000000000E+00);
#11610=LINE('',#11580,#11600);
#11620=CARTESIAN_POINT('',(-3.3520488301517801E+01,
   2.2071376124790600E+01,7.9999999999999982E-01));
#11630=VERTEX_POINT('',#11620);
#11640=EDGE_CURVE('',#6690,#11630,#11610,.T.);
#11650=ORIENTED_EDGE('',*,*,#11640,.F.);
#11660=CARTESIAN_POINT('',(-3.3520488301517801E+01,
   2.3821376124790600E+01,7.9999999999999982E-01));
#11670=DIRECTION('',(0.0000000000000000E+00,-1.0000000000000000E+00,
   0.0000000000000000E+00));
#11680=VECTOR('',#11670,1.0000000000000000E+00);
#11690=LINE('',#11660,#11680);
#11700=EDGE_CURVE('',#8490,#11630,#11690,.T.);
#11710=ORIENTED_EDGE('',*,*,#11700,.T.);
#11720=ORIENTED_EDGE('',*,*,#8500,.T.);
#11730=ORIENTED_EDGE('',*,*,#4390,.F.);
#11740=CARTESIAN_POINT('',(-3.4090488301517780E+01,
   0.0000000000000000E+00,7.9999999999999982E-01));
#11750=DIRECTION('',(0.0000000000000000E+00,1.0000000000000000E+00,
   0.0000000000000000E+00));
#11760=VECTOR('',#11750,1.0000000000000000E+00);
#11770=LINE('',#11740,#11760);
#11780=EDGE_CURVE('',#6670,#4300,#11770,.T.);
#11790=ORIENTED_EDGE('',*,*,#11780,.T.);
#11800=EDGE_LOOP('',(#11790,#11730,#11720,#11710,#11650,#11570));
#11810=FACE_OUTER_BOUND('',#11800,.T.);
#11820=ADVANCED_FACE('',(#11810),#11560,.F.);
#11830=COLOUR_RGB('',5.0196081399917603E-01,1.0000000000000000E+00,
   5.0196081399917603E-01);
#11840=FILL_AREA_STYLE_COLOUR('',#11830);
#11850=FILL_AREA_STYLE('',(#11840));
#11860=SURFACE_STYLE_FILL_AREA(#11850);
#11870=SURFACE_SIDE_STYLE('',(#11860));
#11880=SURFACE_STYLE_USAGE(.BOTH.,#11870);
#11890=PRESENTATION_STYLE_ASSIGNMENT((#11880));
#11900=CARTESIAN_POINT('',(-3.1105488301517802E+01,
   2.0321376124790600E+01,-4.5000000000000018E-01));
#11910=DIRECTION('',(0.0000000000000000E+00,0.0000000000000000E+00,
   -1.0000000000000000E+00));
#11920=DIRECTION('',(-1.0000000000000000E+00,0.0000000000000000E+00,
   0.0000000000000000E+00));
#11930=AXIS2_PLACEMENT_3D('',#11900,#11910,#11920);
#11940=PLANE('',#11930);
#11950=CARTESIAN_POINT('',(-3.1605488301517802E+01,
   -2.2653715864353234E+01,-4.5000000000000018E-01));
#11960=DIRECTION('',(0.0000000000000000E+00,-1.0000000000000000E+00,
   0.0000000000000000E+00));
#11970=VECTOR('',#11960,1.0000000000000000E+00);
#11980=LINE('',#11950,#11970);
#11990=CARTESIAN_POINT('',(-3.1605488301517802E+01,
   1.8321376124790600E+01,-4.5000000000000018E-01));
#12000=VERTEX_POINT('',#11990);
#12010=EDGE_CURVE('',#10810,#12000,#11980,.T.);
#12020=ORIENTED_EDGE('',*,*,#12010,.F.);
#12030=CARTESIAN_POINT('',(-8.4502159542249785E+01,
   1.8321376124790600E+01,-4.5000000000000018E-01));
#12040=DIRECTION('',(1.0000000000000000E+00,0.0000000000000000E+00,
   0.0000000000000000E+00));
#12050=VECTOR('',#12040,1.0000000000000000E+00);
#12060=LINE('',#12030,#12050);
#12070=CARTESIAN_POINT('',(-3.1105488301517802E+01,
   1.8321376124790600E+01,-4.5000000000000018E-01));
#12080=VERTEX_POINT('',#12070);
#12090=EDGE_CURVE('',#12000,#12080,#12060,.T.);
#12100=ORIENTED_EDGE('',*,*,#12090,.F.);
#12110=CARTESIAN_POINT('',(-3.1105488301517802E+01,
   -2.2653715864353234E+01,-4.5000000000000018E-01));
#12120=DIRECTION('',(0.0000000000000000E+00,1.0000000000000000E+00,
   0.0000000000000000E+00));
#12130=VECTOR('',#12120,1.0000000000000000E+00);
#12140=LINE('',#12110,#12130);
#12150=EDGE_CURVE('',#12080,#10890,#12140,.T.);
#12160=ORIENTED_EDGE('',*,*,#12150,.F.);
#12170=ORIENTED_EDGE('',*,*,#10900,.T.);
#12180=EDGE_LOOP('',(#12170,#12160,#12100,#12020));
#12190=FACE_OUTER_BOUND('',#12180,.T.);
#12200=ADVANCED_FACE('',(#12190),#11940,.T.);
#12210=COLOUR_RGB('',9.4901961088180542E-01,9.4901961088180542E-01,
   1.0000000000000000E+00);
#12220=FILL_AREA_STYLE_COLOUR('',#12210);
#12230=FILL_AREA_STYLE('',(#12220));
#12240=SURFACE_STYLE_FILL_AREA(#12230);
#12250=SURFACE_SIDE_STYLE('',(#12240));
#12260=SURFACE_STYLE_USAGE(.BOTH.,#12250);
#12270=PRESENTATION_STYLE_ASSIGNMENT((#12260));
#12280=ORIENTED_EDGE('',*,*,#6390,.F.);
#12290=ORIENTED_EDGE('',*,*,#2100,.T.);
#12300=CARTESIAN_POINT('',(-3.0910513554687164E+01,
   2.8601376124790601E+01,3.4999999999999929E+00));
#12310=VERTEX_POINT('',#12300);
#12320=EDGE_CURVE('',#2030,#12310,#2010,.T.);
#12330=ORIENTED_EDGE('',*,*,#12320,.F.);
#12340=CARTESIAN_POINT('',(-3.0910513554687164E+01,
   -2.2653715864353234E+01,3.5000000000000000E+00));
#12350=DIRECTION('',(-0.0000000000000000E+00,-1.0000000000000000E+00,
   0.0000000000000000E+00));
#12360=VECTOR('',#12350,1.0000000000000000E+00);
#12370=LINE('',#12340,#12360);
#12380=EDGE_CURVE('',#12310,#6380,#12370,.T.);
#12390=ORIENTED_EDGE('',*,*,#12380,.F.);
#12400=EDGE_LOOP('',(#12390,#12330,#12290,#12280));
#12410=FACE_OUTER_BOUND('',#12400,.T.);
#12420=ADVANCED_FACE('',(#12410),#1790,.T.);
#12430=COLOUR_RGB('',9.4901967048645020E-01,9.4901967048645020E-01,
   1.0000000000000000E+00);
#12440=FILL_AREA_STYLE_COLOUR('',#12430);
#12450=FILL_AREA_STYLE('',(#12440));
#12460=SURFACE_STYLE_FILL_AREA(#12450);
#12470=SURFACE_SIDE_STYLE('',(#12460));
#12480=SURFACE_STYLE_USAGE(.BOTH.,#12470);
#12490=PRESENTATION_STYLE_ASSIGNMENT((#12480));
#12500=CARTESIAN_POINT('',(-3.1652975674933074E+01,
   2.8601376124790594E+01,2.4748737341528226E-01));
#12510=DIRECTION('',(7.0710678118654746E-01,0.0000000000000000E+00,
   -7.0710678118654757E-01));
#12520=DIRECTION('',(0.0000000000000000E+00,-1.0000000000000000E+00,
   0.0000000000000000E+00));
#12530=AXIS2_PLACEMENT_3D('',#12500,#12510,#12520);
#12540=PLANE('',#12530);
#12550=ORIENTED_EDGE('',*,*,#1560,.F.);
#12560=CARTESIAN_POINT('',(-3.0694461199299035E+01,
   2.7145319094080318E+01,1.2060018490493265E+00));
#12570=DIRECTION('',(0.0000000000000000E+00,1.0000000000000000E+00,
   0.0000000000000000E+00));
#12580=VECTOR('',#12570,1.0000000000000000E+00);
#12590=LINE('',#12560,#12580);
#12600=CARTESIAN_POINT('',(-3.0694461199299035E+01,
   2.8601376124790601E+01,1.2060018490493265E+00));
#12610=VERTEX_POINT('',#12600);
#12620=EDGE_CURVE('',#1470,#12610,#12590,.T.);
#12630=ORIENTED_EDGE('',*,*,#12620,.F.);
#12640=EDGE_CURVE('',#12610,#9360,#9520,.T.);
#12650=ORIENTED_EDGE('',*,*,#12640,.F.);
#12660=CARTESIAN_POINT('',(-3.1350485798848844E+01,
   3.9321376124790604E+01,5.4997724949951099E-01));
#12670=DIRECTION('',(0.0000000000000000E+00,-1.0000000000000000E+00,
   0.0000000000000000E+00));
#12680=VECTOR('',#12670,1.0000000000000000E+00);
#12690=LINE('',#12660,#12680);
#12700=EDGE_CURVE('',#9360,#1550,#12690,.T.);
#12710=ORIENTED_EDGE('',*,*,#12700,.F.);
#12720=EDGE_LOOP('',(#12710,#12650,#12630,#12550));
#12730=FACE_OUTER_BOUND('',#12720,.T.);
#12740=ADVANCED_FACE('',(#12730),#12540,.T.);
#12750=COLOUR_RGB('',9.4901967048645020E-01,9.4901967048645020E-01,
   1.0000000000000000E+00);
#12760=FILL_AREA_STYLE_COLOUR('',#12750);
#12770=FILL_AREA_STYLE('',(#12760));
#12780=SURFACE_STYLE_FILL_AREA(#12770);
#12790=SURFACE_SIDE_STYLE('',(#12780));
#12800=SURFACE_STYLE_USAGE(.BOTH.,#12790);
#12810=PRESENTATION_STYLE_ASSIGNMENT((#12800));
#12820=CARTESIAN_POINT('',(-3.4090488301517780E+01,
   2.1786376124790618E+01,2.7000000000000020E+00));
#12830=DIRECTION('',(7.0710678118654535E-01,-7.0710678118654968E-01,
   0.0000000000000000E+00));
#12840=DIRECTION('',(-7.0710678118654968E-01,-7.0710678118654535E-01,
   0.0000000000000000E+00));
#12850=AXIS2_PLACEMENT_3D('',#12820,#12830,#12840);
#12860=PLANE('',#12850);
#12870=CARTESIAN_POINT('',(-3.4997595082704343E+01,
   2.0879269343604062E+01,4.5000000000000009E+00));
#12880=DIRECTION('',(7.0710678118654535E-01,-7.0710678118654968E-01,
   0.0000000000000000E+00));
#12890=DIRECTION('',(-7.0710678118654968E-01,-7.0710678118654535E-01,
   0.0000000000000000E+00));
#12900=AXIS2_PLACEMENT_3D('',#12870,#12880,#12890);
#12910=ELLIPSE('',#12900,7.0710678118655101E-01,5.0000000000000400E-01);
#12920=CARTESIAN_POINT('',(-3.4644041692111067E+01,
   2.1232822734197338E+01,4.8535533905932766E+00));
#12930=VERTEX_POINT('',#12920);
#12940=CARTESIAN_POINT('',(-3.4955488301517804E+01,
   2.0921376124790594E+01,4.9982238643201597E+00));
#12950=VERTEX_POINT('',#12940);
#12960=EDGE_CURVE('',#12930,#12950,#12910,.T.);
#12970=ORIENTED_EDGE('',*,*,#12960,.F.);
#12980=CARTESIAN_POINT('',(-3.4955488301517804E+01,
   2.0921376124790608E+01,0.0000000000000000E+00));
#12990=DIRECTION('',(0.0000000000000000E+00,0.0000000000000000E+00,
   1.0000000000000000E+00));
#13000=VECTOR('',#12990,1.0000000000000000E+00);
#13010=LINE('',#12980,#13000);
#13020=EDGE_CURVE('',#2920,#12950,#13010,.T.);
#13030=ORIENTED_EDGE('',*,*,#13020,.T.);
#13040=ORIENTED_EDGE('',*,*,#2930,.F.);
#13050=ORIENTED_EDGE('',*,*,#9120,.F.);
#13060=CARTESIAN_POINT('',(0.0000000000000000E+00,5.5876864426308202E+01
   ,2.7000000000000002E+00));
#13070=DIRECTION('',(7.0710678118654968E-01,7.0710678118654535E-01,
   0.0000000000000000E+00));
#13080=VECTOR('',#13070,1.0000000000000000E+00);
#13090=LINE('',#13060,#13080);
#13100=CARTESIAN_POINT('',(-3.3805488301517798E+01,
   2.2071376124790600E+01,2.7000000000000002E+00));
#13110=VERTEX_POINT('',#13100);
#13120=EDGE_CURVE('',#9050,#13110,#13090,.T.);
#13130=ORIENTED_EDGE('',*,*,#13120,.F.);
#13140=CARTESIAN_POINT('',(-3.3805488301517805E+01,
   2.2071376124790600E+01,0.0000000000000000E+00));
#13150=DIRECTION('',(0.0000000000000000E+00,0.0000000000000000E+00,
   1.0000000000000000E+00));
#13160=VECTOR('',#13150,1.0000000000000000E+00);
#13170=LINE('',#13140,#13160);
#13180=CARTESIAN_POINT('',(-3.3805488301517805E+01,
   2.2071376124790600E+01,4.2999999999999972E+00));
#13190=VERTEX_POINT('',#13180);
#13200=EDGE_CURVE('',#13110,#13190,#13170,.T.);
#13210=ORIENTED_EDGE('',*,*,#13200,.F.);
#13220=CARTESIAN_POINT('',(0.0000000000000000E+00,5.5876864426308202E+01
   ,4.3000000000000016E+00));
#13230=DIRECTION('',(7.0710678118654968E-01,7.0710678118654535E-01,
   0.0000000000000000E+00));
#13240=VECTOR('',#13230,1.0000000000000000E+00);
#13250=LINE('',#13220,#13240);
#13260=CARTESIAN_POINT('',(-3.4090488301517780E+01,
   2.1786376124790618E+01,4.3000000000000016E+00));
#13270=VERTEX_POINT('',#13260);
#13280=EDGE_CURVE('',#13270,#13190,#13250,.T.);
#13290=ORIENTED_EDGE('',*,*,#13280,.T.);
#13300=CARTESIAN_POINT('',(-3.3290488301517804E+01,
   2.2586376124790586E+01,3.5000000000000018E+00));
#13310=DIRECTION('',(-5.7735026918962440E-01,-5.7735026918962096E-01,
   5.7735026918963195E-01));
#13320=VECTOR('',#13310,1.0000000000000000E+00);
#13330=LINE('',#13300,#13320);
#13340=EDGE_CURVE('',#13270,#12930,#13330,.T.);
#13350=ORIENTED_EDGE('',*,*,#13340,.F.);
#13360=EDGE_LOOP('',(#13350,#13290,#13210,#13130,#13050,#13040,#13030,
   #12970));
#13370=FACE_OUTER_BOUND('',#13360,.T.);
#13380=ADVANCED_FACE('',(#13370),#12860,.F.);
#13390=COLOUR_RGB('',5.0196081399917603E-01,1.0000000000000000E+00,
   5.0196081399917603E-01);
#13400=FILL_AREA_STYLE_COLOUR('',#13390);
#13410=FILL_AREA_STYLE('',(#13400));
#13420=SURFACE_STYLE_FILL_AREA(#13410);
#13430=SURFACE_SIDE_STYLE('',(#13420));
#13440=SURFACE_STYLE_USAGE(.BOTH.,#13430);
#13450=PRESENTATION_STYLE_ASSIGNMENT((#13440));
#13460=CARTESIAN_POINT('',(-3.1355488301517802E+01,
   1.7821376124790600E+01,-3.1602540378443855E-01));
#13470=DIRECTION('',(0.0000000000000000E+00,-2.5881904510252085E-01,
   -9.6592582628906820E-01));
#13480=DIRECTION('',(0.0000000000000000E+00,9.6592582628906842E-01,
   -2.5881904510252091E-01));
#13490=AXIS2_PLACEMENT_3D('',#13460,#13470,#13480);
#13500=PLANE('',#13490);
#13510=CARTESIAN_POINT('',(-3.1105488301517802E+01,
   -2.2653715864353234E+01,1.0529242808282060E+01));
#13520=DIRECTION('',(0.0000000000000000E+00,9.6592582628906831E-01,
   -2.5881904510252091E-01));
#13530=VECTOR('',#13520,1.0000000000000000E+00);
#13540=LINE('',#13510,#13530);
#13550=CARTESIAN_POINT('',(-3.1105488301517802E+01,
   1.7321376124790600E+01,-1.8205080756887781E-01));
#13560=VERTEX_POINT('',#13550);
#13570=EDGE_CURVE('',#13560,#12080,#13540,.T.);
#13580=ORIENTED_EDGE('',*,*,#13570,.F.);
#13590=ORIENTED_EDGE('',*,*,#12090,.T.);
#13600=CARTESIAN_POINT('',(-3.1605488301517795E+01,
   -2.2653715864353234E+01,1.0529242808282060E+01));
#13610=DIRECTION('',(0.0000000000000000E+00,9.6592582628906831E-01,
   -2.5881904510252091E-01));
#13620=VECTOR('',#13610,1.0000000000000000E+00);
#13630=LINE('',#13600,#13620);
#13640=CARTESIAN_POINT('',(-3.1605488301517802E+01,
   1.7321376124790600E+01,-1.8205080756887781E-01));
#13650=VERTEX_POINT('',#13640);
#13660=EDGE_CURVE('',#13650,#12000,#13630,.T.);
#13670=ORIENTED_EDGE('',*,*,#13660,.T.);
#13680=CARTESIAN_POINT('',(-8.4502159542249785E+01,
   1.7321376124790600E+01,-1.8205080756887781E-01));
#13690=DIRECTION('',(-1.0000000000000000E+00,0.0000000000000000E+00,
   0.0000000000000000E+00));
#13700=VECTOR('',#13690,1.0000000000000000E+00);
#13710=LINE('',#13680,#13700);
#13720=EDGE_CURVE('',#13560,#13650,#13710,.T.);
#13730=ORIENTED_EDGE('',*,*,#13720,.T.);
#13740=EDGE_LOOP('',(#13730,#13670,#13590,#13580));
#13750=FACE_OUTER_BOUND('',#13740,.T.);
#13760=ADVANCED_FACE('',(#13750),#13500,.T.);
#13770=COLOUR_RGB('',9.4901961088180542E-01,9.4901961088180542E-01,
   1.0000000000000000E+00);
#13780=FILL_AREA_STYLE_COLOUR('',#13770);
#13790=FILL_AREA_STYLE('',(#13780));
#13800=SURFACE_STYLE_FILL_AREA(#13790);
#13810=SURFACE_SIDE_STYLE('',(#13800));
#13820=SURFACE_STYLE_USAGE(.BOTH.,#13810);
#13830=PRESENTATION_STYLE_ASSIGNMENT((#13820));
#13840=CARTESIAN_POINT('',(-3.4090488301517794E+01,
   2.2071376124790600E+01,7.9999999999999538E-01));
#13850=DIRECTION('',(7.0710678118655212E-01,-0.0000000000000000E+00,
   7.0710678118654302E-01));
#13860=DIRECTION('',(7.0710678118654302E-01,0.0000000000000000E+00,
   -7.0710678118655212E-01));
#13870=AXIS2_PLACEMENT_3D('',#13840,#13850,#13860);
#13880=PLANE('',#13870);
#13890=ORIENTED_EDGE('',*,*,#4310,.T.);
#13900=CARTESIAN_POINT('',(-3.4617870503397079E+01,
   2.4921376124790601E+01,1.3273822018792867E+00));
#13910=DIRECTION('',(7.0710678118655212E-01,0.0000000000000000E+00,
   7.0710678118654302E-01));
#13920=DIRECTION('',(7.0710678118654302E-01,0.0000000000000000E+00,
   -7.0710678118655212E-01));
#13930=AXIS2_PLACEMENT_3D('',#13900,#13910,#13920);
#13940=ELLIPSE('',#13930,7.0710678118653658E-01,4.9999999999998901E-01);
#13950=CARTESIAN_POINT('',(-3.4617870503397079E+01,
   2.5421376124790594E+01,1.3273822018792867E+00));
#13960=VERTEX_POINT('',#13950);
#13970=EDGE_CURVE('',#4280,#13960,#13940,.T.);
#13980=ORIENTED_EDGE('',*,*,#13970,.F.);
#13990=CARTESIAN_POINT('',(-3.3290488301517811E+01,
   2.5421376124790601E+01,0.0000000000000000E+00));
#14000=DIRECTION('',(7.0710678118654302E-01,0.0000000000000000E+00,
   -7.0710678118655212E-01));
#14010=VECTOR('',#14000,1.0000000000000000E+00);
#14020=LINE('',#13990,#14010);
#14030=EDGE_CURVE('',#11240,#13960,#14020,.T.);
#14040=ORIENTED_EDGE('',*,*,#14030,.T.);
#14050=ORIENTED_EDGE('',*,*,#11400,.F.);
#14060=ORIENTED_EDGE('',*,*,#6780,.T.);
#14070=ORIENTED_EDGE('',*,*,#11780,.F.);
#14080=EDGE_LOOP('',(#14070,#14060,#14050,#14040,#13980,#13890));
#14090=FACE_OUTER_BOUND('',#14080,.T.);
#14100=ADVANCED_FACE('',(#14090),#13880,.F.);
#14110=COLOUR_RGB('',5.0196081399917603E-01,1.0000000000000000E+00,
   5.0196081399917603E-01);
#14120=FILL_AREA_STYLE_COLOUR('',#14110);
#14130=FILL_AREA_STYLE('',(#14120));
#14140=SURFACE_STYLE_FILL_AREA(#14130);
#14150=SURFACE_SIDE_STYLE('',(#14140));
#14160=SURFACE_STYLE_USAGE(.BOTH.,#14150);
#14170=PRESENTATION_STYLE_ASSIGNMENT((#14160));
#14180=CARTESIAN_POINT('',(-3.1158000928102481E+01,
   2.8001376124790593E+01,-2.4748737341531779E-01));
#14190=DIRECTION('',(0.0000000000000000E+00,1.0000000000000000E+00,
   0.0000000000000000E+00));
#14200=DIRECTION('',(7.0710678118654746E-01,0.0000000000000000E+00,
   -7.0710678118654757E-01));
#14210=AXIS2_PLACEMENT_3D('',#14180,#14190,#14200);
#14220=PLANE('',#14210);
#14230=CARTESIAN_POINT('',(-3.1900463048348357E+01,
   2.8001376124790593E+01,0.0000000000000000E+00));
#14240=VERTEX_POINT('',#14230);
#14250=EDGE_CURVE('',#130,#14240,#90,.T.);
#14260=ORIENTED_EDGE('',*,*,#14250,.T.);
#14270=CARTESIAN_POINT('',(-3.1355488301517802E+01,
   2.8001376124790593E+01,0.0000000000000000E+00));
#14280=DIRECTION('',(0.0000000000000000E+00,-1.0000000000000000E+00,
   0.0000000000000000E+00));
#14290=DIRECTION('',(1.0000000000000000E+00,0.0000000000000000E+00,
   0.0000000000000000E+00));
#14300=AXIS2_PLACEMENT_3D('',#14270,#14280,#14290);
#14310=CIRCLE('',#14300,5.5000000000000004E-01);
#14320=EDGE_CURVE('',#130,#680,#14310,.T.);
#14330=ORIENTED_EDGE('',*,*,#14320,.F.);
#14340=ORIENTED_EDGE('',*,*,#690,.T.);
#14350=CARTESIAN_POINT('',(-8.4502159542249785E+01,
   2.8001376124790593E+01,0.0000000000000000E+00));
#14360=DIRECTION('',(1.0000000000000000E+00,-0.0000000000000000E+00,
   0.0000000000000000E+00));
#14370=VECTOR('',#14360,1.0000000000000000E+00);
#14380=LINE('',#14350,#14370);
#14390=EDGE_CURVE('',#14240,#580,#14380,.T.);
#14400=ORIENTED_EDGE('',*,*,#14390,.T.);
#14410=EDGE_LOOP('',(#14400,#14340,#14330,#14260));
#14420=FACE_OUTER_BOUND('',#14410,.T.);
#14430=ADVANCED_FACE('',(#14420),#14220,.T.);
#14440=COLOUR_RGB('',9.4901967048645020E-01,9.4901967048645020E-01,
   1.0000000000000000E+00);
#14450=FILL_AREA_STYLE_COLOUR('',#14440);
#14460=FILL_AREA_STYLE('',(#14450));
#14470=SURFACE_STYLE_FILL_AREA(#14460);
#14480=SURFACE_SIDE_STYLE('',(#14470));
#14490=SURFACE_STYLE_USAGE(.BOTH.,#14480);
#14500=PRESENTATION_STYLE_ASSIGNMENT((#14490));
#14510=CARTESIAN_POINT('',(-3.4644041692111067E+01,
   2.5421376124790601E+01,-7.9999999999999982E-01));
#14520=DIRECTION('',(-0.0000000000000000E+00,1.0000000000000000E+00,
   0.0000000000000000E+00));
#14530=DIRECTION('',(1.0000000000000000E+00,0.0000000000000000E+00,
   0.0000000000000000E+00));
#14540=AXIS2_PLACEMENT_3D('',#14510,#14520,#14530);
#14550=PLANE('',#14540);
#14560=ORIENTED_EDGE('',*,*,#11270,.T.);
#14570=ORIENTED_EDGE('',*,*,#14030,.F.);
#14580=CARTESIAN_POINT('',(-3.4617870503397079E+01,
   2.5421376124790601E+01,0.0000000000000000E+00));
#14590=DIRECTION('',(0.0000000000000000E+00,0.0000000000000000E+00,
   1.0000000000000000E+00));
#14600=VECTOR('',#14590,1.0000000000000000E+00);
#14610=LINE('',#14580,#14600);
#14620=EDGE_CURVE('',#5310,#13960,#14610,.T.);
#14630=ORIENTED_EDGE('',*,*,#14620,.T.);
#14640=ORIENTED_EDGE('',*,*,#5320,.F.);
#14650=ORIENTED_EDGE('',*,*,#2360,.T.);
#14660=CARTESIAN_POINT('',(-3.4955488301517804E+01,
   2.5421376124790601E+01,0.0000000000000000E+00));
#14670=DIRECTION('',(0.0000000000000000E+00,0.0000000000000000E+00,
   1.0000000000000000E+00));
#14680=VECTOR('',#14670,1.0000000000000000E+00);
#14690=LINE('',#14660,#14680);
#14700=EDGE_CURVE('',#2330,#11260,#14690,.T.);
#14710=ORIENTED_EDGE('',*,*,#14700,.F.);
#14720=EDGE_LOOP('',(#14710,#14650,#14640,#14630,#14570,#14560));
#14730=FACE_OUTER_BOUND('',#14720,.T.);
#14740=ADVANCED_FACE('',(#14730),#14550,.F.);
#14750=COLOUR_RGB('',5.0196081399917603E-01,1.0000000000000000E+00,
   5.0196081399917603E-01);
#14760=FILL_AREA_STYLE_COLOUR('',#14750);
#14770=FILL_AREA_STYLE('',(#14760));
#14780=SURFACE_STYLE_FILL_AREA(#14770);
#14790=SURFACE_SIDE_STYLE('',(#14780));
#14800=SURFACE_STYLE_USAGE(.BOTH.,#14790);
#14810=PRESENTATION_STYLE_ASSIGNMENT((#14800));
#14820=CARTESIAN_POINT('',(-3.1355488301517802E+01,
   2.8601376124790601E+01,0.0000000000000000E+00));
#14830=DIRECTION('',(0.0000000000000000E+00,-1.0000000000000000E+00,
   0.0000000000000000E+00));
#14840=DIRECTION('',(1.0000000000000000E+00,0.0000000000000000E+00,
   0.0000000000000000E+00));
#14850=AXIS2_PLACEMENT_3D('',#14820,#14830,#14840);
#14860=CIRCLE('',#14850,5.5000000000000004E-01);
#14870=CARTESIAN_POINT('',(-3.0814019159547051E+01,
   2.8601376124790601E+01,9.6494395140114264E-02));
#14880=VERTEX_POINT('',#14870);
#14890=EDGE_CURVE('',#1060,#14880,#14860,.T.);
#14900=ORIENTED_EDGE('',*,*,#14890,.F.);
#14910=CARTESIAN_POINT('',(-8.4502159542249785E+01,
   2.8601376124790601E+01,-5.3591645987562615E+01));
#14920=DIRECTION('',(7.0710678118654757E-01,0.0000000000000000E+00,
   7.0710678118654746E-01));
#14930=VECTOR('',#14920,1.0000000000000000E+00);
#14940=LINE('',#14910,#14930);
#14950=EDGE_CURVE('',#600,#14880,#14940,.T.);
#14960=ORIENTED_EDGE('',*,*,#14950,.T.);
#14970=ORIENTED_EDGE('',*,*,#1130,.F.);
#14980=EDGE_LOOP('',(#14970,#14960,#14900));
#14990=FACE_OUTER_BOUND('',#14980,.T.);
#15000=ADVANCED_FACE('',(#14990),#9290,.T.);
#15010=COLOUR_RGB('',9.4901967048645020E-01,9.4901967048645020E-01,
   1.0000000000000000E+00);
#15020=FILL_AREA_STYLE_COLOUR('',#15010);
#15030=FILL_AREA_STYLE('',(#15020));
#15040=SURFACE_STYLE_FILL_AREA(#15030);
#15050=SURFACE_SIDE_STYLE('',(#15040));
#15060=SURFACE_STYLE_USAGE(.BOTH.,#15050);
#15070=PRESENTATION_STYLE_ASSIGNMENT((#15060));
#15080=ORIENTED_EDGE('',*,*,#1630,.F.);
#15090=EDGE_CURVE('',#14240,#1550,#1530,.T.);
#15100=ORIENTED_EDGE('',*,*,#15090,.T.);
#15110=ORIENTED_EDGE('',*,*,#14390,.F.);
#15120=EDGE_CURVE('',#1380,#580,#1340,.T.);
#15130=ORIENTED_EDGE('',*,*,#15120,.T.);
#15140=EDGE_LOOP('',(#15130,#15110,#15100,#15080));
#15150=FACE_OUTER_BOUND('',#15140,.T.);
#15160=ADVANCED_FACE('',(#15150),#1300,.T.);
#15170=COLOUR_RGB('',9.4901967048645020E-01,9.4901967048645020E-01,
   1.0000000000000000E+00);
#15180=FILL_AREA_STYLE_COLOUR('',#15170);
#15190=FILL_AREA_STYLE('',(#15180));
#15200=SURFACE_STYLE_FILL_AREA(#15190);
#15210=SURFACE_SIDE_STYLE('',(#15200));
#15220=SURFACE_STYLE_USAGE(.BOTH.,#15210);
#15230=PRESENTATION_STYLE_ASSIGNMENT((#15220));
#15240=CARTESIAN_POINT('',(-3.4617870503397079E+01,
   2.4921376124790601E+01,-7.9999999999999982E-01));
#15250=DIRECTION('',(0.0000000000000000E+00,0.0000000000000000E+00,
   1.0000000000000000E+00));
#15260=DIRECTION('',(1.0000000000000000E+00,0.0000000000000000E+00,
   0.0000000000000000E+00));
#15270=AXIS2_PLACEMENT_3D('',#15240,#15250,#15260);
#15280=CYLINDRICAL_SURFACE('',#15270,4.9999999999998912E-01);
#15290=ORIENTED_EDGE('',*,*,#13970,.T.);
#15300=ORIENTED_EDGE('',*,*,#4690,.T.);
#15310=ORIENTED_EDGE('',*,*,#5390,.T.);
#15320=ORIENTED_EDGE('',*,*,#14620,.F.);
#15330=EDGE_LOOP('',(#15320,#15310,#15300,#15290));
#15340=FACE_OUTER_BOUND('',#15330,.T.);
#15350=ADVANCED_FACE('',(#15340),#15280,.F.);
#15360=COLOUR_RGB('',5.0196081399917603E-01,1.0000000000000000E+00,
   5.0196081399917603E-01);
#15370=FILL_AREA_STYLE_COLOUR('',#15360);
#15380=FILL_AREA_STYLE('',(#15370));
#15390=SURFACE_STYLE_FILL_AREA(#15380);
#15400=SURFACE_SIDE_STYLE('',(#15390));
#15410=SURFACE_STYLE_USAGE(.BOTH.,#15400);
#15420=PRESENTATION_STYLE_ASSIGNMENT((#15410));
#15430=CARTESIAN_POINT('',(-3.3520488301517801E+01,
   2.2071376124790600E+01,0.0000000000000000E+00));
#15440=DIRECTION('',(1.0000000000000000E+00,0.0000000000000000E+00,
   0.0000000000000000E+00));
#15450=DIRECTION('',(0.0000000000000000E+00,-1.0000000000000000E+00,
   0.0000000000000000E+00));
#15460=AXIS2_PLACEMENT_3D('',#15430,#15440,#15450);
#15470=PLANE('',#15460);
#15480=ORIENTED_EDGE('',*,*,#11700,.F.);
#15490=CARTESIAN_POINT('',(-3.3520488301517801E+01,
   2.2071376124790600E+01,0.0000000000000000E+00));
#15500=DIRECTION('',(0.0000000000000000E+00,0.0000000000000000E+00,
   1.0000000000000000E+00));
#15510=VECTOR('',#15500,1.0000000000000000E+00);
#15520=LINE('',#15490,#15510);
#15530=EDGE_CURVE('',#7710,#11630,#15520,.T.);
#15540=ORIENTED_EDGE('',*,*,#15530,.T.);
#15550=ORIENTED_EDGE('',*,*,#7720,.T.);
#15560=ORIENTED_EDGE('',*,*,#8560,.T.);
#15570=EDGE_LOOP('',(#15560,#15550,#15540,#15480));
#15580=FACE_OUTER_BOUND('',#15570,.T.);
#15590=ADVANCED_FACE('',(#15580),#15470,.F.);
#15600=COLOUR_RGB('',5.0196081399917603E-01,1.0000000000000000E+00,
   5.0196081399917603E-01);
#15610=FILL_AREA_STYLE_COLOUR('',#15600);
#15620=FILL_AREA_STYLE('',(#15610));
#15630=SURFACE_STYLE_FILL_AREA(#15620);
#15640=SURFACE_SIDE_STYLE('',(#15630));
#15650=SURFACE_STYLE_USAGE(.BOTH.,#15640);
#15660=PRESENTATION_STYLE_ASSIGNMENT((#15650));
#15670=ORIENTED_EDGE('',*,*,#140,.T.);
#15680=CARTESIAN_POINT('',(-3.1405488301517792E+01,
   2.8001376124790593E+01,0.0000000000000000E+00));
#15690=DIRECTION('',(0.0000000000000000E+00,1.0000000000000000E+00,
   0.0000000000000000E+00));
#15700=DIRECTION('',(-1.0000000000000000E+00,0.0000000000000000E+00,
   0.0000000000000000E+00));
#15710=AXIS2_PLACEMENT_3D('',#15680,#15690,#15700);
#15720=CIRCLE('',#15710,1.3999999999999999E+00);
#15730=CARTESIAN_POINT('',(-3.2116515403736514E+01,
   2.8001376124790593E+01,-1.2060018490493487E+00));
#15740=VERTEX_POINT('',#15730);
#15750=EDGE_CURVE('',#15740,#110,#15720,.T.);
#15760=ORIENTED_EDGE('',*,*,#15750,.T.);
#15770=EDGE_CURVE('',#680,#15740,#660,.T.);
#15780=ORIENTED_EDGE('',*,*,#15770,.T.);
#15790=ORIENTED_EDGE('',*,*,#14320,.T.);
#15800=EDGE_LOOP('',(#15790,#15780,#15760,#15670));
#15810=FACE_OUTER_BOUND('',#15800,.T.);
#15820=ADVANCED_FACE('',(#15810),#14220,.T.);
#15830=COLOUR_RGB('',9.4901967048645020E-01,9.4901967048645020E-01,
   1.0000000000000000E+00);
#15840=FILL_AREA_STYLE_COLOUR('',#15830);
#15850=FILL_AREA_STYLE('',(#15840));
#15860=SURFACE_STYLE_FILL_AREA(#15850);
#15870=SURFACE_SIDE_STYLE('',(#15860));
#15880=SURFACE_STYLE_USAGE(.BOTH.,#15870);
#15890=PRESENTATION_STYLE_ASSIGNMENT((#15880));
#15900=ORIENTED_EDGE('',*,*,#15770,.F.);
#15910=CARTESIAN_POINT('',(-3.2116515403736514E+01,
   2.7145319094080318E+01,-1.2060018490493487E+00));
#15920=DIRECTION('',(0.0000000000000000E+00,1.0000000000000000E+00,
   0.0000000000000000E+00));
#15930=VECTOR('',#15920,1.0000000000000000E+00);
#15940=LINE('',#15910,#15930);
#15950=CARTESIAN_POINT('',(-3.2116515403736514E+01,
   2.8601376124790601E+01,-1.2060018490493487E+00));
#15960=VERTEX_POINT('',#15950);
#15970=EDGE_CURVE('',#15740,#15960,#15940,.T.);
#15980=ORIENTED_EDGE('',*,*,#15970,.F.);
#15990=EDGE_CURVE('',#15960,#760,#820,.T.);
#16000=ORIENTED_EDGE('',*,*,#15990,.F.);
#16010=ORIENTED_EDGE('',*,*,#770,.F.);
#16020=EDGE_LOOP('',(#16010,#16000,#15980,#15900));
#16030=FACE_OUTER_BOUND('',#16020,.T.);
#16040=ADVANCED_FACE('',(#16030),#520,.T.);
#16050=COLOUR_RGB('',9.4901967048645020E-01,9.4901967048645020E-01,
   1.0000000000000000E+00);
#16060=FILL_AREA_STYLE_COLOUR('',#16050);
#16070=FILL_AREA_STYLE('',(#16060));
#16080=SURFACE_STYLE_FILL_AREA(#16070);
#16090=SURFACE_SIDE_STYLE('',(#16080));
#16100=SURFACE_STYLE_USAGE(.BOTH.,#16090);
#16110=PRESENTATION_STYLE_ASSIGNMENT((#16100));
#16120=EDGE_CURVE('',#9460,#210,#270,.T.);
#16130=ORIENTED_EDGE('',*,*,#16120,.T.);
#16140=ORIENTED_EDGE('',*,*,#9470,.T.);
#16150=CARTESIAN_POINT('',(-3.1355488301517802E+01,
   2.8601376124790601E+01,0.0000000000000000E+00));
#16160=DIRECTION('',(0.0000000000000000E+00,-1.0000000000000000E+00,
   0.0000000000000000E+00));
#16170=DIRECTION('',(1.0000000000000000E+00,0.0000000000000000E+00,
   0.0000000000000000E+00));
#16180=AXIS2_PLACEMENT_3D('',#16150,#16160,#16170);
#16190=CIRCLE('',#16180,5.5000000000000004E-01);
#16200=EDGE_CURVE('',#9380,#210,#16190,.T.);
#16210=ORIENTED_EDGE('',*,*,#16200,.F.);
#16220=EDGE_LOOP('',(#16210,#16140,#16130));
#16230=FACE_OUTER_BOUND('',#16220,.T.);
#16240=ADVANCED_FACE('',(#16230),#990,.T.);
#16250=COLOUR_RGB('',9.4901967048645020E-01,9.4901967048645020E-01,
   1.0000000000000000E+00);
#16260=FILL_AREA_STYLE_COLOUR('',#16250);
#16270=FILL_AREA_STYLE('',(#16260));
#16280=SURFACE_STYLE_FILL_AREA(#16270);
#16290=SURFACE_SIDE_STYLE('',(#16280));
#16300=SURFACE_STYLE_USAGE(.BOTH.,#16290);
#16310=PRESENTATION_STYLE_ASSIGNMENT((#16300));
#16320=ORIENTED_EDGE('',*,*,#14250,.F.);
#16330=CARTESIAN_POINT('',(-3.1900463048348357E+01,
   -2.2653715864353234E+01,0.0000000000000000E+00));
#16340=DIRECTION('',(0.0000000000000000E+00,-1.0000000000000000E+00,
   0.0000000000000000E+00));
#16350=VECTOR('',#16340,1.0000000000000000E+00);
#16360=LINE('',#16330,#16350);
#16370=EDGE_CURVE('',#9460,#14240,#16360,.T.);
#16380=ORIENTED_EDGE('',*,*,#16370,.T.);
#16390=ORIENTED_EDGE('',*,*,#16120,.F.);
#16400=ORIENTED_EDGE('',*,*,#220,.F.);
#16410=EDGE_LOOP('',(#16400,#16390,#16380,#16320));
#16420=FACE_OUTER_BOUND('',#16410,.T.);
#16430=ADVANCED_FACE('',(#16420),#50,.T.);
#16440=COLOUR_RGB('',9.4901967048645020E-01,9.4901967048645020E-01,
   1.0000000000000000E+00);
#16450=FILL_AREA_STYLE_COLOUR('',#16440);
#16460=FILL_AREA_STYLE('',(#16450));
#16470=SURFACE_STYLE_FILL_AREA(#16460);
#16480=SURFACE_SIDE_STYLE('',(#16470));
#16490=SURFACE_STYLE_USAGE(.BOTH.,#16480);
#16500=PRESENTATION_STYLE_ASSIGNMENT((#16490));
#16510=ORIENTED_EDGE('',*,*,#16370,.F.);
#16520=ORIENTED_EDGE('',*,*,#15090,.F.);
#16530=ORIENTED_EDGE('',*,*,#12700,.T.);
#16540=ORIENTED_EDGE('',*,*,#9530,.F.);
#16550=EDGE_LOOP('',(#16540,#16530,#16520,#16510));
#16560=FACE_OUTER_BOUND('',#16550,.T.);
#16570=ADVANCED_FACE('',(#16560),#12540,.T.);
#16580=COLOUR_RGB('',9.4901967048645020E-01,9.4901967048645020E-01,
   1.0000000000000000E+00);
#16590=FILL_AREA_STYLE_COLOUR('',#16580);
#16600=FILL_AREA_STYLE('',(#16590));
#16610=SURFACE_STYLE_FILL_AREA(#16600);
#16620=SURFACE_SIDE_STYLE('',(#16610));
#16630=SURFACE_STYLE_USAGE(.BOTH.,#16620);
#16640=PRESENTATION_STYLE_ASSIGNMENT((#16630));
#16650=ORIENTED_EDGE('',*,*,#1070,.T.);
#16660=ORIENTED_EDGE('',*,*,#15990,.T.);
#16670=CARTESIAN_POINT('',(-3.1405488301517792E+01,
   2.8601376124790601E+01,0.0000000000000000E+00));
#16680=DIRECTION('',(0.0000000000000000E+00,1.0000000000000000E+00,
   0.0000000000000000E+00));
#16690=DIRECTION('',(-1.0000000000000000E+00,0.0000000000000000E+00,
   0.0000000000000000E+00));
#16700=AXIS2_PLACEMENT_3D('',#16670,#16680,#16690);
#16710=CIRCLE('',#16700,1.3999999999999999E+00);
#16720=CARTESIAN_POINT('',(-3.0005488301517794E+01,
   2.8601376124790601E+01,1.7145055188062944E-16));
#16730=VERTEX_POINT('',#16720);
#16740=EDGE_CURVE('',#16730,#15960,#16710,.T.);
#16750=ORIENTED_EDGE('',*,*,#16740,.T.);
#16760=CARTESIAN_POINT('',(-3.0199486452468442E+01,
   2.8601376124790601E+01,7.1102710221871934E-01));
#16770=VERTEX_POINT('',#16760);
#16780=EDGE_CURVE('',#16770,#16730,#16710,.T.);
#16790=ORIENTED_EDGE('',*,*,#16780,.T.);
#16800=EDGE_CURVE('',#14880,#16770,#14940,.T.);
#16810=ORIENTED_EDGE('',*,*,#16800,.T.);
#16820=ORIENTED_EDGE('',*,*,#14890,.T.);
#16830=EDGE_LOOP('',(#16820,#16810,#16790,#16750,#16660,#16650));
#16840=FACE_OUTER_BOUND('',#16830,.T.);
#16850=ADVANCED_FACE('',(#16840),#9290,.T.);
#16860=COLOUR_RGB('',9.4901967048645020E-01,9.4901967048645020E-01,
   1.0000000000000000E+00);
#16870=FILL_AREA_STYLE_COLOUR('',#16860);
#16880=FILL_AREA_STYLE('',(#16870));
#16890=SURFACE_STYLE_FILL_AREA(#16880);
#16900=SURFACE_SIDE_STYLE('',(#16890));
#16910=SURFACE_STYLE_USAGE(.BOTH.,#16900);
#16920=PRESENTATION_STYLE_ASSIGNMENT((#16910));
#16930=CARTESIAN_POINT('',(-3.1405488301517792E+01,
   2.7145319094080318E+01,0.0000000000000000E+00));
#16940=DIRECTION('',(0.0000000000000000E+00,1.0000000000000000E+00,
   0.0000000000000000E+00));
#16950=DIRECTION('',(-1.0000000000000000E+00,0.0000000000000000E+00,
   0.0000000000000000E+00));
#16960=AXIS2_PLACEMENT_3D('',#16930,#16940,#16950);
#16970=CYLINDRICAL_SURFACE('',#16960,1.3999999999999999E+00);
#16980=CARTESIAN_POINT('',(-3.2805488301517791E+01,
   2.7145319094080318E+01,0.0000000000000000E+00));
#16990=DIRECTION('',(0.0000000000000000E+00,1.0000000000000000E+00,
   0.0000000000000000E+00));
#17000=VECTOR('',#16990,1.0000000000000000E+00);
#17010=LINE('',#16980,#17000);
#17020=CARTESIAN_POINT('',(-3.2805488301517791E+01,
   2.7601376124790601E+01,0.0000000000000000E+00));
#17030=VERTEX_POINT('',#17020);
#17040=CARTESIAN_POINT('',(-3.2805488301517791E+01,
   2.8601376124790601E+01,0.0000000000000000E+00));
#17050=VERTEX_POINT('',#17040);
#17060=EDGE_CURVE('',#17030,#17050,#17010,.T.);
#17070=ORIENTED_EDGE('',*,*,#17060,.F.);
#17080=CARTESIAN_POINT('',(-3.1405488301517792E+01,
   2.8601376124790601E+01,0.0000000000000000E+00));
#17090=DIRECTION('',(0.0000000000000000E+00,1.0000000000000000E+00,
   0.0000000000000000E+00));
#17100=DIRECTION('',(-1.0000000000000000E+00,0.0000000000000000E+00,
   0.0000000000000000E+00));
#17110=AXIS2_PLACEMENT_3D('',#17080,#17090,#17100);
#17120=CIRCLE('',#17110,1.3999999999999999E+00);
#17130=EDGE_CURVE('',#17050,#12610,#17120,.T.);
#17140=ORIENTED_EDGE('',*,*,#17130,.F.);
#17150=ORIENTED_EDGE('',*,*,#12620,.T.);
#17160=ORIENTED_EDGE('',*,*,#1480,.F.);
#17170=CARTESIAN_POINT('',(-3.0199486452468442E+01,
   2.7145319094080318E+01,7.1102710221871934E-01));
#17180=DIRECTION('',(0.0000000000000000E+00,1.0000000000000000E+00,
   0.0000000000000000E+00));
#17190=VECTOR('',#17180,1.0000000000000000E+00);
#17200=LINE('',#17170,#17190);
#17210=EDGE_CURVE('',#1360,#16770,#17200,.T.);
#17220=ORIENTED_EDGE('',*,*,#17210,.F.);
#17230=ORIENTED_EDGE('',*,*,#16780,.F.);
#17240=CARTESIAN_POINT('',(-3.0005488301517794E+01,
   2.7145319094080318E+01,1.7145055188062944E-16));
#17250=DIRECTION('',(0.0000000000000000E+00,1.0000000000000000E+00,
   0.0000000000000000E+00));
#17260=VECTOR('',#17250,1.0000000000000000E+00);
#17270=LINE('',#17240,#17260);
#17280=CARTESIAN_POINT('',(-3.0005488301517794E+01,
   2.7601376124790601E+01,1.7145055188062944E-16));
#17290=VERTEX_POINT('',#17280);
#17300=EDGE_CURVE('',#17290,#16730,#17270,.T.);
#17310=ORIENTED_EDGE('',*,*,#17300,.T.);
#17320=CARTESIAN_POINT('',(-3.1405488301517792E+01,
   2.7601376124790601E+01,0.0000000000000000E+00));
#17330=DIRECTION('',(0.0000000000000000E+00,1.0000000000000000E+00,
   0.0000000000000000E+00));
#17340=DIRECTION('',(-1.0000000000000000E+00,0.0000000000000000E+00,
   0.0000000000000000E+00));
#17350=AXIS2_PLACEMENT_3D('',#17320,#17330,#17340);
#17360=CIRCLE('',#17350,1.3999999999999999E+00);
#17370=EDGE_CURVE('',#17030,#17290,#17360,.T.);
#17380=ORIENTED_EDGE('',*,*,#17370,.T.);
#17390=EDGE_LOOP('',(#17380,#17310,#17230,#17220,#17160,#17150,#17140,
   #17070));
#17400=FACE_OUTER_BOUND('',#17390,.T.);
#17410=ADVANCED_FACE('',(#17400),#16970,.T.);
#17420=COLOUR_RGB('',9.4901967048645020E-01,9.4901967048645020E-01,
   1.0000000000000000E+00);
#17430=FILL_AREA_STYLE_COLOUR('',#17420);
#17440=FILL_AREA_STYLE('',(#17430));
#17450=SURFACE_STYLE_FILL_AREA(#17440);
#17460=SURFACE_SIDE_STYLE('',(#17450));
#17470=SURFACE_STYLE_USAGE(.BOTH.,#17460);
#17480=PRESENTATION_STYLE_ASSIGNMENT((#17470));
#17490=CARTESIAN_POINT('',(-3.1158000928102481E+01,
   2.7601376124790594E+01,-2.4748737341531779E-01));
#17500=DIRECTION('',(-7.0710678118654746E-01,0.0000000000000000E+00,
   7.0710678118654757E-01));
#17510=DIRECTION('',(0.0000000000000000E+00,1.0000000000000000E+00,
   0.0000000000000000E+00));
#17520=AXIS2_PLACEMENT_3D('',#17490,#17500,#17510);
#17530=PLANE('',#17520);
#17540=ORIENTED_EDGE('',*,*,#1390,.F.);
#17550=CARTESIAN_POINT('',(-3.0814019159547051E+01,
   3.9321376124790604E+01,9.6494395140114264E-02));
#17560=DIRECTION('',(0.0000000000000000E+00,-1.0000000000000000E+00,
   0.0000000000000000E+00));
#17570=VECTOR('',#17560,1.0000000000000000E+00);
#17580=LINE('',#17550,#17570);
#17590=EDGE_CURVE('',#14880,#1380,#17580,.T.);
#17600=ORIENTED_EDGE('',*,*,#17590,.T.);
#17610=ORIENTED_EDGE('',*,*,#16800,.F.);
#17620=ORIENTED_EDGE('',*,*,#17210,.T.);
#17630=EDGE_LOOP('',(#17620,#17610,#17600,#17540));
#17640=FACE_OUTER_BOUND('',#17630,.T.);
#17650=ADVANCED_FACE('',(#17640),#17530,.T.);
#17660=COLOUR_RGB('',9.4901967048645020E-01,9.4901967048645020E-01,
   1.0000000000000000E+00);
#17670=FILL_AREA_STYLE_COLOUR('',#17660);
#17680=FILL_AREA_STYLE('',(#17670));
#17690=SURFACE_STYLE_FILL_AREA(#17680);
#17700=SURFACE_SIDE_STYLE('',(#17690));
#17710=SURFACE_STYLE_USAGE(.BOTH.,#17700);
#17720=PRESENTATION_STYLE_ASSIGNMENT((#17710));
#17730=ORIENTED_EDGE('',*,*,#15120,.F.);
#17740=ORIENTED_EDGE('',*,*,#610,.F.);
#17750=ORIENTED_EDGE('',*,*,#14950,.F.);
#17760=ORIENTED_EDGE('',*,*,#17590,.F.);
#17770=EDGE_LOOP('',(#17760,#17750,#17740,#17730));
#17780=FACE_OUTER_BOUND('',#17770,.T.);
#17790=ADVANCED_FACE('',(#17780),#17530,.T.);
#17800=COLOUR_RGB('',9.4901967048645020E-01,9.4901967048645020E-01,
   1.0000000000000000E+00);
#17810=FILL_AREA_STYLE_COLOUR('',#17800);
#17820=FILL_AREA_STYLE('',(#17810));
#17830=SURFACE_STYLE_FILL_AREA(#17820);
#17840=SURFACE_SIDE_STYLE('',(#17830));
#17850=SURFACE_STYLE_USAGE(.BOTH.,#17840);
#17860=PRESENTATION_STYLE_ASSIGNMENT((#17850));
#17870=CARTESIAN_POINT('',(-3.2611490150567121E+01,
   2.8001376124790593E+01,2.7889728977812354E+00));
#17880=VERTEX_POINT('',#17870);
#17890=EDGE_CURVE('',#17880,#6250,#6230,.T.);
#17900=ORIENTED_EDGE('',*,*,#17890,.F.);
#17910=ORIENTED_EDGE('',*,*,#7380,.T.);
#17920=CARTESIAN_POINT('',(-3.2611490150567114E+01,
   2.8601376124790601E+01,2.7889728977812371E+00));
#17930=VERTEX_POINT('',#17920);
#17940=EDGE_CURVE('',#4940,#17930,#5000,.T.);
#17950=ORIENTED_EDGE('',*,*,#17940,.F.);
#17960=CARTESIAN_POINT('',(-3.2611490150567114E+01,
   2.7145319094080318E+01,2.7889728977812371E+00));
#17970=DIRECTION('',(0.0000000000000000E+00,1.0000000000000000E+00,
   0.0000000000000000E+00));
#17980=VECTOR('',#17970,1.0000000000000000E+00);
#17990=LINE('',#17960,#17980);
#18000=EDGE_CURVE('',#17880,#17930,#17990,.T.);
#18010=ORIENTED_EDGE('',*,*,#18000,.T.);
#18020=EDGE_LOOP('',(#18010,#17950,#17910,#17900));
#18030=FACE_OUTER_BOUND('',#18020,.T.);
#18040=ADVANCED_FACE('',(#18030),#7250,.T.);
#18050=COLOUR_RGB('',9.4901967048645020E-01,9.4901967048645020E-01,
   1.0000000000000000E+00);
#18060=FILL_AREA_STYLE_COLOUR('',#18050);
#18070=FILL_AREA_STYLE('',(#18060));
#18080=SURFACE_STYLE_FILL_AREA(#18070);
#18090=SURFACE_SIDE_STYLE('',(#18080));
#18100=SURFACE_STYLE_USAGE(.BOTH.,#18090);
#18110=PRESENTATION_STYLE_ASSIGNMENT((#18100));
#18120=CARTESIAN_POINT('',(-3.1158000928102481E+01,
   2.8001376124790593E+01,6.7525126265846840E+00));
#18130=DIRECTION('',(0.0000000000000000E+00,1.0000000000000000E+00,
   0.0000000000000000E+00));
#18140=DIRECTION('',(7.0710678118654746E-01,0.0000000000000000E+00,
   -7.0710678118654757E-01));
#18150=AXIS2_PLACEMENT_3D('',#18120,#18130,#18140);
#18160=PLANE('',#18150);
#18170=CARTESIAN_POINT('',(-8.4502159542249785E+01,
   2.8001376124790593E+01,-4.5601696493901422E+01));
#18180=DIRECTION('',(7.0710678118654757E-01,0.0000000000000000E+00,
   7.0710678118654746E-01));
#18190=VECTOR('',#18180,1.0000000000000000E+00);
#18200=LINE('',#18170,#18190);
#18210=CARTESIAN_POINT('',(-3.1905465551017315E+01,
   2.8001376124790593E+01,6.9949974973310454E+00));
#18220=VERTEX_POINT('',#18210);
#18230=CARTESIAN_POINT('',(-3.1900463048348364E+01,
   2.8001376124790593E+01,6.9999999999999929E+00));
#18240=VERTEX_POINT('',#18230);
#18250=EDGE_CURVE('',#18220,#18240,#18200,.T.);
#18260=ORIENTED_EDGE('',*,*,#18250,.T.);
#18270=CARTESIAN_POINT('',(-3.1355488301517802E+01,
   2.8001376124790593E+01,7.0000000000000018E+00));
#18280=DIRECTION('',(0.0000000000000000E+00,-1.0000000000000000E+00,
   0.0000000000000000E+00));
#18290=DIRECTION('',(1.0000000000000000E+00,0.0000000000000000E+00,
   0.0000000000000000E+00));
#18300=AXIS2_PLACEMENT_3D('',#18270,#18280,#18290);
#18310=CIRCLE('',#18300,5.5000000000000004E-01);
#18320=CARTESIAN_POINT('',(-3.1451982696657517E+01,
   2.8001376124790593E+01,6.4585308580291771E+00));
#18330=VERTEX_POINT('',#18320);
#18340=EDGE_CURVE('',#18220,#18330,#18310,.T.);
#18350=ORIENTED_EDGE('',*,*,#18340,.F.);
#18360=CARTESIAN_POINT('',(-8.4502159542249785E+01,
   2.8001376124790593E+01,-4.6591645987562615E+01));
#18370=DIRECTION('',(-7.0710678118654757E-01,0.0000000000000000E+00,
   -7.0710678118654746E-01));
#18380=VECTOR('',#18370,1.0000000000000000E+00);
#18390=LINE('',#18360,#18380);
#18400=CARTESIAN_POINT('',(-3.0910513554687164E+01,
   2.8001376124790593E+01,7.0000000000000000E+00));
#18410=VERTEX_POINT('',#18400);
#18420=EDGE_CURVE('',#18410,#18330,#18390,.T.);
#18430=ORIENTED_EDGE('',*,*,#18420,.T.);
#18440=CARTESIAN_POINT('',(-8.4502159542249785E+01,
   2.8001376124790593E+01,7.0000000000000018E+00));
#18450=DIRECTION('',(-1.0000000000000000E+00,0.0000000000000000E+00,
   0.0000000000000000E+00));
#18460=VECTOR('',#18450,1.0000000000000000E+00);
#18470=LINE('',#18440,#18460);
#18480=EDGE_CURVE('',#18410,#18240,#18470,.T.);
#18490=ORIENTED_EDGE('',*,*,#18480,.F.);
#18500=EDGE_LOOP('',(#18490,#18430,#18350,#18260));
#18510=FACE_OUTER_BOUND('',#18500,.T.);
#18520=ADVANCED_FACE('',(#18510),#18160,.T.);
#18530=COLOUR_RGB('',9.4901967048645020E-01,9.4901967048645020E-01,
   1.0000000000000000E+00);
#18540=FILL_AREA_STYLE_COLOUR('',#18530);
#18550=FILL_AREA_STYLE('',(#18540));
#18560=SURFACE_STYLE_FILL_AREA(#18550);
#18570=SURFACE_SIDE_STYLE('',(#18560));
#18580=SURFACE_STYLE_USAGE(.BOTH.,#18570);
#18590=PRESENTATION_STYLE_ASSIGNMENT((#18580));
#18600=CARTESIAN_POINT('',(-3.1355488301517802E+01,
   2.8601376124790601E+01,3.5000000000000018E+00));
#18610=DIRECTION('',(0.0000000000000000E+00,-1.0000000000000000E+00,
   0.0000000000000000E+00));
#18620=DIRECTION('',(1.0000000000000000E+00,0.0000000000000000E+00,
   0.0000000000000000E+00));
#18630=AXIS2_PLACEMENT_3D('',#18600,#18610,#18620);
#18640=CIRCLE('',#18630,5.5000000000000004E-01);
#18650=CARTESIAN_POINT('',(-3.1350485798850627E+01,
   2.8601376124790601E+01,4.0499772494995288E+00));
#18660=VERTEX_POINT('',#18650);
#18670=EDGE_CURVE('',#18660,#4920,#18640,.T.);
#18680=ORIENTED_EDGE('',*,*,#18670,.T.);
#18690=CARTESIAN_POINT('',(-8.4502159542249785E+01,
   2.8601376124790601E+01,-4.9101696493901422E+01));
#18700=DIRECTION('',(-7.0710678118654757E-01,0.0000000000000000E+00,
   -7.0710678118654746E-01));
#18710=VECTOR('',#18700,1.0000000000000000E+00);
#18720=LINE('',#18690,#18710);
#18730=CARTESIAN_POINT('',(-3.0694461199299035E+01,
   2.8601376124790601E+01,4.7060018490493283E+00));
#18740=VERTEX_POINT('',#18730);
#18750=EDGE_CURVE('',#18740,#18660,#18720,.T.);
#18760=ORIENTED_EDGE('',*,*,#18750,.T.);
#18770=CARTESIAN_POINT('',(-3.1405488301517792E+01,
   2.8601376124790601E+01,3.5000000000000018E+00));
#18780=DIRECTION('',(0.0000000000000000E+00,1.0000000000000000E+00,
   0.0000000000000000E+00));
#18790=DIRECTION('',(-1.0000000000000000E+00,0.0000000000000000E+00,
   0.0000000000000000E+00));
#18800=AXIS2_PLACEMENT_3D('',#18770,#18780,#18790);
#18810=CIRCLE('',#18800,1.3999999999999999E+00);
#18820=CARTESIAN_POINT('',(-3.2805488301517791E+01,
   2.8601376124790601E+01,3.5000000000000018E+00));
#18830=VERTEX_POINT('',#18820);
#18840=EDGE_CURVE('',#18830,#18740,#18810,.T.);
#18850=ORIENTED_EDGE('',*,*,#18840,.T.);
#18860=EDGE_CURVE('',#17930,#18830,#18810,.T.);
#18870=ORIENTED_EDGE('',*,*,#18860,.T.);
#18880=ORIENTED_EDGE('',*,*,#17940,.T.);
#18890=ORIENTED_EDGE('',*,*,#4950,.T.);
#18900=EDGE_LOOP('',(#18890,#18880,#18870,#18850,#18760,#18680));
#18910=FACE_OUTER_BOUND('',#18900,.T.);
#18920=ADVANCED_FACE('',(#18910),#4850,.T.);
#18930=COLOUR_RGB('',9.4901967048645020E-01,9.4901967048645020E-01,
   1.0000000000000000E+00);
#18940=FILL_AREA_STYLE_COLOUR('',#18930);
#18950=FILL_AREA_STYLE('',(#18940));
#18960=SURFACE_STYLE_FILL_AREA(#18950);
#18970=SURFACE_SIDE_STYLE('',(#18960));
#18980=SURFACE_STYLE_USAGE(.BOTH.,#18970);
#18990=PRESENTATION_STYLE_ASSIGNMENT((#18980));
#19000=CARTESIAN_POINT('',(-3.3520488301517801E+01,
   2.2071376124790600E+01,0.0000000000000000E+00));
#19010=DIRECTION('',(-0.0000000000000000E+00,-1.0000000000000000E+00,
   -0.0000000000000000E+00));
#19020=DIRECTION('',(-1.0000000000000000E+00,0.0000000000000000E+00,
   0.0000000000000000E+00));
#19030=AXIS2_PLACEMENT_3D('',#19000,#19010,#19020);
#19040=PLANE('',#19030);
#19050=ORIENTED_EDGE('',*,*,#7780,.F.);
#19060=ORIENTED_EDGE('',*,*,#15530,.F.);
#19070=ORIENTED_EDGE('',*,*,#11640,.T.);
#19080=ORIENTED_EDGE('',*,*,#7090,.T.);
#19090=EDGE_LOOP('',(#19080,#19070,#19060,#19050));
#19100=FACE_OUTER_BOUND('',#19090,.T.);
#19110=ADVANCED_FACE('',(#19100),#19040,.F.);
#19120=COLOUR_RGB('',5.0196081399917603E-01,1.0000000000000000E+00,
   5.0196081399917603E-01);
#19130=FILL_AREA_STYLE_COLOUR('',#19120);
#19140=FILL_AREA_STYLE('',(#19130));
#19150=SURFACE_STYLE_FILL_AREA(#19140);
#19160=SURFACE_SIDE_STYLE('',(#19150));
#19170=SURFACE_STYLE_USAGE(.BOTH.,#19160);
#19180=PRESENTATION_STYLE_ASSIGNMENT((#19170));
#19190=CARTESIAN_POINT('',(-3.1355488301517802E+01,
   1.7821376124790600E+01,3.1839745962155614E+00));
#19200=DIRECTION('',(0.0000000000000000E+00,2.5881904510252085E-01,
   9.6592582628906820E-01));
#19210=DIRECTION('',(0.0000000000000000E+00,9.6592582628906842E-01,
   -2.5881904510252091E-01));
#19220=AXIS2_PLACEMENT_3D('',#19190,#19200,#19210);
#19230=PLANE('',#19220);
#19240=CARTESIAN_POINT('',(-3.1105488301517802E+01,
   -2.2653715864353234E+01,1.4029242808282062E+01));
#19250=DIRECTION('',(0.0000000000000000E+00,-9.6592582628906831E-01,
   2.5881904510252091E-01));
#19260=VECTOR('',#19250,1.0000000000000000E+00);
#19270=LINE('',#19240,#19260);
#19280=CARTESIAN_POINT('',(-3.1105488301517802E+01,
   1.8321376124790607E+01,3.0499999999999998E+00));
#19290=VERTEX_POINT('',#19280);
#19300=CARTESIAN_POINT('',(-3.1105488301517802E+01,
   1.7321376124790600E+01,3.3179491924311231E+00));
#19310=VERTEX_POINT('',#19300);
#19320=EDGE_CURVE('',#19290,#19310,#19270,.T.);
#19330=ORIENTED_EDGE('',*,*,#19320,.T.);
#19340=CARTESIAN_POINT('',(-8.4502159542249785E+01,
   1.8321376124790607E+01,3.0499999999999998E+00));
#19350=DIRECTION('',(1.0000000000000000E+00,0.0000000000000000E+00,
   0.0000000000000000E+00));
#19360=VECTOR('',#19350,1.0000000000000000E+00);
#19370=LINE('',#19340,#19360);
#19380=CARTESIAN_POINT('',(-3.1605488301517802E+01,
   1.8321376124790607E+01,3.0499999999999998E+00));
#19390=VERTEX_POINT('',#19380);
#19400=EDGE_CURVE('',#19390,#19290,#19370,.T.);
#19410=ORIENTED_EDGE('',*,*,#19400,.T.);
#19420=CARTESIAN_POINT('',(-3.1605488301517795E+01,
   -2.2653715864353234E+01,1.4029242808282062E+01));
#19430=DIRECTION('',(0.0000000000000000E+00,9.6592582628906831E-01,
   -2.5881904510252091E-01));
#19440=VECTOR('',#19430,1.0000000000000000E+00);
#19450=LINE('',#19420,#19440);
#19460=CARTESIAN_POINT('',(-3.1605488301517795E+01,
   1.7321376124790607E+01,3.3179491924311204E+00));
#19470=VERTEX_POINT('',#19460);
#19480=EDGE_CURVE('',#19470,#19390,#19450,.T.);
#19490=ORIENTED_EDGE('',*,*,#19480,.T.);
#19500=CARTESIAN_POINT('',(-8.4502159542249785E+01,
   1.7321376124790600E+01,3.3179491924311231E+00));
#19510=DIRECTION('',(-1.0000000000000000E+00,0.0000000000000000E+00,
   0.0000000000000000E+00));
#19520=VECTOR('',#19510,1.0000000000000000E+00);
#19530=LINE('',#19500,#19520);
#19540=EDGE_CURVE('',#19310,#19470,#19530,.T.);
#19550=ORIENTED_EDGE('',*,*,#19540,.T.);
#19560=EDGE_LOOP('',(#19550,#19490,#19410,#19330));
#19570=FACE_OUTER_BOUND('',#19560,.T.);
#19580=ADVANCED_FACE('',(#19570),#19230,.F.);
#19590=COLOUR_RGB('',9.4901961088180542E-01,9.4901961088180542E-01,
   1.0000000000000000E+00);
#19600=FILL_AREA_STYLE_COLOUR('',#19590);
#19610=FILL_AREA_STYLE('',(#19600));
#19620=SURFACE_STYLE_FILL_AREA(#19610);
#19630=SURFACE_SIDE_STYLE('',(#19620));
#19640=SURFACE_STYLE_USAGE(.BOTH.,#19630);
#19650=PRESENTATION_STYLE_ASSIGNMENT((#19640));
#19660=CARTESIAN_POINT('',(-3.1105488301517802E+01,
   2.0321376124790600E+01,3.9500000000000002E+00));
#19670=DIRECTION('',(1.0000000000000000E+00,-0.0000000000000000E+00,
   0.0000000000000000E+00));
#19680=DIRECTION('',(0.0000000000000000E+00,0.0000000000000000E+00,
   -1.0000000000000000E+00));
#19690=AXIS2_PLACEMENT_3D('',#19660,#19670,#19680);
#19700=PLANE('',#19690);
#19710=CARTESIAN_POINT('',(-3.1105488301517802E+01,
   -2.2653715864353234E+01,-7.0292428082820599E+00));
#19720=DIRECTION('',(0.0000000000000000E+00,9.6592582628906831E-01,
   2.5881904510252091E-01));
#19730=VECTOR('',#19720,1.0000000000000000E+00);
#19740=LINE('',#19710,#19730);
#19750=CARTESIAN_POINT('',(-3.1105488301517802E+01,
   1.7321376124790600E+01,3.6820508075688787E+00));
#19760=VERTEX_POINT('',#19750);
#19770=CARTESIAN_POINT('',(-3.1105488301517802E+01,
   1.8321376124790607E+01,3.9500000000000020E+00));
#19780=VERTEX_POINT('',#19770);
#19790=EDGE_CURVE('',#19760,#19780,#19740,.T.);
#19800=ORIENTED_EDGE('',*,*,#19790,.F.);
#19810=CARTESIAN_POINT('',(-3.1105488301517802E+01,
   -2.2653715864353234E+01,3.9500000000000020E+00));
#19820=DIRECTION('',(0.0000000000000000E+00,-1.0000000000000000E+00,
   0.0000000000000000E+00));
#19830=VECTOR('',#19820,1.0000000000000000E+00);
#19840=LINE('',#19810,#19830);
#19850=CARTESIAN_POINT('',(-3.1105488301517802E+01,
   2.0321376124790600E+01,3.9500000000000020E+00));
#19860=VERTEX_POINT('',#19850);
#19870=EDGE_CURVE('',#19860,#19780,#19840,.T.);
#19880=ORIENTED_EDGE('',*,*,#19870,.T.);
#19890=CARTESIAN_POINT('',(-3.1105488301517802E+01,
   2.0321376124790600E+01,8.5000000000000018E+00));
#19900=DIRECTION('',(0.0000000000000000E+00,0.0000000000000000E+00,
   -1.0000000000000000E+00));
#19910=VECTOR('',#19900,1.0000000000000000E+00);
#19920=LINE('',#19890,#19910);
#19930=CARTESIAN_POINT('',(-3.1105488301517802E+01,
   2.0321376124790600E+01,3.5000000000000018E+00));
#19940=VERTEX_POINT('',#19930);
#19950=EDGE_CURVE('',#19860,#19940,#19920,.T.);
#19960=ORIENTED_EDGE('',*,*,#19950,.F.);
#19970=CARTESIAN_POINT('',(-3.1105488301517802E+01,
   2.0321376124790600E+01,5.0000000000000000E+00));
#19980=DIRECTION('',(0.0000000000000000E+00,0.0000000000000000E+00,
   -1.0000000000000000E+00));
#19990=VECTOR('',#19980,1.0000000000000000E+00);
#20000=LINE('',#19970,#19990);
#20010=CARTESIAN_POINT('',(-3.1105488301517802E+01,
   2.0321376124790600E+01,3.0499999999999998E+00));
#20020=VERTEX_POINT('',#20010);
#20030=EDGE_CURVE('',#19940,#20020,#20000,.T.);
#20040=ORIENTED_EDGE('',*,*,#20030,.F.);
#20050=CARTESIAN_POINT('',(-3.1105488301517802E+01,
   -2.2653715864353234E+01,3.0499999999999998E+00));
#20060=DIRECTION('',(0.0000000000000000E+00,1.0000000000000000E+00,
   0.0000000000000000E+00));
#20070=VECTOR('',#20060,1.0000000000000000E+00);
#20080=LINE('',#20050,#20070);
#20090=EDGE_CURVE('',#19290,#20020,#20080,.T.);
#20100=ORIENTED_EDGE('',*,*,#20090,.T.);
#20110=ORIENTED_EDGE('',*,*,#19320,.F.);
#20120=CARTESIAN_POINT('',(-3.1105488301517802E+01,
   1.7321376124790600E+01,5.0000000000000000E+00));
#20130=DIRECTION('',(0.0000000000000000E+00,0.0000000000000000E+00,
   -1.0000000000000000E+00));
#20140=VECTOR('',#20130,1.0000000000000000E+00);
#20150=LINE('',#20120,#20140);
#20160=EDGE_CURVE('',#19760,#19310,#20150,.T.);
#20170=ORIENTED_EDGE('',*,*,#20160,.T.);
#20180=EDGE_LOOP('',(#20170,#20110,#20100,#20040,#19960,#19880,#19800));
#20190=FACE_OUTER_BOUND('',#20180,.T.);
#20200=ADVANCED_FACE('',(#20190),#19700,.T.);
#20210=COLOUR_RGB('',9.4901961088180542E-01,9.4901961088180542E-01,
   1.0000000000000000E+00);
#20220=FILL_AREA_STYLE_COLOUR('',#20210);
#20230=FILL_AREA_STYLE('',(#20220));
#20240=SURFACE_STYLE_FILL_AREA(#20230);
#20250=SURFACE_SIDE_STYLE('',(#20240));
#20260=SURFACE_STYLE_USAGE(.BOTH.,#20250);
#20270=PRESENTATION_STYLE_ASSIGNMENT((#20260));
#20280=ORIENTED_EDGE('',*,*,#6030,.F.);
#20290=CARTESIAN_POINT('',(-8.4502159542249785E+01,
   2.8601376124790601E+01,3.5000000000000000E+00));
#20300=DIRECTION('',(-1.0000000000000000E+00,0.0000000000000000E+00,
   0.0000000000000000E+00));
#20310=VECTOR('',#20300,1.0000000000000000E+00);
#20320=LINE('',#20290,#20310);
#20330=EDGE_CURVE('',#5950,#12310,#20320,.T.);
#20340=ORIENTED_EDGE('',*,*,#20330,.F.);
#20350=ORIENTED_EDGE('',*,*,#12320,.T.);
#20360=EDGE_LOOP('',(#20350,#20340,#20280));
#20370=FACE_OUTER_BOUND('',#20360,.T.);
#20380=ADVANCED_FACE('',(#20370),#4850,.T.);
#20390=COLOUR_RGB('',9.4901967048645020E-01,9.4901967048645020E-01,
   1.0000000000000000E+00);
#20400=FILL_AREA_STYLE_COLOUR('',#20390);
#20410=FILL_AREA_STYLE('',(#20400));
#20420=SURFACE_STYLE_FILL_AREA(#20410);
#20430=SURFACE_SIDE_STYLE('',(#20420));
#20440=SURFACE_STYLE_USAGE(.BOTH.,#20430);
#20450=PRESENTATION_STYLE_ASSIGNMENT((#20440));
#20460=CARTESIAN_POINT('',(-3.4644041692111067E+01,
   2.2071376124790600E+01,9.1464466094067287E+00));
#20470=DIRECTION('',(7.0710678118654302E-01,0.0000000000000000E+00,
   -7.0710678118655201E-01));
#20480=DIRECTION('',(-7.0710678118655201E-01,0.0000000000000000E+00,
   -7.0710678118654302E-01));
#20490=AXIS2_PLACEMENT_3D('',#20460,#20470,#20480);
#20500=PLANE('',#20490);
#20510=CARTESIAN_POINT('',(0.0000000000000000E+00,2.5421376124790594E+01
   ,4.3790488301517350E+01));
#20520=DIRECTION('',(-7.0710678118655201E-01,0.0000000000000000E+00,
   -7.0710678118654302E-01));
#20530=VECTOR('',#20520,1.0000000000000000E+00);
#20540=LINE('',#20510,#20530);
#20550=CARTESIAN_POINT('',(-3.4617870503397079E+01,
   2.5421376124790594E+01,9.1726177981207169E+00));
#20560=VERTEX_POINT('',#20550);
#20570=EDGE_CURVE('',#20560,#9750,#20540,.T.);
#20580=ORIENTED_EDGE('',*,*,#20570,.T.);
#20590=CARTESIAN_POINT('',(-3.4617870503397079E+01,
   2.4921376124790594E+01,9.1726177981207169E+00));
#20600=DIRECTION('',(7.0710678118654302E-01,0.0000000000000000E+00,
   -7.0710678118655201E-01));
#20610=DIRECTION('',(-7.0710678118655201E-01,0.0000000000000000E+00,
   -7.0710678118654302E-01));
#20620=AXIS2_PLACEMENT_3D('',#20590,#20600,#20610);
#20630=ELLIPSE('',#20620,7.0710678118652770E-01,4.9999999999998912E-01);
#20640=CARTESIAN_POINT('',(-3.4134907590252553E+01,
   2.5050785647341851E+01,9.6555807112652374E+00));
#20650=VERTEX_POINT('',#20640);
#20660=EDGE_CURVE('',#20560,#20650,#20630,.T.);
#20670=ORIENTED_EDGE('',*,*,#20660,.F.);
#20680=CARTESIAN_POINT('',(-2.7422569806281828E+01,
   0.0000000000000000E+00,1.6367918495235866E+01));
#20690=DIRECTION('',(-2.5056280708574180E-01,9.3511312653102474E-01,
   -2.5056280708573864E-01));
#20700=VECTOR('',#20690,1.0000000000000000E+00);
#20710=LINE('',#20680,#20700);
#20720=CARTESIAN_POINT('',(-3.4090488301517780E+01,
   2.4885010604947620E+01,9.6999999999999993E+00));
#20730=VERTEX_POINT('',#20720);
#20740=EDGE_CURVE('',#20730,#20650,#20710,.T.);
#20750=ORIENTED_EDGE('',*,*,#20740,.T.);
#20760=CARTESIAN_POINT('',(-3.4090488301517787E+01,
   0.0000000000000000E+00,9.6999999999999993E+00));
#20770=DIRECTION('',(0.0000000000000000E+00,1.0000000000000000E+00,
   0.0000000000000000E+00));
#20780=VECTOR('',#20770,1.0000000000000000E+00);
#20790=LINE('',#20760,#20780);
#20800=CARTESIAN_POINT('',(-3.4090488301517780E+01,
   2.1786376124790618E+01,9.6999999999999993E+00));
#20810=VERTEX_POINT('',#20800);
#20820=EDGE_CURVE('',#20810,#20730,#20790,.T.);
#20830=ORIENTED_EDGE('',*,*,#20820,.T.);
#20840=CARTESIAN_POINT('',(0.0000000000000000E+00,5.5876864426308202E+01
   ,4.3790488301517357E+01));
#20850=DIRECTION('',(5.7735026918962939E-01,5.7735026918962584E-01,
   5.7735026918962207E-01));
#20860=VECTOR('',#20850,1.0000000000000000E+00);
#20870=LINE('',#20840,#20860);
#20880=EDGE_CURVE('',#9770,#20810,#20870,.T.);
#20890=ORIENTED_EDGE('',*,*,#20880,.T.);
#20900=ORIENTED_EDGE('',*,*,#9780,.T.);
#20910=EDGE_LOOP('',(#20900,#20890,#20830,#20750,#20670,#20580));
#20920=FACE_OUTER_BOUND('',#20910,.T.);
#20930=ADVANCED_FACE('',(#20920),#20500,.F.);
#20940=COLOUR_RGB('',5.0196081399917603E-01,1.0000000000000000E+00,
   5.0196081399917603E-01);
#20950=FILL_AREA_STYLE_COLOUR('',#20940);
#20960=FILL_AREA_STYLE('',(#20950));
#20970=SURFACE_STYLE_FILL_AREA(#20960);
#20980=SURFACE_SIDE_STYLE('',(#20970));
#20990=SURFACE_STYLE_USAGE(.BOTH.,#20980);
#21000=PRESENTATION_STYLE_ASSIGNMENT((#20990));
#21010=CARTESIAN_POINT('',(-3.1355488301517802E+01,
   2.0821376124790600E+01,3.5000000000000000E+00));
#21020=DIRECTION('',(0.0000000000000000E+00,-1.0000000000000000E+00,
   0.0000000000000000E+00));
#21030=DIRECTION('',(1.0000000000000000E+00,0.0000000000000000E+00,
   0.0000000000000000E+00));
#21040=AXIS2_PLACEMENT_3D('',#21010,#21020,#21030);
#21050=CYLINDRICAL_SURFACE('',#21040,5.5000000000000004E-01);
#21060=CARTESIAN_POINT('',(-3.1905488301517803E+01,
   2.0821376124790600E+01,3.5000000000000000E+00));
#21070=DIRECTION('',(0.0000000000000000E+00,-1.0000000000000000E+00,
   0.0000000000000000E+00));
#21080=VECTOR('',#21070,1.0000000000000000E+00);
#21090=LINE('',#21060,#21080);
#21100=CARTESIAN_POINT('',(-3.1905488301517803E+01,
   2.0821376124790600E+01,3.5000000000000000E+00));
#21110=VERTEX_POINT('',#21100);
#21120=CARTESIAN_POINT('',(-3.1905488301517803E+01,
   2.0321376124790600E+01,3.5000000000000000E+00));
#21130=VERTEX_POINT('',#21120);
#21140=EDGE_CURVE('',#21110,#21130,#21090,.T.);
#21150=ORIENTED_EDGE('',*,*,#21140,.T.);
#21160=CARTESIAN_POINT('',(-3.1355488301517802E+01,
   2.0821376124790600E+01,3.5000000000000000E+00));
#21170=DIRECTION('',(0.0000000000000000E+00,-1.0000000000000000E+00,
   0.0000000000000000E+00));
#21180=DIRECTION('',(1.0000000000000000E+00,0.0000000000000000E+00,
   0.0000000000000000E+00));
#21190=AXIS2_PLACEMENT_3D('',#21160,#21170,#21180);
#21200=CIRCLE('',#21190,5.5000000000000004E-01);
#21210=CARTESIAN_POINT('',(-3.0805488301517801E+01,
   2.0821376124790600E+01,3.5000000000000000E+00));
#21220=VERTEX_POINT('',#21210);
#21230=EDGE_CURVE('',#21220,#21110,#21200,.T.);
#21240=ORIENTED_EDGE('',*,*,#21230,.T.);
#21250=CARTESIAN_POINT('',(-3.0805488301517801E+01,
   2.0821376124790600E+01,3.5000000000000000E+00));
#21260=DIRECTION('',(0.0000000000000000E+00,-1.0000000000000000E+00,
   0.0000000000000000E+00));
#21270=VECTOR('',#21260,1.0000000000000000E+00);
#21280=LINE('',#21250,#21270);
#21290=CARTESIAN_POINT('',(-3.0805488301517801E+01,
   2.0321376124790600E+01,3.5000000000000000E+00));
#21300=VERTEX_POINT('',#21290);
#21310=EDGE_CURVE('',#21220,#21300,#21280,.T.);
#21320=ORIENTED_EDGE('',*,*,#21310,.F.);
#21330=CARTESIAN_POINT('',(-3.1355488301517802E+01,
   2.0321376124790600E+01,3.5000000000000018E+00));
#21340=DIRECTION('',(0.0000000000000000E+00,-1.0000000000000000E+00,
   0.0000000000000000E+00));
#21350=DIRECTION('',(1.0000000000000000E+00,0.0000000000000000E+00,
   0.0000000000000000E+00));
#21360=AXIS2_PLACEMENT_3D('',#21330,#21340,#21350);
#21370=CIRCLE('',#21360,5.5000000000000004E-01);
#21380=EDGE_CURVE('',#21300,#21130,#21370,.T.);
#21390=ORIENTED_EDGE('',*,*,#21380,.F.);
#21400=EDGE_LOOP('',(#21390,#21320,#21240,#21150));
#21410=FACE_OUTER_BOUND('',#21400,.T.);
#21420=ADVANCED_FACE('',(#21410),#21050,.T.);
#21430=COLOUR_RGB('',9.4901961088180542E-01,9.4901961088180542E-01,
   1.0000000000000000E+00);
#21440=FILL_AREA_STYLE_COLOUR('',#21430);
#21450=FILL_AREA_STYLE('',(#21440));
#21460=SURFACE_STYLE_FILL_AREA(#21450);
#21470=SURFACE_SIDE_STYLE('',(#21460));
#21480=SURFACE_STYLE_USAGE(.BOTH.,#21470);
#21490=PRESENTATION_STYLE_ASSIGNMENT((#21480));
#21500=CARTESIAN_POINT('',(-2.9886031253416185E+01,
   2.0321376124790600E+01,2.2269224911855865E+00));
#21510=DIRECTION('',(0.0000000000000000E+00,-1.0000000000000000E+00,
   0.0000000000000000E+00));
#21520=DIRECTION('',(1.0000000000000000E+00,0.0000000000000000E+00,
   0.0000000000000000E+00));
#21530=AXIS2_PLACEMENT_3D('',#21500,#21510,#21520);
#21540=PLANE('',#21530);
#21550=CARTESIAN_POINT('',(-8.4502159542249785E+01,
   2.0321376124790600E+01,3.5000000000000000E+00));
#21560=DIRECTION('',(1.0000000000000000E+00,0.0000000000000000E+00,
   0.0000000000000000E+00));
#21570=VECTOR('',#21560,1.0000000000000000E+00);
#21580=LINE('',#21550,#21570);
#21590=CARTESIAN_POINT('',(-3.1605488301517802E+01,
   2.0321376124790600E+01,3.5000000000000000E+00));
#21600=VERTEX_POINT('',#21590);
#21610=EDGE_CURVE('',#21130,#21600,#21580,.T.);
#21620=ORIENTED_EDGE('',*,*,#21610,.F.);
#21630=CARTESIAN_POINT('',(-3.1605488301517802E+01,
   2.0321376124790600E+01,5.0000000000000000E+00));
#21640=DIRECTION('',(0.0000000000000000E+00,0.0000000000000000E+00,
   -1.0000000000000000E+00));
#21650=VECTOR('',#21640,1.0000000000000000E+00);
#21660=LINE('',#21630,#21650);
#21670=CARTESIAN_POINT('',(-3.1605488301517802E+01,
   2.0321376124790600E+01,3.0499999999999998E+00));
#21680=VERTEX_POINT('',#21670);
#21690=EDGE_CURVE('',#21600,#21680,#21660,.T.);
#21700=ORIENTED_EDGE('',*,*,#21690,.F.);
#21710=CARTESIAN_POINT('',(-8.4502159542249785E+01,
   2.0321376124790600E+01,3.0499999999999998E+00));
#21720=DIRECTION('',(1.0000000000000000E+00,0.0000000000000000E+00,
   0.0000000000000000E+00));
#21730=VECTOR('',#21720,1.0000000000000000E+00);
#21740=LINE('',#21710,#21730);
#21750=EDGE_CURVE('',#21680,#20020,#21740,.T.);
#21760=ORIENTED_EDGE('',*,*,#21750,.F.);
#21770=ORIENTED_EDGE('',*,*,#20030,.T.);
#21780=EDGE_CURVE('',#19940,#21300,#21580,.T.);
#21790=ORIENTED_EDGE('',*,*,#21780,.F.);
#21800=CARTESIAN_POINT('',(-3.1355488301517802E+01,
   2.0321376124790600E+01,3.5000000000000000E+00));
#21810=DIRECTION('',(0.0000000000000000E+00,-1.0000000000000000E+00,
   0.0000000000000000E+00));
#21820=DIRECTION('',(1.0000000000000000E+00,0.0000000000000000E+00,
   0.0000000000000000E+00));
#21830=AXIS2_PLACEMENT_3D('',#21800,#21810,#21820);
#21840=CIRCLE('',#21830,5.5000000000000004E-01);
#21850=EDGE_CURVE('',#21130,#21300,#21840,.T.);
#21860=ORIENTED_EDGE('',*,*,#21850,.T.);
#21870=EDGE_LOOP('',(#21860,#21790,#21770,#21760,#21700,#21620));
#21880=FACE_OUTER_BOUND('',#21870,.T.);
#21890=ADVANCED_FACE('',(#21880),#21540,.T.);
#21900=COLOUR_RGB('',9.4901961088180542E-01,9.4901961088180542E-01,
   1.0000000000000000E+00);
#21910=FILL_AREA_STYLE_COLOUR('',#21900);
#21920=FILL_AREA_STYLE('',(#21910));
#21930=SURFACE_STYLE_FILL_AREA(#21920);
#21940=SURFACE_SIDE_STYLE('',(#21930));
#21950=SURFACE_STYLE_USAGE(.BOTH.,#21940);
#21960=PRESENTATION_STYLE_ASSIGNMENT((#21950));
#21970=CARTESIAN_POINT('',(-3.1105488301517802E+01,
   2.0321376124790600E+01,3.0499999999999998E+00));
#21980=DIRECTION('',(0.0000000000000000E+00,0.0000000000000000E+00,
   -1.0000000000000000E+00));
#21990=DIRECTION('',(-1.0000000000000000E+00,0.0000000000000000E+00,
   0.0000000000000000E+00));
#22000=AXIS2_PLACEMENT_3D('',#21970,#21980,#21990);
#22010=PLANE('',#22000);
#22020=CARTESIAN_POINT('',(-3.1605488301517802E+01,
   -2.2653715864353234E+01,3.0499999999999998E+00));
#22030=DIRECTION('',(0.0000000000000000E+00,-1.0000000000000000E+00,
   0.0000000000000000E+00));
#22040=VECTOR('',#22030,1.0000000000000000E+00);
#22050=LINE('',#22020,#22040);
#22060=EDGE_CURVE('',#21680,#19390,#22050,.T.);
#22070=ORIENTED_EDGE('',*,*,#22060,.F.);
#22080=ORIENTED_EDGE('',*,*,#19400,.F.);
#22090=ORIENTED_EDGE('',*,*,#20090,.F.);
#22100=ORIENTED_EDGE('',*,*,#21750,.T.);
#22110=EDGE_LOOP('',(#22100,#22090,#22080,#22070));
#22120=FACE_OUTER_BOUND('',#22110,.T.);
#22130=ADVANCED_FACE('',(#22120),#22010,.T.);
#22140=COLOUR_RGB('',9.4901961088180542E-01,9.4901961088180542E-01,
   1.0000000000000000E+00);
#22150=FILL_AREA_STYLE_COLOUR('',#22140);
#22160=FILL_AREA_STYLE('',(#22150));
#22170=SURFACE_STYLE_FILL_AREA(#22160);
#22180=SURFACE_SIDE_STYLE('',(#22170));
#22190=SURFACE_STYLE_USAGE(.BOTH.,#22180);
#22200=PRESENTATION_STYLE_ASSIGNMENT((#22190));
#22210=CARTESIAN_POINT('',(-3.1605488301517802E+01,
   2.0321376124790600E+01,3.0499999999999998E+00));
#22220=DIRECTION('',(-1.0000000000000000E+00,0.0000000000000000E+00,
   0.0000000000000000E+00));
#22230=DIRECTION('',(0.0000000000000000E+00,0.0000000000000000E+00,
   1.0000000000000000E+00));
#22240=AXIS2_PLACEMENT_3D('',#22210,#22220,#22230);
#22250=PLANE('',#22240);
#22260=CARTESIAN_POINT('',(-3.1605488301517802E+01,
   2.0321376124790600E+01,8.5000000000000018E+00));
#22270=DIRECTION('',(0.0000000000000000E+00,0.0000000000000000E+00,
   1.0000000000000000E+00));
#22280=VECTOR('',#22270,1.0000000000000000E+00);
#22290=LINE('',#22260,#22280);
#22300=CARTESIAN_POINT('',(-3.1605488301517802E+01,
   2.0321376124790600E+01,3.9500000000000020E+00));
#22310=VERTEX_POINT('',#22300);
#22320=EDGE_CURVE('',#21600,#22310,#22290,.T.);
#22330=ORIENTED_EDGE('',*,*,#22320,.F.);
#22340=CARTESIAN_POINT('',(-3.1605488301517802E+01,
   -2.2653715864353234E+01,3.9500000000000020E+00));
#22350=DIRECTION('',(0.0000000000000000E+00,1.0000000000000000E+00,
   0.0000000000000000E+00));
#22360=VECTOR('',#22350,1.0000000000000000E+00);
#22370=LINE('',#22340,#22360);
#22380=CARTESIAN_POINT('',(-3.1605488301517802E+01,
   1.8321376124790600E+01,3.9500000000000020E+00));
#22390=VERTEX_POINT('',#22380);
#22400=EDGE_CURVE('',#22390,#22310,#22370,.T.);
#22410=ORIENTED_EDGE('',*,*,#22400,.T.);
#22420=CARTESIAN_POINT('',(-3.1605488301517795E+01,
   -2.2653715864353234E+01,-7.0292428082820599E+00));
#22430=DIRECTION('',(0.0000000000000000E+00,-9.6592582628906831E-01,
   -2.5881904510252091E-01));
#22440=VECTOR('',#22430,1.0000000000000000E+00);
#22450=LINE('',#22420,#22440);
#22460=CARTESIAN_POINT('',(-3.1605488301517802E+01,
   1.7321376124790600E+01,3.6820508075688787E+00));
#22470=VERTEX_POINT('',#22460);
#22480=EDGE_CURVE('',#22390,#22470,#22450,.T.);
#22490=ORIENTED_EDGE('',*,*,#22480,.F.);
#22500=CARTESIAN_POINT('',(-3.1605488301517802E+01,
   1.7321376124790600E+01,5.0000000000000000E+00));
#22510=DIRECTION('',(0.0000000000000000E+00,0.0000000000000000E+00,
   -1.0000000000000000E+00));
#22520=VECTOR('',#22510,1.0000000000000000E+00);
#22530=LINE('',#22500,#22520);
#22540=EDGE_CURVE('',#22470,#19470,#22530,.T.);
#22550=ORIENTED_EDGE('',*,*,#22540,.F.);
#22560=ORIENTED_EDGE('',*,*,#19480,.F.);
#22570=ORIENTED_EDGE('',*,*,#22060,.T.);
#22580=ORIENTED_EDGE('',*,*,#21690,.T.);
#22590=EDGE_LOOP('',(#22580,#22570,#22560,#22550,#22490,#22410,#22330));
#22600=FACE_OUTER_BOUND('',#22590,.T.);
#22610=ADVANCED_FACE('',(#22600),#22250,.T.);
#22620=COLOUR_RGB('',9.4901961088180542E-01,9.4901961088180542E-01,
   1.0000000000000000E+00);
#22630=FILL_AREA_STYLE_COLOUR('',#22620);
#22640=FILL_AREA_STYLE('',(#22630));
#22650=SURFACE_STYLE_FILL_AREA(#22640);
#22660=SURFACE_SIDE_STYLE('',(#22650));
#22670=SURFACE_STYLE_USAGE(.BOTH.,#22660);
#22680=PRESENTATION_STYLE_ASSIGNMENT((#22670));
#22690=CARTESIAN_POINT('',(-3.1158000928102481E+01,
   2.7601376124790594E+01,6.7525126265846840E+00));
#22700=DIRECTION('',(-7.0710678118654746E-01,0.0000000000000000E+00,
   7.0710678118654757E-01));
#22710=DIRECTION('',(0.0000000000000000E+00,1.0000000000000000E+00,
   0.0000000000000000E+00));
#22720=AXIS2_PLACEMENT_3D('',#22690,#22700,#22710);
#22730=PLANE('',#22720);
#22740=CARTESIAN_POINT('',(-3.2116515403736514E+01,
   2.8001376124790593E+01,5.7939981509506531E+00));
#22750=VERTEX_POINT('',#22740);
#22760=EDGE_CURVE('',#18330,#22750,#18390,.T.);
#22770=ORIENTED_EDGE('',*,*,#22760,.F.);
#22780=CARTESIAN_POINT('',(-3.2116515403736514E+01,
   2.7145319094080318E+01,5.7939981509506531E+00));
#22790=DIRECTION('',(0.0000000000000000E+00,1.0000000000000000E+00,
   0.0000000000000000E+00));
#22800=VECTOR('',#22790,1.0000000000000000E+00);
#22810=LINE('',#22780,#22800);
#22820=CARTESIAN_POINT('',(-3.2116515403736514E+01,
   2.8601376124790601E+01,5.7939981509506531E+00));
#22830=VERTEX_POINT('',#22820);
#22840=EDGE_CURVE('',#22750,#22830,#22810,.T.);
#22850=ORIENTED_EDGE('',*,*,#22840,.F.);
#22860=CARTESIAN_POINT('',(-8.4502159542249785E+01,
   2.8601376124790601E+01,-4.6591645987562615E+01));
#22870=DIRECTION('',(7.0710678118654757E-01,0.0000000000000000E+00,
   7.0710678118654746E-01));
#22880=VECTOR('',#22870,1.0000000000000000E+00);
#22890=LINE('',#22860,#22880);
#22900=CARTESIAN_POINT('',(-3.1451982696656941E+01,
   2.8601376124790601E+01,6.4585308580290750E+00));
#22910=VERTEX_POINT('',#22900);
#22920=EDGE_CURVE('',#22830,#22910,#22890,.T.);
#22930=ORIENTED_EDGE('',*,*,#22920,.F.);
#22940=CARTESIAN_POINT('',(-3.1451982696657915E+01,
   3.9321376124790604E+01,6.4585308580292482E+00));
#22950=DIRECTION('',(0.0000000000000000E+00,-1.0000000000000000E+00,
   0.0000000000000000E+00));
#22960=VECTOR('',#22950,1.0000000000000000E+00);
#22970=LINE('',#22940,#22960);
#22980=EDGE_CURVE('',#22910,#18330,#22970,.T.);
#22990=ORIENTED_EDGE('',*,*,#22980,.F.);
#23000=EDGE_LOOP('',(#22990,#22930,#22850,#22770));
#23010=FACE_OUTER_BOUND('',#23000,.T.);
#23020=ADVANCED_FACE('',(#23010),#22730,.T.);
#23030=COLOUR_RGB('',9.4901967048645020E-01,9.4901967048645020E-01,
   1.0000000000000000E+00);
#23040=FILL_AREA_STYLE_COLOUR('',#23030);
#23050=FILL_AREA_STYLE('',(#23040));
#23060=SURFACE_STYLE_FILL_AREA(#23050);
#23070=SURFACE_SIDE_STYLE('',(#23060));
#23080=SURFACE_STYLE_USAGE(.BOTH.,#23070);
#23090=PRESENTATION_STYLE_ASSIGNMENT((#23080));
#23100=CARTESIAN_POINT('',(-3.4177964823400686E+01,
   2.4029245874728044E+01,2.7000000000000002E+00));
#23110=DIRECTION('',(0.0000000000000000E+00,0.0000000000000000E+00,
   1.0000000000000000E+00));
#23120=DIRECTION('',(1.0000000000000000E+00,0.0000000000000000E+00,
   0.0000000000000000E+00));
#23130=AXIS2_PLACEMENT_3D('',#23100,#23110,#23120);
#23140=PLANE('',#23130);
#23150=CARTESIAN_POINT('',(-3.3805488301517798E+01,
   2.3821376124790600E+01,2.7000000000000002E+00));
#23160=DIRECTION('',(-2.5881904510253184E-01,9.6592582628906531E-01,
   0.0000000000000000E+00));
#23170=VECTOR('',#23160,1.0000000000000000E+00);
#23180=LINE('',#23150,#23170);
#23190=CARTESIAN_POINT('',(-3.3805488301517798E+01,
   2.3821376124790600E+01,2.7000000000000002E+00));
#23200=VERTEX_POINT('',#23190);
#23210=EDGE_CURVE('',#23200,#8970,#23180,.T.);
#23220=ORIENTED_EDGE('',*,*,#23210,.T.);
#23230=CARTESIAN_POINT('',(-3.3805488301517798E+01,
   2.3821376124790600E+01,2.7000000000000002E+00));
#23240=DIRECTION('',(1.0000000000000000E+00,0.0000000000000000E+00,
   0.0000000000000000E+00));
#23250=VECTOR('',#23240,1.0000000000000000E+00);
#23260=LINE('',#23230,#23250);
#23270=CARTESIAN_POINT('',(-3.3520488301517801E+01,
   2.3821376124790600E+01,2.7000000000000002E+00));
#23280=VERTEX_POINT('',#23270);
#23290=EDGE_CURVE('',#23200,#23280,#23260,.T.);
#23300=ORIENTED_EDGE('',*,*,#23290,.F.);
#23310=CARTESIAN_POINT('',(-3.3520488301517801E+01,
   2.3821376124790600E+01,2.7000000000000002E+00));
#23320=DIRECTION('',(0.0000000000000000E+00,-1.0000000000000000E+00,
   0.0000000000000000E+00));
#23330=VECTOR('',#23320,1.0000000000000000E+00);
#23340=LINE('',#23310,#23330);
#23350=CARTESIAN_POINT('',(-3.3520488301517801E+01,
   2.2071376124790600E+01,2.7000000000000002E+00));
#23360=VERTEX_POINT('',#23350);
#23370=EDGE_CURVE('',#23280,#23360,#23340,.T.);
#23380=ORIENTED_EDGE('',*,*,#23370,.F.);
#23390=CARTESIAN_POINT('',(-3.3805488301517798E+01,
   2.2071376124790600E+01,2.7000000000000002E+00));
#23400=DIRECTION('',(1.0000000000000000E+00,0.0000000000000000E+00,
   0.0000000000000000E+00));
#23410=VECTOR('',#23400,1.0000000000000000E+00);
#23420=LINE('',#23390,#23410);
#23430=EDGE_CURVE('',#13110,#23360,#23420,.T.);
#23440=ORIENTED_EDGE('',*,*,#23430,.T.);
#23450=ORIENTED_EDGE('',*,*,#13120,.T.);
#23460=ORIENTED_EDGE('',*,*,#9060,.F.);
#23470=EDGE_LOOP('',(#23460,#23450,#23440,#23380,#23300,#23220));
#23480=FACE_OUTER_BOUND('',#23470,.T.);
#23490=ADVANCED_FACE('',(#23480),#23140,.T.);
#23500=COLOUR_RGB('',5.0196081399917603E-01,1.0000000000000000E+00,
   5.0196081399917603E-01);
#23510=FILL_AREA_STYLE_COLOUR('',#23500);
#23520=FILL_AREA_STYLE('',(#23510));
#23530=SURFACE_STYLE_FILL_AREA(#23520);
#23540=SURFACE_SIDE_STYLE('',(#23530));
#23550=SURFACE_STYLE_USAGE(.BOTH.,#23540);
#23560=PRESENTATION_STYLE_ASSIGNMENT((#23550));
#23570=CARTESIAN_POINT('',(-3.4644041692111067E+01,
   2.5421376124790601E+01,2.7000000000000020E+00));
#23580=DIRECTION('',(-0.0000000000000000E+00,1.0000000000000000E+00,
   0.0000000000000000E+00));
#23590=DIRECTION('',(1.0000000000000000E+00,0.0000000000000000E+00,
   0.0000000000000000E+00));
#23600=AXIS2_PLACEMENT_3D('',#23570,#23580,#23590);
#23610=PLANE('',#23600);
#23620=ORIENTED_EDGE('',*,*,#8810,.F.);
#23630=ORIENTED_EDGE('',*,*,#3080,.T.);
#23640=CARTESIAN_POINT('',(-3.4955488301517804E+01,
   2.5421376124790601E+01,3.5000000000000018E+00));
#23650=DIRECTION('',(0.0000000000000000E+00,0.0000000000000000E+00,
   1.0000000000000000E+00));
#23660=VECTOR('',#23650,1.0000000000000000E+00);
#23670=LINE('',#23640,#23660);
#23680=CARTESIAN_POINT('',(-3.4955488301517804E+01,
   2.5421376124790601E+01,4.9982238643201597E+00));
#23690=VERTEX_POINT('',#23680);
#23700=EDGE_CURVE('',#3000,#23690,#23670,.T.);
#23710=ORIENTED_EDGE('',*,*,#23700,.F.);
#23720=CARTESIAN_POINT('',(-3.4997595082704343E+01,
   2.5421376124790601E+01,4.5000000000000000E+00));
#23730=DIRECTION('',(0.0000000000000000E+00,-1.0000000000000000E+00,
   0.0000000000000000E+00));
#23740=DIRECTION('',(1.0000000000000000E+00,0.0000000000000000E+00,
   0.0000000000000000E+00));
#23750=AXIS2_PLACEMENT_3D('',#23720,#23730,#23740);
#23760=CIRCLE('',#23750,5.0000000000000400E-01);
#23770=CARTESIAN_POINT('',(-3.4644041692111067E+01,
   2.5421376124790601E+01,4.8535533905932766E+00));
#23780=VERTEX_POINT('',#23770);
#23790=EDGE_CURVE('',#23780,#23690,#23760,.T.);
#23800=ORIENTED_EDGE('',*,*,#23790,.T.);
#23810=CARTESIAN_POINT('',(-3.3290488301517811E+01,
   2.5421376124790601E+01,3.5000000000000018E+00));
#23820=DIRECTION('',(7.0710678118654302E-01,0.0000000000000000E+00,
   -7.0710678118655212E-01));
#23830=VECTOR('',#23820,1.0000000000000000E+00);
#23840=LINE('',#23810,#23830);
#23850=CARTESIAN_POINT('',(-3.4617870503397079E+01,
   2.5421376124790594E+01,4.8273822018792885E+00));
#23860=VERTEX_POINT('',#23850);
#23870=EDGE_CURVE('',#23780,#23860,#23840,.T.);
#23880=ORIENTED_EDGE('',*,*,#23870,.F.);
#23890=CARTESIAN_POINT('',(-3.4617870503397079E+01,
   2.5421376124790594E+01,2.7000000000000002E+00));
#23900=DIRECTION('',(0.0000000000000000E+00,0.0000000000000000E+00,
   1.0000000000000000E+00));
#23910=VECTOR('',#23900,1.0000000000000000E+00);
#23920=LINE('',#23890,#23910);
#23930=EDGE_CURVE('',#8800,#23860,#23920,.T.);
#23940=ORIENTED_EDGE('',*,*,#23930,.T.);
#23950=EDGE_LOOP('',(#23940,#23880,#23800,#23710,#23630,#23620));
#23960=FACE_OUTER_BOUND('',#23950,.T.);
#23970=ADVANCED_FACE('',(#23960),#23610,.F.);
#23980=COLOUR_RGB('',5.0196081399917603E-01,1.0000000000000000E+00,
   5.0196081399917603E-01);
#23990=FILL_AREA_STYLE_COLOUR('',#23980);
#24000=FILL_AREA_STYLE('',(#23990));
#24010=SURFACE_STYLE_FILL_AREA(#24000);
#24020=SURFACE_SIDE_STYLE('',(#24010));
#24030=SURFACE_STYLE_USAGE(.BOTH.,#24020);
#24040=PRESENTATION_STYLE_ASSIGNMENT((#24030));
#24050=CARTESIAN_POINT('',(-3.4997595082704343E+01,
   2.2071376124790600E+01,4.5000000000000000E+00));
#24060=DIRECTION('',(0.0000000000000000E+00,-1.0000000000000000E+00,
   0.0000000000000000E+00));
#24070=DIRECTION('',(1.0000000000000000E+00,0.0000000000000000E+00,
   0.0000000000000000E+00));
#24080=AXIS2_PLACEMENT_3D('',#24050,#24060,#24070);
#24090=CYLINDRICAL_SURFACE('',#24080,5.0000000000000400E-01);
#24100=ORIENTED_EDGE('',*,*,#23790,.F.);
#24110=CARTESIAN_POINT('',(-3.4955488301517804E+01,
   2.2071376124790600E+01,4.9982238643201597E+00));
#24120=DIRECTION('',(0.0000000000000000E+00,-1.0000000000000000E+00,
   0.0000000000000000E+00));
#24130=VECTOR('',#24120,1.0000000000000000E+00);
#24140=LINE('',#24110,#24130);
#24150=EDGE_CURVE('',#23690,#12950,#24140,.T.);
#24160=ORIENTED_EDGE('',*,*,#24150,.F.);
#24170=ORIENTED_EDGE('',*,*,#12960,.T.);
#24180=CARTESIAN_POINT('',(-3.4644041692111067E+01,
   0.0000000000000000E+00,4.8535533905932722E+00));
#24190=DIRECTION('',(0.0000000000000000E+00,-1.0000000000000000E+00,
   0.0000000000000000E+00));
#24200=VECTOR('',#24190,1.0000000000000000E+00);
#24210=LINE('',#24180,#24200);
#24220=EDGE_CURVE('',#23780,#12930,#24210,.T.);
#24230=ORIENTED_EDGE('',*,*,#24220,.T.);
#24240=EDGE_LOOP('',(#24230,#24170,#24160,#24100));
#24250=FACE_OUTER_BOUND('',#24240,.T.);
#24260=ADVANCED_FACE('',(#24250),#24090,.F.);
#24270=COLOUR_RGB('',5.0196081399917603E-01,1.0000000000000000E+00,
   5.0196081399917603E-01);
#24280=FILL_AREA_STYLE_COLOUR('',#24270);
#24290=FILL_AREA_STYLE('',(#24280));
#24300=SURFACE_STYLE_FILL_AREA(#24290);
#24310=SURFACE_SIDE_STYLE('',(#24300));
#24320=SURFACE_STYLE_USAGE(.BOTH.,#24310);
#24330=PRESENTATION_STYLE_ASSIGNMENT((#24320));
#24340=CARTESIAN_POINT('',(-3.4997595082704343E+01,
   2.2071376124790600E+01,6.0000000000000000E+00));
#24350=DIRECTION('',(0.0000000000000000E+00,-1.0000000000000000E+00,
   0.0000000000000000E+00));
#24360=DIRECTION('',(1.0000000000000000E+00,0.0000000000000000E+00,
   0.0000000000000000E+00));
#24370=AXIS2_PLACEMENT_3D('',#24340,#24350,#24360);
#24380=CYLINDRICAL_SURFACE('',#24370,5.0000000000000000E-01);
#24390=CARTESIAN_POINT('',(-3.4644041692111067E+01,
   2.2071376124790600E+01,5.6464466094067296E+00));
#24400=DIRECTION('',(0.0000000000000000E+00,-1.0000000000000000E+00,
   0.0000000000000000E+00));
#24410=VECTOR('',#24400,1.0000000000000000E+00);
#24420=LINE('',#24390,#24410);
#24430=CARTESIAN_POINT('',(-3.4644041692111067E+01,
   2.5421376124790601E+01,5.6464466094067296E+00));
#24440=VERTEX_POINT('',#24430);
#24450=CARTESIAN_POINT('',(-3.4644041692111067E+01,
   2.1232822734197338E+01,5.6464466094067296E+00));
#24460=VERTEX_POINT('',#24450);
#24470=EDGE_CURVE('',#24440,#24460,#24420,.T.);
#24480=ORIENTED_EDGE('',*,*,#24470,.F.);
#24490=CARTESIAN_POINT('',(-3.4997595082704343E+01,
   2.0879269343604062E+01,6.0000000000000000E+00));
#24500=DIRECTION('',(7.0710678118654535E-01,-7.0710678118654968E-01,
   0.0000000000000000E+00));
#24510=DIRECTION('',(-7.0710678118654968E-01,-7.0710678118654535E-01,
   0.0000000000000000E+00));
#24520=AXIS2_PLACEMENT_3D('',#24490,#24500,#24510);
#24530=ELLIPSE('',#24520,7.0710678118654535E-01,5.0000000000000000E-01);
#24540=CARTESIAN_POINT('',(-3.4955488301517804E+01,
   2.0921376124790608E+01,5.5017761356798447E+00));
#24550=VERTEX_POINT('',#24540);
#24560=EDGE_CURVE('',#24550,#24460,#24530,.T.);
#24570=ORIENTED_EDGE('',*,*,#24560,.T.);
#24580=CARTESIAN_POINT('',(-3.4955488301517804E+01,
   2.2071376124790600E+01,5.5017761356798447E+00));
#24590=DIRECTION('',(0.0000000000000000E+00,-1.0000000000000000E+00,
   0.0000000000000000E+00));
#24600=VECTOR('',#24590,1.0000000000000000E+00);
#24610=LINE('',#24580,#24600);
#24620=CARTESIAN_POINT('',(-3.4955488301517804E+01,
   2.5421376124790601E+01,5.5017761356798447E+00));
#24630=VERTEX_POINT('',#24620);
#24640=EDGE_CURVE('',#24630,#24550,#24610,.T.);
#24650=ORIENTED_EDGE('',*,*,#24640,.T.);
#24660=CARTESIAN_POINT('',(-3.4997595082704343E+01,
   2.5421376124790601E+01,6.0000000000000000E+00));
#24670=DIRECTION('',(0.0000000000000000E+00,-1.0000000000000000E+00,
   0.0000000000000000E+00));
#24680=DIRECTION('',(1.0000000000000000E+00,0.0000000000000000E+00,
   0.0000000000000000E+00));
#24690=AXIS2_PLACEMENT_3D('',#24660,#24670,#24680);
#24700=CIRCLE('',#24690,5.0000000000000000E-01);
#24710=EDGE_CURVE('',#24630,#24440,#24700,.T.);
#24720=ORIENTED_EDGE('',*,*,#24710,.F.);
#24730=EDGE_LOOP('',(#24720,#24650,#24570,#24480));
#24740=FACE_OUTER_BOUND('',#24730,.T.);
#24750=ADVANCED_FACE('',(#24740),#24380,.F.);
#24760=COLOUR_RGB('',5.0196081399917603E-01,1.0000000000000000E+00,
   5.0196081399917603E-01);
#24770=FILL_AREA_STYLE_COLOUR('',#24760);
#24780=FILL_AREA_STYLE('',(#24770));
#24790=SURFACE_STYLE_FILL_AREA(#24780);
#24800=SURFACE_SIDE_STYLE('',(#24790));
#24810=SURFACE_STYLE_USAGE(.BOTH.,#24800);
#24820=PRESENTATION_STYLE_ASSIGNMENT((#24810));
#24830=CARTESIAN_POINT('',(-3.4617870503397079E+01,
   2.4921376124790601E+01,2.7000000000000002E+00));
#24840=DIRECTION('',(0.0000000000000000E+00,0.0000000000000000E+00,
   1.0000000000000000E+00));
#24850=DIRECTION('',(1.0000000000000000E+00,0.0000000000000000E+00,
   0.0000000000000000E+00));
#24860=AXIS2_PLACEMENT_3D('',#24830,#24840,#24850);
#24870=CYLINDRICAL_SURFACE('',#24860,4.9999999999998912E-01);
#24880=CARTESIAN_POINT('',(-3.4617870503397079E+01,
   2.4921376124790601E+01,4.8273822018792885E+00));
#24890=DIRECTION('',(7.0710678118655212E-01,0.0000000000000000E+00,
   7.0710678118654302E-01));
#24900=DIRECTION('',(7.0710678118654302E-01,0.0000000000000000E+00,
   -7.0710678118655212E-01));
#24910=AXIS2_PLACEMENT_3D('',#24880,#24890,#24900);
#24920=ELLIPSE('',#24910,7.0710678118653658E-01,4.9999999999998901E-01);
#24930=CARTESIAN_POINT('',(-3.4134907590252553E+01,
   2.5050785647341851E+01,4.3444192887347564E+00));
#24940=VERTEX_POINT('',#24930);
#24950=EDGE_CURVE('',#24940,#23860,#24920,.T.);
#24960=ORIENTED_EDGE('',*,*,#24950,.T.);
#24970=CARTESIAN_POINT('',(-3.4134907590252553E+01,
   2.5050785647341851E+01,3.5000000000000018E+00));
#24980=DIRECTION('',(0.0000000000000000E+00,0.0000000000000000E+00,
   1.0000000000000000E+00));
#24990=VECTOR('',#24980,1.0000000000000000E+00);
#25000=LINE('',#24970,#24990);
#25010=EDGE_CURVE('',#8890,#24940,#25000,.T.);
#25020=ORIENTED_EDGE('',*,*,#25010,.T.);
#25030=ORIENTED_EDGE('',*,*,#8900,.T.);
#25040=ORIENTED_EDGE('',*,*,#23930,.F.);
#25050=EDGE_LOOP('',(#25040,#25030,#25020,#24960));
#25060=FACE_OUTER_BOUND('',#25050,.T.);
#25070=ADVANCED_FACE('',(#25060),#24870,.F.);
#25080=COLOUR_RGB('',5.0196081399917603E-01,1.0000000000000000E+00,
   5.0196081399917603E-01);
#25090=FILL_AREA_STYLE_COLOUR('',#25080);
#25100=FILL_AREA_STYLE('',(#25090));
#25110=SURFACE_STYLE_FILL_AREA(#25100);
#25120=SURFACE_SIDE_STYLE('',(#25110));
#25130=SURFACE_STYLE_USAGE(.BOTH.,#25120);
#25140=PRESENTATION_STYLE_ASSIGNMENT((#25130));
#25150=CARTESIAN_POINT('',(-3.3520488301517801E+01,
   2.2071376124790600E+01,7.0000000000000000E+00));
#25160=DIRECTION('',(-0.0000000000000000E+00,-1.0000000000000000E+00,
   -0.0000000000000000E+00));
#25170=DIRECTION('',(-1.0000000000000000E+00,0.0000000000000000E+00,
   0.0000000000000000E+00));
#25180=AXIS2_PLACEMENT_3D('',#25150,#25160,#25170);
#25190=PLANE('',#25180);
#25200=CARTESIAN_POINT('',(-3.3805488301517798E+01,
   2.2071376124790600E+01,6.2000000000000020E+00));
#25210=DIRECTION('',(1.0000000000000000E+00,0.0000000000000000E+00,
   0.0000000000000000E+00));
#25220=VECTOR('',#25210,1.0000000000000000E+00);
#25230=LINE('',#25200,#25220);
#25240=CARTESIAN_POINT('',(-3.3805488301517798E+01,
   2.2071376124790600E+01,6.2000000000000020E+00));
#25250=VERTEX_POINT('',#25240);
#25260=CARTESIAN_POINT('',(-3.3520488301517801E+01,
   2.2071376124790600E+01,6.2000000000000020E+00));
#25270=VERTEX_POINT('',#25260);
#25280=EDGE_CURVE('',#25250,#25270,#25230,.T.);
#25290=ORIENTED_EDGE('',*,*,#25280,.F.);
#25300=CARTESIAN_POINT('',(-3.3520488301517801E+01,
   2.2071376124790600E+01,7.0000000000000018E+00));
#25310=DIRECTION('',(0.0000000000000000E+00,0.0000000000000000E+00,
   1.0000000000000000E+00));
#25320=VECTOR('',#25310,1.0000000000000000E+00);
#25330=LINE('',#25300,#25320);
#25340=CARTESIAN_POINT('',(-3.3520488301517801E+01,
   2.2071376124790600E+01,7.7999999999999998E+00));
#25350=VERTEX_POINT('',#25340);
#25360=EDGE_CURVE('',#25270,#25350,#25330,.T.);
#25370=ORIENTED_EDGE('',*,*,#25360,.F.);
#25380=CARTESIAN_POINT('',(-3.3805488301517798E+01,
   2.2071376124790600E+01,7.7999999999999998E+00));
#25390=DIRECTION('',(1.0000000000000000E+00,0.0000000000000000E+00,
   0.0000000000000000E+00));
#25400=VECTOR('',#25390,1.0000000000000000E+00);
#25410=LINE('',#25380,#25400);
#25420=CARTESIAN_POINT('',(-3.3805488301517805E+01,
   2.2071376124790600E+01,7.7999999999999954E+00));
#25430=VERTEX_POINT('',#25420);
#25440=EDGE_CURVE('',#25430,#25350,#25410,.T.);
#25450=ORIENTED_EDGE('',*,*,#25440,.T.);
#25460=CARTESIAN_POINT('',(-3.3805488301517805E+01,
   2.2071376124790600E+01,7.0000000000000000E+00));
#25470=DIRECTION('',(0.0000000000000000E+00,0.0000000000000000E+00,
   1.0000000000000000E+00));
#25480=VECTOR('',#25470,1.0000000000000000E+00);
#25490=LINE('',#25460,#25480);
#25500=EDGE_CURVE('',#25250,#25430,#25490,.T.);
#25510=ORIENTED_EDGE('',*,*,#25500,.T.);
#25520=EDGE_LOOP('',(#25510,#25450,#25370,#25290));
#25530=FACE_OUTER_BOUND('',#25520,.T.);
#25540=ADVANCED_FACE('',(#25530),#25190,.F.);
#25550=COLOUR_RGB('',5.0196081399917603E-01,1.0000000000000000E+00,
   5.0196081399917603E-01);
#25560=FILL_AREA_STYLE_COLOUR('',#25550);
#25570=FILL_AREA_STYLE('',(#25560));
#25580=SURFACE_STYLE_FILL_AREA(#25570);
#25590=SURFACE_SIDE_STYLE('',(#25580));
#25600=SURFACE_STYLE_USAGE(.BOTH.,#25590);
#25610=PRESENTATION_STYLE_ASSIGNMENT((#25600));
#25620=CARTESIAN_POINT('',(-3.3805488301517798E+01,
   2.3821376124790600E+01,3.5000000000000000E+00));
#25630=DIRECTION('',(9.6592582628906531E-01,2.5881904510253184E-01,
   0.0000000000000000E+00));
#25640=DIRECTION('',(2.5881904510253184E-01,-9.6592582628906531E-01,
   0.0000000000000000E+00));
#25650=AXIS2_PLACEMENT_3D('',#25620,#25630,#25640);
#25660=PLANE('',#25650);
#25670=ORIENTED_EDGE('',*,*,#8980,.F.);
#25680=ORIENTED_EDGE('',*,*,#25010,.F.);
#25690=CARTESIAN_POINT('',(-2.7422569806281842E+01,
   0.0000000000000000E+00,-2.3679184952360455E+00));
#25700=DIRECTION('',(2.5056280708574147E-01,-9.3511312653102330E-01,
   -2.5056280708574469E-01));
#25710=VECTOR('',#25700,1.0000000000000000E+00);
#25720=LINE('',#25690,#25710);
#25730=CARTESIAN_POINT('',(-3.4090488301517780E+01,
   2.4885010604947620E+01,4.3000000000000016E+00));
#25740=VERTEX_POINT('',#25730);
#25750=EDGE_CURVE('',#24940,#25740,#25720,.T.);
#25760=ORIENTED_EDGE('',*,*,#25750,.F.);
#25770=CARTESIAN_POINT('',(-3.3805488301517798E+01,
   2.3821376124790600E+01,4.3000000000000016E+00));
#25780=DIRECTION('',(-2.5881904510253184E-01,9.6592582628906531E-01,
   0.0000000000000000E+00));
#25790=VECTOR('',#25780,1.0000000000000000E+00);
#25800=LINE('',#25770,#25790);
#25810=CARTESIAN_POINT('',(-3.3805488301517791E+01,
   2.3821376124790600E+01,4.2999999999999972E+00));
#25820=VERTEX_POINT('',#25810);
#25830=EDGE_CURVE('',#25820,#25740,#25800,.T.);
#25840=ORIENTED_EDGE('',*,*,#25830,.T.);
#25850=CARTESIAN_POINT('',(-3.3805488301517798E+01,
   2.3821376124790600E+01,3.5000000000000018E+00));
#25860=DIRECTION('',(0.0000000000000000E+00,0.0000000000000000E+00,
   -1.0000000000000000E+00));
#25870=VECTOR('',#25860,1.0000000000000000E+00);
#25880=LINE('',#25850,#25870);
#25890=EDGE_CURVE('',#25820,#23200,#25880,.T.);
#25900=ORIENTED_EDGE('',*,*,#25890,.F.);
#25910=ORIENTED_EDGE('',*,*,#23210,.F.);
#25920=EDGE_LOOP('',(#25910,#25900,#25840,#25760,#25680,#25670));
#25930=FACE_OUTER_BOUND('',#25920,.T.);
#25940=ADVANCED_FACE('',(#25930),#25660,.F.);
#25950=COLOUR_RGB('',5.0196081399917603E-01,1.0000000000000000E+00,
   5.0196081399917603E-01);
#25960=FILL_AREA_STYLE_COLOUR('',#25950);
#25970=FILL_AREA_STYLE('',(#25960));
#25980=SURFACE_STYLE_FILL_AREA(#25970);
#25990=SURFACE_SIDE_STYLE('',(#25980));
#26000=SURFACE_STYLE_USAGE(.BOTH.,#25990);
#26010=PRESENTATION_STYLE_ASSIGNMENT((#26000));
#26020=CARTESIAN_POINT('',(-3.3520488301517801E+01,
   2.2071376124790600E+01,3.5000000000000018E+00));
#26030=DIRECTION('',(-0.0000000000000000E+00,-1.0000000000000000E+00,
   -0.0000000000000000E+00));
#26040=DIRECTION('',(-1.0000000000000000E+00,0.0000000000000000E+00,
   0.0000000000000000E+00));
#26050=AXIS2_PLACEMENT_3D('',#26020,#26030,#26040);
#26060=PLANE('',#26050);
#26070=ORIENTED_EDGE('',*,*,#23430,.F.);
#26080=CARTESIAN_POINT('',(-3.3520488301517801E+01,
   2.2071376124790600E+01,3.5000000000000000E+00));
#26090=DIRECTION('',(0.0000000000000000E+00,0.0000000000000000E+00,
   1.0000000000000000E+00));
#26100=VECTOR('',#26090,1.0000000000000000E+00);
#26110=LINE('',#26080,#26100);
#26120=CARTESIAN_POINT('',(-3.3520488301517801E+01,
   2.2071376124790600E+01,4.3000000000000016E+00));
#26130=VERTEX_POINT('',#26120);
#26140=EDGE_CURVE('',#23360,#26130,#26110,.T.);
#26150=ORIENTED_EDGE('',*,*,#26140,.F.);
#26160=CARTESIAN_POINT('',(-3.3805488301517798E+01,
   2.2071376124790600E+01,4.3000000000000016E+00));
#26170=DIRECTION('',(1.0000000000000000E+00,0.0000000000000000E+00,
   0.0000000000000000E+00));
#26180=VECTOR('',#26170,1.0000000000000000E+00);
#26190=LINE('',#26160,#26180);
#26200=EDGE_CURVE('',#13190,#26130,#26190,.T.);
#26210=ORIENTED_EDGE('',*,*,#26200,.T.);
#26220=ORIENTED_EDGE('',*,*,#13200,.T.);
#26230=EDGE_LOOP('',(#26220,#26210,#26150,#26070));
#26240=FACE_OUTER_BOUND('',#26230,.T.);
#26250=ADVANCED_FACE('',(#26240),#26060,.F.);
#26260=COLOUR_RGB('',5.0196081399917603E-01,1.0000000000000000E+00,
   5.0196081399917603E-01);
#26270=FILL_AREA_STYLE_COLOUR('',#26260);
#26280=FILL_AREA_STYLE('',(#26270));
#26290=SURFACE_STYLE_FILL_AREA(#26280);
#26300=SURFACE_SIDE_STYLE('',(#26290));
#26310=SURFACE_STYLE_USAGE(.BOTH.,#26300);
#26320=PRESENTATION_STYLE_ASSIGNMENT((#26310));
#26330=CARTESIAN_POINT('',(-3.4090488301517794E+01,
   2.2071376124790600E+01,1.1299999999999995E+01));
#26340=DIRECTION('',(7.0710678118655212E-01,-0.0000000000000000E+00,
   7.0710678118654302E-01));
#26350=DIRECTION('',(7.0710678118654302E-01,0.0000000000000000E+00,
   -7.0710678118655212E-01));
#26360=AXIS2_PLACEMENT_3D('',#26330,#26340,#26350);
#26370=PLANE('',#26360);
#26380=CARTESIAN_POINT('',(-2.7422569806281842E+01,
   0.0000000000000000E+00,4.6320815047639528E+00));
#26390=DIRECTION('',(2.5056280708574147E-01,-9.3511312653102330E-01,
   -2.5056280708574469E-01));
#26400=VECTOR('',#26390,1.0000000000000000E+00);
#26410=LINE('',#26380,#26400);
#26420=CARTESIAN_POINT('',(-3.4134907590252553E+01,
   2.5050785647341851E+01,1.1344419288734755E+01));
#26430=VERTEX_POINT('',#26420);
#26440=CARTESIAN_POINT('',(-3.4090488301517780E+01,
   2.4885010604947620E+01,1.1300000000000001E+01));
#26450=VERTEX_POINT('',#26440);
#26460=EDGE_CURVE('',#26430,#26450,#26410,.T.);
#26470=ORIENTED_EDGE('',*,*,#26460,.T.);
#26480=CARTESIAN_POINT('',(-3.4617870503397079E+01,
   2.4921376124790601E+01,1.1827382201879287E+01));
#26490=DIRECTION('',(7.0710678118655212E-01,0.0000000000000000E+00,
   7.0710678118654302E-01));
#26500=DIRECTION('',(7.0710678118654302E-01,0.0000000000000000E+00,
   -7.0710678118655212E-01));
#26510=AXIS2_PLACEMENT_3D('',#26480,#26490,#26500);
#26520=ELLIPSE('',#26510,7.0710678118653658E-01,4.9999999999998901E-01);
#26530=CARTESIAN_POINT('',(-3.4617870503397079E+01,
   2.5421376124790594E+01,1.1827382201879287E+01));
#26540=VERTEX_POINT('',#26530);
#26550=EDGE_CURVE('',#26430,#26540,#26520,.T.);
#26560=ORIENTED_EDGE('',*,*,#26550,.F.);
#26570=CARTESIAN_POINT('',(-3.3290488301517811E+01,
   2.5421376124790601E+01,1.0500000000000000E+01));
#26580=DIRECTION('',(7.0710678118654302E-01,0.0000000000000000E+00,
   -7.0710678118655212E-01));
#26590=VECTOR('',#26580,1.0000000000000000E+00);
#26600=LINE('',#26570,#26590);
#26610=CARTESIAN_POINT('',(-3.4644041692111067E+01,
   2.5421376124790601E+01,1.1853553390593275E+01));
#26620=VERTEX_POINT('',#26610);
#26630=EDGE_CURVE('',#26620,#26540,#26600,.T.);
#26640=ORIENTED_EDGE('',*,*,#26630,.T.);
#26650=CARTESIAN_POINT('',(-3.4644041692111067E+01,
   0.0000000000000000E+00,1.1853553390593270E+01));
#26660=DIRECTION('',(0.0000000000000000E+00,-1.0000000000000000E+00,
   0.0000000000000000E+00));
#26670=VECTOR('',#26660,1.0000000000000000E+00);
#26680=LINE('',#26650,#26670);
#26690=CARTESIAN_POINT('',(-3.4644041692111067E+01,
   2.1232822734197338E+01,1.1853553390593275E+01));
#26700=VERTEX_POINT('',#26690);
#26710=EDGE_CURVE('',#26620,#26700,#26680,.T.);
#26720=ORIENTED_EDGE('',*,*,#26710,.F.);
#26730=CARTESIAN_POINT('',(-3.3290488301517804E+01,
   2.2586376124790586E+01,1.0500000000000000E+01));
#26740=DIRECTION('',(-5.7735026918962440E-01,-5.7735026918962096E-01,
   5.7735026918963195E-01));
#26750=VECTOR('',#26740,1.0000000000000000E+00);
#26760=LINE('',#26730,#26750);
#26770=CARTESIAN_POINT('',(-3.4090488301517780E+01,
   2.1786376124790618E+01,1.1300000000000001E+01));
#26780=VERTEX_POINT('',#26770);
#26790=EDGE_CURVE('',#26780,#26700,#26760,.T.);
#26800=ORIENTED_EDGE('',*,*,#26790,.T.);
#26810=CARTESIAN_POINT('',(-3.4090488301517780E+01,
   0.0000000000000000E+00,1.1300000000000001E+01));
#26820=DIRECTION('',(0.0000000000000000E+00,1.0000000000000000E+00,
   0.0000000000000000E+00));
#26830=VECTOR('',#26820,1.0000000000000000E+00);
#26840=LINE('',#26810,#26830);
#26850=EDGE_CURVE('',#26780,#26450,#26840,.T.);
#26860=ORIENTED_EDGE('',*,*,#26850,.F.);
#26870=EDGE_LOOP('',(#26860,#26800,#26720,#26640,#26560,#26470));
#26880=FACE_OUTER_BOUND('',#26870,.T.);
#26890=ADVANCED_FACE('',(#26880),#26370,.F.);
#26900=COLOUR_RGB('',5.0196081399917603E-01,1.0000000000000000E+00,
   5.0196081399917603E-01);
#26910=FILL_AREA_STYLE_COLOUR('',#26900);
#26920=FILL_AREA_STYLE('',(#26910));
#26930=SURFACE_STYLE_FILL_AREA(#26920);
#26940=SURFACE_SIDE_STYLE('',(#26930));
#26950=SURFACE_STYLE_USAGE(.BOTH.,#26940);
#26960=PRESENTATION_STYLE_ASSIGNMENT((#26950));
#26970=CARTESIAN_POINT('',(-3.0780488301517799E+01,
   2.7601376124790601E+01,3.5000000000000000E+00));
#26980=DIRECTION('',(-0.0000000000000000E+00,1.0000000000000000E+00,
   0.0000000000000000E+00));
#26990=DIRECTION('',(1.0000000000000000E+00,0.0000000000000000E+00,
   0.0000000000000000E+00));
#27000=AXIS2_PLACEMENT_3D('',#26970,#26980,#26990);
#27010=PLANE('',#27000);
#27020=CARTESIAN_POINT('',(-3.1405488301517792E+01,
   2.7601376124790601E+01,3.5000000000000000E+00));
#27030=DIRECTION('',(0.0000000000000000E+00,1.0000000000000000E+00,
   0.0000000000000000E+00));
#27040=DIRECTION('',(-1.0000000000000000E+00,0.0000000000000000E+00,
   0.0000000000000000E+00));
#27050=AXIS2_PLACEMENT_3D('',#27020,#27030,#27040);
#27060=CIRCLE('',#27050,1.3999999999999999E+00);
#27070=CARTESIAN_POINT('',(-3.2805488301517791E+01,
   2.7601376124790601E+01,3.5000000000000018E+00));
#27080=VERTEX_POINT('',#27070);
#27090=CARTESIAN_POINT('',(-3.0005488301517794E+01,
   2.7601376124790601E+01,3.5000000000000018E+00));
#27100=VERTEX_POINT('',#27090);
#27110=EDGE_CURVE('',#27080,#27100,#27060,.T.);
#27120=ORIENTED_EDGE('',*,*,#27110,.F.);
#27130=EDGE_CURVE('',#27100,#27080,#27060,.T.);
#27140=ORIENTED_EDGE('',*,*,#27130,.F.);
#27150=EDGE_LOOP('',(#27140,#27120));
#27160=FACE_BOUND('',#27150,.T.);
#27170=CARTESIAN_POINT('',(-3.1405488301517799E+01,
   2.7601376124790601E+01,3.5000000000000000E+00));
#27180=DIRECTION('',(0.0000000000000000E+00,-1.0000000000000000E+00,
   0.0000000000000000E+00));
#27190=DIRECTION('',(-1.0000000000000000E+00,0.0000000000000000E+00,
   0.0000000000000000E+00));
#27200=AXIS2_PLACEMENT_3D('',#27170,#27180,#27190);
#27210=CIRCLE('',#27200,1.4499999999999993E+00);
#27220=CARTESIAN_POINT('',(-3.2855488301517795E+01,
   2.7601376124790601E+01,3.5000000000000018E+00));
#27230=VERTEX_POINT('',#27220);
#27240=CARTESIAN_POINT('',(-2.9955488301517800E+01,
   2.7601376124790601E+01,3.5000000000000018E+00));
#27250=VERTEX_POINT('',#27240);
#27260=EDGE_CURVE('',#27230,#27250,#27210,.T.);
#27270=ORIENTED_EDGE('',*,*,#27260,.F.);
#27280=EDGE_CURVE('',#27250,#27230,#27210,.T.);
#27290=ORIENTED_EDGE('',*,*,#27280,.F.);
#27300=EDGE_LOOP('',(#27290,#27270));
#27310=FACE_OUTER_BOUND('',#27300,.T.);
#27320=ADVANCED_FACE('',(#27160,#27310),#27010,.T.);
#27330=COLOUR_RGB('',5.0196081399917603E-01,1.0000000000000000E+00,
   5.0196081399917603E-01);
#27340=FILL_AREA_STYLE_COLOUR('',#27330);
#27350=FILL_AREA_STYLE('',(#27340));
#27360=SURFACE_STYLE_FILL_AREA(#27350);
#27370=SURFACE_SIDE_STYLE('',(#27360));
#27380=SURFACE_STYLE_USAGE(.BOTH.,#27370);
#27390=PRESENTATION_STYLE_ASSIGNMENT((#27380));
#27400=CARTESIAN_POINT('',(-3.1158000928102481E+01,
   2.7601376124790594E+01,1.0252512626584682E+01));
#27410=DIRECTION('',(-7.0710678118654746E-01,0.0000000000000000E+00,
   7.0710678118654757E-01));
#27420=DIRECTION('',(0.0000000000000000E+00,1.0000000000000000E+00,
   0.0000000000000000E+00));
#27430=AXIS2_PLACEMENT_3D('',#27400,#27410,#27420);
#27440=PLANE('',#27430);
#27450=CARTESIAN_POINT('',(-8.4502159542249785E+01,
   2.8001376124790593E+01,-4.3091645987562615E+01));
#27460=DIRECTION('',(-7.0710678118654757E-01,0.0000000000000000E+00,
   -7.0710678118654746E-01));
#27470=VECTOR('',#27460,1.0000000000000000E+00);
#27480=LINE('',#27450,#27470);
#27490=CARTESIAN_POINT('',(-3.1451982696657517E+01,
   2.8001376124790593E+01,9.9585308580291745E+00));
#27500=VERTEX_POINT('',#27490);
#27510=CARTESIAN_POINT('',(-3.2116515403736514E+01,
   2.8001376124790593E+01,9.2939981509506513E+00));
#27520=VERTEX_POINT('',#27510);
#27530=EDGE_CURVE('',#27500,#27520,#27480,.T.);
#27540=ORIENTED_EDGE('',*,*,#27530,.F.);
#27550=CARTESIAN_POINT('',(-3.2116515403736514E+01,
   2.7145319094080318E+01,9.2939981509506513E+00));
#27560=DIRECTION('',(0.0000000000000000E+00,1.0000000000000000E+00,
   0.0000000000000000E+00));
#27570=VECTOR('',#27560,1.0000000000000000E+00);
#27580=LINE('',#27550,#27570);
#27590=CARTESIAN_POINT('',(-3.2116515403736514E+01,
   2.8601376124790601E+01,9.2939981509506513E+00));
#27600=VERTEX_POINT('',#27590);
#27610=EDGE_CURVE('',#27520,#27600,#27580,.T.);
#27620=ORIENTED_EDGE('',*,*,#27610,.F.);
#27630=CARTESIAN_POINT('',(-8.4502159542249785E+01,
   2.8601376124790601E+01,-4.3091645987562615E+01));
#27640=DIRECTION('',(7.0710678118654757E-01,0.0000000000000000E+00,
   7.0710678118654746E-01));
#27650=VECTOR('',#27640,1.0000000000000000E+00);
#27660=LINE('',#27630,#27650);
#27670=CARTESIAN_POINT('',(-3.1451982696656941E+01,
   2.8601376124790601E+01,9.9585308580290732E+00));
#27680=VERTEX_POINT('',#27670);
#27690=EDGE_CURVE('',#27600,#27680,#27660,.T.);
#27700=ORIENTED_EDGE('',*,*,#27690,.F.);
#27710=CARTESIAN_POINT('',(-3.1451982696657915E+01,
   3.9321376124790604E+01,9.9585308580292455E+00));
#27720=DIRECTION('',(0.0000000000000000E+00,-1.0000000000000000E+00,
   0.0000000000000000E+00));
#27730=VECTOR('',#27720,1.0000000000000000E+00);
#27740=LINE('',#27710,#27730);
#27750=EDGE_CURVE('',#27680,#27500,#27740,.T.);
#27760=ORIENTED_EDGE('',*,*,#27750,.F.);
#27770=EDGE_LOOP('',(#27760,#27700,#27620,#27540));
#27780=FACE_OUTER_BOUND('',#27770,.T.);
#27790=ADVANCED_FACE('',(#27780),#27440,.T.);
#27800=COLOUR_RGB('',9.4901967048645020E-01,9.4901967048645020E-01,
   1.0000000000000000E+00);
#27810=FILL_AREA_STYLE_COLOUR('',#27800);
#27820=FILL_AREA_STYLE('',(#27810));
#27830=SURFACE_STYLE_FILL_AREA(#27820);
#27840=SURFACE_SIDE_STYLE('',(#27830));
#27850=SURFACE_STYLE_USAGE(.BOTH.,#27840);
#27860=PRESENTATION_STYLE_ASSIGNMENT((#27850));
#27870=CARTESIAN_POINT('',(-3.4997595082704343E+01,
   2.2071376124790600E+01,1.6500000000000000E+01));
#27880=DIRECTION('',(0.0000000000000000E+00,-1.0000000000000000E+00,
   0.0000000000000000E+00));
#27890=DIRECTION('',(1.0000000000000000E+00,0.0000000000000000E+00,
   0.0000000000000000E+00));
#27900=AXIS2_PLACEMENT_3D('',#27870,#27880,#27890);
#27910=CYLINDRICAL_SURFACE('',#27900,5.0000000000000000E-01);
#27920=CARTESIAN_POINT('',(-3.4644041692111067E+01,
   2.2071376124790600E+01,1.6146446609406727E+01));
#27930=DIRECTION('',(0.0000000000000000E+00,-1.0000000000000000E+00,
   0.0000000000000000E+00));
#27940=VECTOR('',#27930,1.0000000000000000E+00);
#27950=LINE('',#27920,#27940);
#27960=CARTESIAN_POINT('',(-3.4644041692111067E+01,
   2.5421376124790601E+01,1.6146446609406727E+01));
#27970=VERTEX_POINT('',#27960);
#27980=CARTESIAN_POINT('',(-3.4644041692111067E+01,
   2.1232822734197338E+01,1.6146446609406727E+01));
#27990=VERTEX_POINT('',#27980);
#28000=EDGE_CURVE('',#27970,#27990,#27950,.T.);
#28010=ORIENTED_EDGE('',*,*,#28000,.F.);
#28020=CARTESIAN_POINT('',(-3.4997595082704343E+01,
   2.0879269343604062E+01,1.6500000000000000E+01));
#28030=DIRECTION('',(7.0710678118654535E-01,-7.0710678118654968E-01,
   0.0000000000000000E+00));
#28040=DIRECTION('',(-7.0710678118654968E-01,-7.0710678118654535E-01,
   0.0000000000000000E+00));
#28050=AXIS2_PLACEMENT_3D('',#28020,#28030,#28040);
#28060=ELLIPSE('',#28050,7.0710678118654535E-01,5.0000000000000000E-01);
#28070=CARTESIAN_POINT('',(-3.4955488301517804E+01,
   2.0921376124790608E+01,1.6001776135679844E+01));
#28080=VERTEX_POINT('',#28070);
#28090=EDGE_CURVE('',#28080,#27990,#28060,.T.);
#28100=ORIENTED_EDGE('',*,*,#28090,.T.);
#28110=CARTESIAN_POINT('',(-3.4955488301517804E+01,
   2.2071376124790600E+01,1.6001776135679844E+01));
#28120=DIRECTION('',(0.0000000000000000E+00,-1.0000000000000000E+00,
   0.0000000000000000E+00));
#28130=VECTOR('',#28120,1.0000000000000000E+00);
#28140=LINE('',#28110,#28130);
#28150=CARTESIAN_POINT('',(-3.4955488301517804E+01,
   2.5421376124790601E+01,1.6001776135679844E+01));
#28160=VERTEX_POINT('',#28150);
#28170=EDGE_CURVE('',#28160,#28080,#28140,.T.);
#28180=ORIENTED_EDGE('',*,*,#28170,.T.);
#28190=CARTESIAN_POINT('',(-3.4997595082704343E+01,
   2.5421376124790601E+01,1.6500000000000000E+01));
#28200=DIRECTION('',(0.0000000000000000E+00,-1.0000000000000000E+00,
   0.0000000000000000E+00));
#28210=DIRECTION('',(1.0000000000000000E+00,0.0000000000000000E+00,
   0.0000000000000000E+00));
#28220=AXIS2_PLACEMENT_3D('',#28190,#28200,#28210);
#28230=CIRCLE('',#28220,5.0000000000000000E-01);
#28240=EDGE_CURVE('',#28160,#27970,#28230,.T.);
#28250=ORIENTED_EDGE('',*,*,#28240,.F.);
#28260=EDGE_LOOP('',(#28250,#28180,#28100,#28010));
#28270=FACE_OUTER_BOUND('',#28260,.T.);
#28280=ADVANCED_FACE('',(#28270),#27910,.F.);
#28290=COLOUR_RGB('',5.0196081399917603E-01,1.0000000000000000E+00,
   5.0196081399917603E-01);
#28300=FILL_AREA_STYLE_COLOUR('',#28290);
#28310=FILL_AREA_STYLE('',(#28300));
#28320=SURFACE_STYLE_FILL_AREA(#28310);
#28330=SURFACE_SIDE_STYLE('',(#28320));
#28340=SURFACE_STYLE_USAGE(.BOTH.,#28330);
#28350=PRESENTATION_STYLE_ASSIGNMENT((#28340));
#28360=ORIENTED_EDGE('',*,*,#12640,.T.);
#28370=ORIENTED_EDGE('',*,*,#17130,.T.);
#28380=EDGE_CURVE('',#290,#17050,#17120,.T.);
#28390=ORIENTED_EDGE('',*,*,#28380,.T.);
#28400=ORIENTED_EDGE('',*,*,#300,.T.);
#28410=ORIENTED_EDGE('',*,*,#16200,.T.);
#28420=ORIENTED_EDGE('',*,*,#9390,.T.);
#28430=EDGE_LOOP('',(#28420,#28410,#28400,#28390,#28370,#28360));
#28440=FACE_OUTER_BOUND('',#28430,.T.);
#28450=ADVANCED_FACE('',(#28440),#9290,.T.);
#28460=COLOUR_RGB('',9.4901967048645020E-01,9.4901967048645020E-01,
   1.0000000000000000E+00);
#28470=FILL_AREA_STYLE_COLOUR('',#28460);
#28480=FILL_AREA_STYLE('',(#28470));
#28490=SURFACE_STYLE_FILL_AREA(#28480);
#28500=SURFACE_SIDE_STYLE('',(#28490));
#28510=SURFACE_STYLE_USAGE(.BOTH.,#28500);
#28520=PRESENTATION_STYLE_ASSIGNMENT((#28510));
#28530=CARTESIAN_POINT('',(-3.0780488301517799E+01,
   2.7601376124790601E+01,0.0000000000000000E+00));
#28540=DIRECTION('',(-0.0000000000000000E+00,1.0000000000000000E+00,
   0.0000000000000000E+00));
#28550=DIRECTION('',(1.0000000000000000E+00,0.0000000000000000E+00,
   0.0000000000000000E+00));
#28560=AXIS2_PLACEMENT_3D('',#28530,#28540,#28550);
#28570=PLANE('',#28560);
#28580=ORIENTED_EDGE('',*,*,#8120,.F.);
#28590=EDGE_CURVE('',#8020,#8110,#8090,.T.);
#28600=ORIENTED_EDGE('',*,*,#28590,.F.);
#28610=EDGE_LOOP('',(#28600,#28580));
#28620=FACE_OUTER_BOUND('',#28610,.T.);
#28630=EDGE_CURVE('',#17290,#17030,#17360,.T.);
#28640=ORIENTED_EDGE('',*,*,#28630,.F.);
#28650=ORIENTED_EDGE('',*,*,#17370,.F.);
#28660=EDGE_LOOP('',(#28650,#28640));
#28670=FACE_BOUND('',#28660,.T.);
#28680=ADVANCED_FACE('',(#28620,#28670),#28570,.T.);
#28690=COLOUR_RGB('',5.0196081399917603E-01,1.0000000000000000E+00,
   5.0196081399917603E-01);
#28700=FILL_AREA_STYLE_COLOUR('',#28690);
#28710=FILL_AREA_STYLE('',(#28700));
#28720=SURFACE_STYLE_FILL_AREA(#28710);
#28730=SURFACE_SIDE_STYLE('',(#28720));
#28740=SURFACE_STYLE_USAGE(.BOTH.,#28730);
#28750=PRESENTATION_STYLE_ASSIGNMENT((#28740));
#28760=CARTESIAN_POINT('',(-3.1605488301517802E+01,
   2.0321376124790600E+01,6.5500000000000016E+00));
#28770=DIRECTION('',(-1.0000000000000000E+00,0.0000000000000000E+00,
   0.0000000000000000E+00));
#28780=DIRECTION('',(0.0000000000000000E+00,0.0000000000000000E+00,
   1.0000000000000000E+00));
#28790=AXIS2_PLACEMENT_3D('',#28760,#28770,#28780);
#28800=PLANE('',#28790);
#28810=CARTESIAN_POINT('',(-3.1605488301517802E+01,
   2.0321376124790600E+01,1.2000000000000000E+01));
#28820=DIRECTION('',(0.0000000000000000E+00,0.0000000000000000E+00,
   1.0000000000000000E+00));
#28830=VECTOR('',#28820,1.0000000000000000E+00);
#28840=LINE('',#28810,#28830);
#28850=CARTESIAN_POINT('',(-3.1605488301517802E+01,
   2.0321376124790600E+01,7.0000000000000000E+00));
#28860=VERTEX_POINT('',#28850);
#28870=CARTESIAN_POINT('',(-3.1605488301517802E+01,
   2.0321376124790600E+01,7.4500000000000002E+00));
#28880=VERTEX_POINT('',#28870);
#28890=EDGE_CURVE('',#28860,#28880,#28840,.T.);
#28900=ORIENTED_EDGE('',*,*,#28890,.F.);
#28910=CARTESIAN_POINT('',(-3.1605488301517802E+01,
   -2.2653715864353234E+01,7.4500000000000002E+00));
#28920=DIRECTION('',(0.0000000000000000E+00,1.0000000000000000E+00,
   0.0000000000000000E+00));
#28930=VECTOR('',#28920,1.0000000000000000E+00);
#28940=LINE('',#28910,#28930);
#28950=CARTESIAN_POINT('',(-3.1605488301517802E+01,
   1.8321376124790600E+01,7.4500000000000002E+00));
#28960=VERTEX_POINT('',#28950);
#28970=EDGE_CURVE('',#28960,#28880,#28940,.T.);
#28980=ORIENTED_EDGE('',*,*,#28970,.T.);
#28990=CARTESIAN_POINT('',(-3.1605488301517795E+01,
   -2.2653715864353234E+01,-3.5292428082820617E+00));
#29000=DIRECTION('',(0.0000000000000000E+00,-9.6592582628906831E-01,
   -2.5881904510252091E-01));
#29010=VECTOR('',#29000,1.0000000000000000E+00);
#29020=LINE('',#28990,#29010);
#29030=CARTESIAN_POINT('',(-3.1605488301517802E+01,
   1.7321376124790600E+01,7.1820508075688769E+00));
#29040=VERTEX_POINT('',#29030);
#29050=EDGE_CURVE('',#28960,#29040,#29020,.T.);
#29060=ORIENTED_EDGE('',*,*,#29050,.F.);
#29070=CARTESIAN_POINT('',(-3.1605488301517802E+01,
   1.7321376124790600E+01,8.5000000000000018E+00));
#29080=DIRECTION('',(0.0000000000000000E+00,0.0000000000000000E+00,
   -1.0000000000000000E+00));
#29090=VECTOR('',#29080,1.0000000000000000E+00);
#29100=LINE('',#29070,#29090);
#29110=CARTESIAN_POINT('',(-3.1605488301517795E+01,
   1.7321376124790607E+01,6.8179491924311222E+00));
#29120=VERTEX_POINT('',#29110);
#29130=EDGE_CURVE('',#29040,#29120,#29100,.T.);
#29140=ORIENTED_EDGE('',*,*,#29130,.F.);
#29150=CARTESIAN_POINT('',(-3.1605488301517795E+01,
   -2.2653715864353234E+01,1.7529242808282063E+01));
#29160=DIRECTION('',(0.0000000000000000E+00,9.6592582628906831E-01,
   -2.5881904510252091E-01));
#29170=VECTOR('',#29160,1.0000000000000000E+00);
#29180=LINE('',#29150,#29170);
#29190=CARTESIAN_POINT('',(-3.1605488301517802E+01,
   1.8321376124790607E+01,6.5500000000000016E+00));
#29200=VERTEX_POINT('',#29190);
#29210=EDGE_CURVE('',#29120,#29200,#29180,.T.);
#29220=ORIENTED_EDGE('',*,*,#29210,.F.);
#29230=CARTESIAN_POINT('',(-3.1605488301517802E+01,
   -2.2653715864353234E+01,6.5500000000000016E+00));
#29240=DIRECTION('',(0.0000000000000000E+00,-1.0000000000000000E+00,
   0.0000000000000000E+00));
#29250=VECTOR('',#29240,1.0000000000000000E+00);
#29260=LINE('',#29230,#29250);
#29270=CARTESIAN_POINT('',(-3.1605488301517802E+01,
   2.0321376124790600E+01,6.5500000000000016E+00));
#29280=VERTEX_POINT('',#29270);
#29290=EDGE_CURVE('',#29280,#29200,#29260,.T.);
#29300=ORIENTED_EDGE('',*,*,#29290,.T.);
#29310=CARTESIAN_POINT('',(-3.1605488301517802E+01,
   2.0321376124790600E+01,8.5000000000000018E+00));
#29320=DIRECTION('',(0.0000000000000000E+00,0.0000000000000000E+00,
   -1.0000000000000000E+00));
#29330=VECTOR('',#29320,1.0000000000000000E+00);
#29340=LINE('',#29310,#29330);
#29350=EDGE_CURVE('',#28860,#29280,#29340,.T.);
#29360=ORIENTED_EDGE('',*,*,#29350,.T.);
#29370=EDGE_LOOP('',(#29360,#29300,#29220,#29140,#29060,#28980,#28900));
#29380=FACE_OUTER_BOUND('',#29370,.T.);
#29390=ADVANCED_FACE('',(#29380),#28800,.T.);
#29400=COLOUR_RGB('',9.4901961088180542E-01,9.4901961088180542E-01,
   1.0000000000000000E+00);
#29410=FILL_AREA_STYLE_COLOUR('',#29400);
#29420=FILL_AREA_STYLE('',(#29410));
#29430=SURFACE_STYLE_FILL_AREA(#29420);
#29440=SURFACE_SIDE_STYLE('',(#29430));
#29450=SURFACE_STYLE_USAGE(.BOTH.,#29440);
#29460=PRESENTATION_STYLE_ASSIGNMENT((#29450));
#29470=CARTESIAN_POINT('',(-3.1105488301517802E+01,
   2.0321376124790600E+01,2.0550000000000001E+01));
#29480=DIRECTION('',(0.0000000000000000E+00,0.0000000000000000E+00,
   -1.0000000000000000E+00));
#29490=DIRECTION('',(-1.0000000000000000E+00,0.0000000000000000E+00,
   0.0000000000000000E+00));
#29500=AXIS2_PLACEMENT_3D('',#29470,#29480,#29490);
#29510=PLANE('',#29500);
#29520=CARTESIAN_POINT('',(-3.1605488301517802E+01,
   -2.2653715864353234E+01,2.0550000000000001E+01));
#29530=DIRECTION('',(0.0000000000000000E+00,-1.0000000000000000E+00,
   0.0000000000000000E+00));
#29540=VECTOR('',#29530,1.0000000000000000E+00);
#29550=LINE('',#29520,#29540);
#29560=CARTESIAN_POINT('',(-3.1605488301517802E+01,
   2.0321376124790600E+01,2.0550000000000001E+01));
#29570=VERTEX_POINT('',#29560);
#29580=CARTESIAN_POINT('',(-3.1605488301517802E+01,
   1.8321376124790607E+01,2.0550000000000001E+01));
#29590=VERTEX_POINT('',#29580);
#29600=EDGE_CURVE('',#29570,#29590,#29550,.T.);
#29610=ORIENTED_EDGE('',*,*,#29600,.F.);
#29620=CARTESIAN_POINT('',(-8.4502159542249785E+01,
   1.8321376124790607E+01,2.0550000000000001E+01));
#29630=DIRECTION('',(1.0000000000000000E+00,0.0000000000000000E+00,
   0.0000000000000000E+00));
#29640=VECTOR('',#29630,1.0000000000000000E+00);
#29650=LINE('',#29620,#29640);
#29660=CARTESIAN_POINT('',(-3.1105488301517802E+01,
   1.8321376124790607E+01,2.0550000000000001E+01));
#29670=VERTEX_POINT('',#29660);
#29680=EDGE_CURVE('',#29590,#29670,#29650,.T.);
#29690=ORIENTED_EDGE('',*,*,#29680,.F.);
#29700=CARTESIAN_POINT('',(-3.1105488301517802E+01,
   -2.2653715864353234E+01,2.0550000000000001E+01));
#29710=DIRECTION('',(0.0000000000000000E+00,1.0000000000000000E+00,
   0.0000000000000000E+00));
#29720=VECTOR('',#29710,1.0000000000000000E+00);
#29730=LINE('',#29700,#29720);
#29740=CARTESIAN_POINT('',(-3.1105488301517802E+01,
   2.0321376124790600E+01,2.0550000000000001E+01));
#29750=VERTEX_POINT('',#29740);
#29760=EDGE_CURVE('',#29670,#29750,#29730,.T.);
#29770=ORIENTED_EDGE('',*,*,#29760,.F.);
#29780=CARTESIAN_POINT('',(-8.4502159542249785E+01,
   2.0321376124790600E+01,2.0550000000000001E+01));
#29790=DIRECTION('',(1.0000000000000000E+00,0.0000000000000000E+00,
   0.0000000000000000E+00));
#29800=VECTOR('',#29790,1.0000000000000000E+00);
#29810=LINE('',#29780,#29800);
#29820=EDGE_CURVE('',#29570,#29750,#29810,.T.);
#29830=ORIENTED_EDGE('',*,*,#29820,.T.);
#29840=EDGE_LOOP('',(#29830,#29770,#29690,#29610));
#29850=FACE_OUTER_BOUND('',#29840,.T.);
#29860=ADVANCED_FACE('',(#29850),#29510,.T.);
#29870=COLOUR_RGB('',9.4901961088180542E-01,9.4901961088180542E-01,
   1.0000000000000000E+00);
#29880=FILL_AREA_STYLE_COLOUR('',#29870);
#29890=FILL_AREA_STYLE('',(#29880));
#29900=SURFACE_STYLE_FILL_AREA(#29890);
#29910=SURFACE_SIDE_STYLE('',(#29900));
#29920=SURFACE_STYLE_USAGE(.BOTH.,#29910);
#29930=PRESENTATION_STYLE_ASSIGNMENT((#29920));
#29940=CARTESIAN_POINT('',(-3.3520488301517801E+01,
   2.2071376124790600E+01,3.5000000000000018E+00));
#29950=DIRECTION('',(1.0000000000000000E+00,0.0000000000000000E+00,
   0.0000000000000000E+00));
#29960=DIRECTION('',(0.0000000000000000E+00,-1.0000000000000000E+00,
   0.0000000000000000E+00));
#29970=AXIS2_PLACEMENT_3D('',#29940,#29950,#29960);
#29980=PLANE('',#29970);
#29990=ORIENTED_EDGE('',*,*,#23370,.T.);
#30000=CARTESIAN_POINT('',(-3.3520488301517801E+01,
   2.3821376124790600E+01,3.5000000000000018E+00));
#30010=DIRECTION('',(0.0000000000000000E+00,0.0000000000000000E+00,
   -1.0000000000000000E+00));
#30020=VECTOR('',#30010,1.0000000000000000E+00);
#30030=LINE('',#30000,#30020);
#30040=CARTESIAN_POINT('',(-3.3520488301517801E+01,
   2.3821376124790600E+01,4.3000000000000016E+00));
#30050=VERTEX_POINT('',#30040);
#30060=EDGE_CURVE('',#30050,#23280,#30030,.T.);
#30070=ORIENTED_EDGE('',*,*,#30060,.T.);
#30080=CARTESIAN_POINT('',(-3.3520488301517801E+01,
   2.3821376124790600E+01,4.3000000000000016E+00));
#30090=DIRECTION('',(0.0000000000000000E+00,-1.0000000000000000E+00,
   0.0000000000000000E+00));
#30100=VECTOR('',#30090,1.0000000000000000E+00);
#30110=LINE('',#30080,#30100);
#30120=EDGE_CURVE('',#30050,#26130,#30110,.T.);
#30130=ORIENTED_EDGE('',*,*,#30120,.F.);
#30140=ORIENTED_EDGE('',*,*,#26140,.T.);
#30150=EDGE_LOOP('',(#30140,#30130,#30070,#29990));
#30160=FACE_OUTER_BOUND('',#30150,.T.);
#30170=ADVANCED_FACE('',(#30160),#29980,.F.);
#30180=COLOUR_RGB('',5.0196081399917603E-01,1.0000000000000000E+00,
   5.0196081399917603E-01);
#30190=FILL_AREA_STYLE_COLOUR('',#30180);
#30200=FILL_AREA_STYLE('',(#30190));
#30210=SURFACE_STYLE_FILL_AREA(#30200);
#30220=SURFACE_SIDE_STYLE('',(#30210));
#30230=SURFACE_STYLE_USAGE(.BOTH.,#30220);
#30240=PRESENTATION_STYLE_ASSIGNMENT((#30230));
#30250=CARTESIAN_POINT('',(-3.4090488301517794E+01,
   2.2071376124790600E+01,7.7999999999999954E+00));
#30260=DIRECTION('',(7.0710678118655212E-01,-0.0000000000000000E+00,
   7.0710678118654302E-01));
#30270=DIRECTION('',(7.0710678118654302E-01,0.0000000000000000E+00,
   -7.0710678118655212E-01));
#30280=AXIS2_PLACEMENT_3D('',#30250,#30260,#30270);
#30290=PLANE('',#30280);
#30300=CARTESIAN_POINT('',(-2.7422569806281842E+01,
   0.0000000000000000E+00,1.1320815047639528E+00));
#30310=DIRECTION('',(2.5056280708574147E-01,-9.3511312653102330E-01,
   -2.5056280708574469E-01));
#30320=VECTOR('',#30310,1.0000000000000000E+00);
#30330=LINE('',#30300,#30320);
#30340=CARTESIAN_POINT('',(-3.4134907590252553E+01,
   2.5050785647341851E+01,7.8444192887347546E+00));
#30350=VERTEX_POINT('',#30340);
#30360=CARTESIAN_POINT('',(-3.4090488301517780E+01,
   2.4885010604947620E+01,7.7999999999999998E+00));
#30370=VERTEX_POINT('',#30360);
#30380=EDGE_CURVE('',#30350,#30370,#30330,.T.);
#30390=ORIENTED_EDGE('',*,*,#30380,.T.);
#30400=CARTESIAN_POINT('',(-3.4617870503397079E+01,
   2.4921376124790601E+01,8.3273822018792867E+00));
#30410=DIRECTION('',(7.0710678118655212E-01,0.0000000000000000E+00,
   7.0710678118654302E-01));
#30420=DIRECTION('',(7.0710678118654302E-01,0.0000000000000000E+00,
   -7.0710678118655212E-01));
#30430=AXIS2_PLACEMENT_3D('',#30400,#30410,#30420);
#30440=ELLIPSE('',#30430,7.0710678118653658E-01,4.9999999999998901E-01);
#30450=CARTESIAN_POINT('',(-3.4617870503397079E+01,
   2.5421376124790594E+01,8.3273822018792867E+00));
#30460=VERTEX_POINT('',#30450);
#30470=EDGE_CURVE('',#30350,#30460,#30440,.T.);
#30480=ORIENTED_EDGE('',*,*,#30470,.F.);
#30490=CARTESIAN_POINT('',(-3.3290488301517811E+01,
   2.5421376124790601E+01,7.0000000000000000E+00));
#30500=DIRECTION('',(7.0710678118654302E-01,0.0000000000000000E+00,
   -7.0710678118655212E-01));
#30510=VECTOR('',#30500,1.0000000000000000E+00);
#30520=LINE('',#30490,#30510);
#30530=CARTESIAN_POINT('',(-3.4644041692111067E+01,
   2.5421376124790601E+01,8.3535533905932748E+00));
#30540=VERTEX_POINT('',#30530);
#30550=EDGE_CURVE('',#30540,#30460,#30520,.T.);
#30560=ORIENTED_EDGE('',*,*,#30550,.T.);
#30570=CARTESIAN_POINT('',(-3.4644041692111067E+01,
   0.0000000000000000E+00,8.3535533905932695E+00));
#30580=DIRECTION('',(0.0000000000000000E+00,-1.0000000000000000E+00,
   0.0000000000000000E+00));
#30590=VECTOR('',#30580,1.0000000000000000E+00);
#30600=LINE('',#30570,#30590);
#30610=CARTESIAN_POINT('',(-3.4644041692111067E+01,
   2.1232822734197338E+01,8.3535533905932748E+00));
#30620=VERTEX_POINT('',#30610);
#30630=EDGE_CURVE('',#30540,#30620,#30600,.T.);
#30640=ORIENTED_EDGE('',*,*,#30630,.F.);
#30650=CARTESIAN_POINT('',(-3.3290488301517804E+01,
   2.2586376124790586E+01,7.0000000000000000E+00));
#30660=DIRECTION('',(-5.7735026918962440E-01,-5.7735026918962096E-01,
   5.7735026918963195E-01));
#30670=VECTOR('',#30660,1.0000000000000000E+00);
#30680=LINE('',#30650,#30670);
#30690=CARTESIAN_POINT('',(-3.4090488301517780E+01,
   2.1786376124790618E+01,7.7999999999999998E+00));
#30700=VERTEX_POINT('',#30690);
#30710=EDGE_CURVE('',#30700,#30620,#30680,.T.);
#30720=ORIENTED_EDGE('',*,*,#30710,.T.);
#30730=CARTESIAN_POINT('',(-3.4090488301517780E+01,
   0.0000000000000000E+00,7.7999999999999998E+00));
#30740=DIRECTION('',(0.0000000000000000E+00,1.0000000000000000E+00,
   0.0000000000000000E+00));
#30750=VECTOR('',#30740,1.0000000000000000E+00);
#30760=LINE('',#30730,#30750);
#30770=EDGE_CURVE('',#30700,#30370,#30760,.T.);
#30780=ORIENTED_EDGE('',*,*,#30770,.F.);
#30790=EDGE_LOOP('',(#30780,#30720,#30640,#30560,#30480,#30390));
#30800=FACE_OUTER_BOUND('',#30790,.T.);
#30810=ADVANCED_FACE('',(#30800),#30290,.F.);
#30820=COLOUR_RGB('',5.0196081399917603E-01,1.0000000000000000E+00,
   5.0196081399917603E-01);
#30830=FILL_AREA_STYLE_COLOUR('',#30820);
#30840=FILL_AREA_STYLE('',(#30830));
#30850=SURFACE_STYLE_FILL_AREA(#30840);
#30860=SURFACE_SIDE_STYLE('',(#30850));
#30870=SURFACE_STYLE_USAGE(.BOTH.,#30860);
#30880=PRESENTATION_STYLE_ASSIGNMENT((#30870));
#30890=CARTESIAN_POINT('',(-3.3520488301517801E+01,
   2.3821376124790600E+01,3.5000000000000018E+00));
#30900=DIRECTION('',(-0.0000000000000000E+00,1.0000000000000000E+00,
   0.0000000000000000E+00));
#30910=DIRECTION('',(1.0000000000000000E+00,0.0000000000000000E+00,
   0.0000000000000000E+00));
#30920=AXIS2_PLACEMENT_3D('',#30890,#30900,#30910);
#30930=PLANE('',#30920);
#30940=ORIENTED_EDGE('',*,*,#23290,.T.);
#30950=ORIENTED_EDGE('',*,*,#25890,.T.);
#30960=CARTESIAN_POINT('',(-3.3805488301517798E+01,
   2.3821376124790600E+01,4.3000000000000016E+00));
#30970=DIRECTION('',(1.0000000000000000E+00,0.0000000000000000E+00,
   0.0000000000000000E+00));
#30980=VECTOR('',#30970,1.0000000000000000E+00);
#30990=LINE('',#30960,#30980);
#31000=EDGE_CURVE('',#25820,#30050,#30990,.T.);
#31010=ORIENTED_EDGE('',*,*,#31000,.F.);
#31020=ORIENTED_EDGE('',*,*,#30060,.F.);
#31030=EDGE_LOOP('',(#31020,#31010,#30950,#30940));
#31040=FACE_OUTER_BOUND('',#31030,.T.);
#31050=ADVANCED_FACE('',(#31040),#30930,.F.);
#31060=COLOUR_RGB('',5.0196081399917603E-01,1.0000000000000000E+00,
   5.0196081399917603E-01);
#31070=FILL_AREA_STYLE_COLOUR('',#31060);
#31080=FILL_AREA_STYLE('',(#31070));
#31090=SURFACE_STYLE_FILL_AREA(#31080);
#31100=SURFACE_SIDE_STYLE('',(#31090));
#31110=SURFACE_STYLE_USAGE(.BOTH.,#31100);
#31120=PRESENTATION_STYLE_ASSIGNMENT((#31110));
#31130=ORIENTED_EDGE('',*,*,#17890,.T.);
#31140=CARTESIAN_POINT('',(-3.1405488301517792E+01,
   2.8001376124790593E+01,3.5000000000000000E+00));
#31150=DIRECTION('',(0.0000000000000000E+00,1.0000000000000000E+00,
   0.0000000000000000E+00));
#31160=DIRECTION('',(-1.0000000000000000E+00,0.0000000000000000E+00,
   0.0000000000000000E+00));
#31170=AXIS2_PLACEMENT_3D('',#31140,#31150,#31160);
#31180=CIRCLE('',#31170,1.3999999999999999E+00);
#31190=EDGE_CURVE('',#1870,#17880,#31180,.T.);
#31200=ORIENTED_EDGE('',*,*,#31190,.T.);
#31210=ORIENTED_EDGE('',*,*,#1880,.T.);
#31220=ORIENTED_EDGE('',*,*,#6350,.T.);
#31230=EDGE_LOOP('',(#31220,#31210,#31200,#31130));
#31240=FACE_OUTER_BOUND('',#31230,.T.);
#31250=ADVANCED_FACE('',(#31240),#6190,.T.);
#31260=COLOUR_RGB('',9.4901967048645020E-01,9.4901967048645020E-01,
   1.0000000000000000E+00);
#31270=FILL_AREA_STYLE_COLOUR('',#31260);
#31280=FILL_AREA_STYLE('',(#31270));
#31290=SURFACE_STYLE_FILL_AREA(#31280);
#31300=SURFACE_SIDE_STYLE('',(#31290));
#31310=SURFACE_STYLE_USAGE(.BOTH.,#31300);
#31320=PRESENTATION_STYLE_ASSIGNMENT((#31310));
#31330=CARTESIAN_POINT('',(-2.9886031253416185E+01,
   2.0321376124790600E+01,2.2269224911855865E+00));
#31340=DIRECTION('',(0.0000000000000000E+00,-1.0000000000000000E+00,
   0.0000000000000000E+00));
#31350=DIRECTION('',(1.0000000000000000E+00,0.0000000000000000E+00,
   0.0000000000000000E+00));
#31360=AXIS2_PLACEMENT_3D('',#31330,#31340,#31350);
#31370=PLANE('',#31360);
#31380=CARTESIAN_POINT('',(-3.1105488301517802E+01,
   2.0321376124790600E+01,5.0000000000000000E+00));
#31390=DIRECTION('',(0.0000000000000000E+00,0.0000000000000000E+00,
   -1.0000000000000000E+00));
#31400=VECTOR('',#31390,1.0000000000000000E+00);
#31410=LINE('',#31380,#31400);
#31420=CARTESIAN_POINT('',(-3.1105488301517802E+01,
   2.0321376124790600E+01,4.5000000000000018E-01));
#31430=VERTEX_POINT('',#31420);
#31440=EDGE_CURVE('',#31430,#10970,#31410,.T.);
#31450=ORIENTED_EDGE('',*,*,#31440,.T.);
#31460=CARTESIAN_POINT('',(-8.4502159542249785E+01,
   2.0321376124790600E+01,4.5000000000000018E-01));
#31470=DIRECTION('',(-1.0000000000000000E+00,0.0000000000000000E+00,
   0.0000000000000000E+00));
#31480=VECTOR('',#31470,1.0000000000000000E+00);
#31490=LINE('',#31460,#31480);
#31500=CARTESIAN_POINT('',(-3.1605488301517802E+01,
   2.0321376124790600E+01,4.5000000000000018E-01));
#31510=VERTEX_POINT('',#31500);
#31520=EDGE_CURVE('',#31430,#31510,#31490,.T.);
#31530=ORIENTED_EDGE('',*,*,#31520,.F.);
#31540=CARTESIAN_POINT('',(-3.1605488301517802E+01,
   2.0321376124790600E+01,5.0000000000000000E+00));
#31550=DIRECTION('',(0.0000000000000000E+00,0.0000000000000000E+00,
   1.0000000000000000E+00));
#31560=VECTOR('',#31550,1.0000000000000000E+00);
#31570=LINE('',#31540,#31560);
#31580=EDGE_CURVE('',#10730,#31510,#31570,.T.);
#31590=ORIENTED_EDGE('',*,*,#31580,.T.);
#31600=ORIENTED_EDGE('',*,*,#10740,.F.);
#31610=CARTESIAN_POINT('',(-3.1355488301517802E+01,
   2.0321376124790600E+01,0.0000000000000000E+00));
#31620=DIRECTION('',(0.0000000000000000E+00,-1.0000000000000000E+00,
   0.0000000000000000E+00));
#31630=DIRECTION('',(1.0000000000000000E+00,0.0000000000000000E+00,
   0.0000000000000000E+00));
#31640=AXIS2_PLACEMENT_3D('',#31610,#31620,#31630);
#31650=CIRCLE('',#31640,5.5000000000000004E-01);
#31660=EDGE_CURVE('',#10350,#10260,#31650,.T.);
#31670=ORIENTED_EDGE('',*,*,#31660,.T.);
#31680=ORIENTED_EDGE('',*,*,#11000,.F.);
#31690=EDGE_LOOP('',(#31680,#31670,#31600,#31590,#31530,#31450));
#31700=FACE_OUTER_BOUND('',#31690,.T.);
#31710=ADVANCED_FACE('',(#31700),#31370,.T.);
#31720=COLOUR_RGB('',9.4901961088180542E-01,9.4901961088180542E-01,
   1.0000000000000000E+00);
#31730=FILL_AREA_STYLE_COLOUR('',#31720);
#31740=FILL_AREA_STYLE('',(#31730));
#31750=SURFACE_STYLE_FILL_AREA(#31740);
#31760=SURFACE_SIDE_STYLE('',(#31750));
#31770=SURFACE_STYLE_USAGE(.BOTH.,#31760);
#31780=PRESENTATION_STYLE_ASSIGNMENT((#31770));
#31790=CARTESIAN_POINT('',(-3.1355488301517802E+01,
   1.7821376124790600E+01,3.1602540378443855E-01));
#31800=DIRECTION('',(0.0000000000000000E+00,-2.5881904510252085E-01,
   9.6592582628906820E-01));
#31810=DIRECTION('',(0.0000000000000000E+00,9.6592582628906842E-01,
   2.5881904510252091E-01));
#31820=AXIS2_PLACEMENT_3D('',#31790,#31800,#31810);
#31830=PLANE('',#31820);
#31840=CARTESIAN_POINT('',(-3.1605488301517795E+01,
   -2.2653715864353234E+01,-1.0529242808282062E+01));
#31850=DIRECTION('',(0.0000000000000000E+00,-9.6592582628906831E-01,
   -2.5881904510252091E-01));
#31860=VECTOR('',#31850,1.0000000000000000E+00);
#31870=LINE('',#31840,#31860);
#31880=CARTESIAN_POINT('',(-3.1605488301517802E+01,
   1.8321376124790600E+01,4.5000000000000018E-01));
#31890=VERTEX_POINT('',#31880);
#31900=CARTESIAN_POINT('',(-3.1605488301517802E+01,
   1.7321376124790600E+01,1.8205080756887693E-01));
#31910=VERTEX_POINT('',#31900);
#31920=EDGE_CURVE('',#31890,#31910,#31870,.T.);
#31930=ORIENTED_EDGE('',*,*,#31920,.T.);
#31940=CARTESIAN_POINT('',(-8.4502159542249785E+01,
   1.8321376124790607E+01,4.5000000000000018E-01));
#31950=DIRECTION('',(-1.0000000000000000E+00,0.0000000000000000E+00,
   0.0000000000000000E+00));
#31960=VECTOR('',#31950,1.0000000000000000E+00);
#31970=LINE('',#31940,#31960);
#31980=CARTESIAN_POINT('',(-3.1105488301517802E+01,
   1.8321376124790607E+01,4.5000000000000018E-01));
#31990=VERTEX_POINT('',#31980);
#32000=EDGE_CURVE('',#31990,#31890,#31970,.T.);
#32010=ORIENTED_EDGE('',*,*,#32000,.T.);
#32020=CARTESIAN_POINT('',(-3.1105488301517802E+01,
   -2.2653715864353234E+01,-1.0529242808282062E+01));
#32030=DIRECTION('',(0.0000000000000000E+00,9.6592582628906831E-01,
   2.5881904510252091E-01));
#32040=VECTOR('',#32030,1.0000000000000000E+00);
#32050=LINE('',#32020,#32040);
#32060=CARTESIAN_POINT('',(-3.1105488301517802E+01,
   1.7321376124790600E+01,1.8205080756887693E-01));
#32070=VERTEX_POINT('',#32060);
#32080=EDGE_CURVE('',#32070,#31990,#32050,.T.);
#32090=ORIENTED_EDGE('',*,*,#32080,.T.);
#32100=CARTESIAN_POINT('',(-8.4502159542249785E+01,
   1.7321376124790600E+01,1.8205080756887693E-01));
#32110=DIRECTION('',(1.0000000000000000E+00,0.0000000000000000E+00,
   0.0000000000000000E+00));
#32120=VECTOR('',#32110,1.0000000000000000E+00);
#32130=LINE('',#32100,#32120);
#32140=EDGE_CURVE('',#31910,#32070,#32130,.T.);
#32150=ORIENTED_EDGE('',*,*,#32140,.T.);
#32160=EDGE_LOOP('',(#32150,#32090,#32010,#31930));
#32170=FACE_OUTER_BOUND('',#32160,.T.);
#32180=ADVANCED_FACE('',(#32170),#31830,.T.);
#32190=COLOUR_RGB('',9.4901961088180542E-01,9.4901961088180542E-01,
   1.0000000000000000E+00);
#32200=FILL_AREA_STYLE_COLOUR('',#32190);
#32210=FILL_AREA_STYLE('',(#32200));
#32220=SURFACE_STYLE_FILL_AREA(#32210);
#32230=SURFACE_SIDE_STYLE('',(#32220));
#32240=SURFACE_STYLE_USAGE(.BOTH.,#32230);
#32250=PRESENTATION_STYLE_ASSIGNMENT((#32240));
#32260=CARTESIAN_POINT('',(-3.1605488301517802E+01,
   2.0321376124790600E+01,-4.5000000000000018E-01));
#32270=DIRECTION('',(-1.0000000000000000E+00,0.0000000000000000E+00,
   0.0000000000000000E+00));
#32280=DIRECTION('',(0.0000000000000000E+00,0.0000000000000000E+00,
   1.0000000000000000E+00));
#32290=AXIS2_PLACEMENT_3D('',#32260,#32270,#32280);
#32300=PLANE('',#32290);
#32310=ORIENTED_EDGE('',*,*,#13660,.F.);
#32320=ORIENTED_EDGE('',*,*,#12010,.T.);
#32330=ORIENTED_EDGE('',*,*,#10820,.T.);
#32340=ORIENTED_EDGE('',*,*,#31580,.F.);
#32350=CARTESIAN_POINT('',(-3.1605488301517802E+01,
   -2.2653715864353234E+01,4.5000000000000018E-01));
#32360=DIRECTION('',(0.0000000000000000E+00,1.0000000000000000E+00,
   0.0000000000000000E+00));
#32370=VECTOR('',#32360,1.0000000000000000E+00);
#32380=LINE('',#32350,#32370);
#32390=EDGE_CURVE('',#31890,#31510,#32380,.T.);
#32400=ORIENTED_EDGE('',*,*,#32390,.T.);
#32410=ORIENTED_EDGE('',*,*,#31920,.F.);
#32420=CARTESIAN_POINT('',(-3.1605488301517802E+01,
   1.7321376124790600E+01,5.0000000000000000E+00));
#32430=DIRECTION('',(0.0000000000000000E+00,0.0000000000000000E+00,
   1.0000000000000000E+00));
#32440=VECTOR('',#32430,1.0000000000000000E+00);
#32450=LINE('',#32420,#32440);
#32460=EDGE_CURVE('',#13650,#31910,#32450,.T.);
#32470=ORIENTED_EDGE('',*,*,#32460,.T.);
#32480=EDGE_LOOP('',(#32470,#32410,#32400,#32340,#32330,#32320,#32310));
#32490=FACE_OUTER_BOUND('',#32480,.T.);
#32500=ADVANCED_FACE('',(#32490),#32300,.T.);
#32510=COLOUR_RGB('',9.4901961088180542E-01,9.4901961088180542E-01,
   1.0000000000000000E+00);
#32520=FILL_AREA_STYLE_COLOUR('',#32510);
#32530=FILL_AREA_STYLE('',(#32520));
#32540=SURFACE_STYLE_FILL_AREA(#32530);
#32550=SURFACE_SIDE_STYLE('',(#32540));
#32560=SURFACE_STYLE_USAGE(.BOTH.,#32550);
#32570=PRESENTATION_STYLE_ASSIGNMENT((#32560));
#32580=CARTESIAN_POINT('',(-3.1105488301517802E+01,
   2.0321376124790600E+01,4.5000000000000018E-01));
#32590=DIRECTION('',(1.0000000000000000E+00,-0.0000000000000000E+00,
   0.0000000000000000E+00));
#32600=DIRECTION('',(0.0000000000000000E+00,0.0000000000000000E+00,
   -1.0000000000000000E+00));
#32610=AXIS2_PLACEMENT_3D('',#32580,#32590,#32600);
#32620=PLANE('',#32610);
#32630=ORIENTED_EDGE('',*,*,#10980,.F.);
#32640=ORIENTED_EDGE('',*,*,#12150,.T.);
#32650=ORIENTED_EDGE('',*,*,#13570,.T.);
#32660=CARTESIAN_POINT('',(-3.1105488301517802E+01,
   1.7321376124790600E+01,5.0000000000000000E+00));
#32670=DIRECTION('',(0.0000000000000000E+00,0.0000000000000000E+00,
   -1.0000000000000000E+00));
#32680=VECTOR('',#32670,1.0000000000000000E+00);
#32690=LINE('',#32660,#32680);
#32700=EDGE_CURVE('',#32070,#13560,#32690,.T.);
#32710=ORIENTED_EDGE('',*,*,#32700,.T.);
#32720=ORIENTED_EDGE('',*,*,#32080,.F.);
#32730=CARTESIAN_POINT('',(-3.1105488301517802E+01,
   -2.2653715864353234E+01,4.5000000000000018E-01));
#32740=DIRECTION('',(0.0000000000000000E+00,-1.0000000000000000E+00,
   0.0000000000000000E+00));
#32750=VECTOR('',#32740,1.0000000000000000E+00);
#32760=LINE('',#32730,#32750);
#32770=EDGE_CURVE('',#31430,#31990,#32760,.T.);
#32780=ORIENTED_EDGE('',*,*,#32770,.T.);
#32790=ORIENTED_EDGE('',*,*,#31440,.F.);
#32800=EDGE_LOOP('',(#32790,#32780,#32720,#32710,#32650,#32640,#32630));
#32810=FACE_OUTER_BOUND('',#32800,.T.);
#32820=ADVANCED_FACE('',(#32810),#32620,.T.);
#32830=COLOUR_RGB('',9.4901961088180542E-01,9.4901961088180542E-01,
   1.0000000000000000E+00);
#32840=FILL_AREA_STYLE_COLOUR('',#32830);
#32850=FILL_AREA_STYLE('',(#32840));
#32860=SURFACE_STYLE_FILL_AREA(#32850);
#32870=SURFACE_SIDE_STYLE('',(#32860));
#32880=SURFACE_STYLE_USAGE(.BOTH.,#32870);
#32890=PRESENTATION_STYLE_ASSIGNMENT((#32880));
#32900=CARTESIAN_POINT('',(-2.9886031253416185E+01,
   1.7321376124790600E+01,2.2269224911855865E+00));
#32910=DIRECTION('',(0.0000000000000000E+00,-1.0000000000000000E+00,
   0.0000000000000000E+00));
#32920=DIRECTION('',(1.0000000000000000E+00,0.0000000000000000E+00,
   0.0000000000000000E+00));
#32930=AXIS2_PLACEMENT_3D('',#32900,#32910,#32920);
#32940=PLANE('',#32930);
#32950=ORIENTED_EDGE('',*,*,#32700,.F.);
#32960=ORIENTED_EDGE('',*,*,#13720,.F.);
#32970=ORIENTED_EDGE('',*,*,#32460,.F.);
#32980=ORIENTED_EDGE('',*,*,#32140,.F.);
#32990=EDGE_LOOP('',(#32980,#32970,#32960,#32950));
#33000=FACE_OUTER_BOUND('',#32990,.T.);
#33010=ADVANCED_FACE('',(#33000),#32940,.T.);
#33020=COLOUR_RGB('',9.4901961088180542E-01,9.4901961088180542E-01,
   1.0000000000000000E+00);
#33030=FILL_AREA_STYLE_COLOUR('',#33020);
#33040=FILL_AREA_STYLE('',(#33030));
#33050=SURFACE_STYLE_FILL_AREA(#33040);
#33060=SURFACE_SIDE_STYLE('',(#33050));
#33070=SURFACE_STYLE_USAGE(.BOTH.,#33060);
#33080=PRESENTATION_STYLE_ASSIGNMENT((#33070));
#33090=CARTESIAN_POINT('',(-3.1605488301517802E+01,
   2.0321376124790600E+01,4.5000000000000018E-01));
#33100=DIRECTION('',(0.0000000000000000E+00,0.0000000000000000E+00,
   1.0000000000000000E+00));
#33110=DIRECTION('',(1.0000000000000000E+00,0.0000000000000000E+00,
   0.0000000000000000E+00));
#33120=AXIS2_PLACEMENT_3D('',#33090,#33100,#33110);
#33130=PLANE('',#33120);
#33140=ORIENTED_EDGE('',*,*,#32770,.F.);
#33150=ORIENTED_EDGE('',*,*,#32000,.F.);
#33160=ORIENTED_EDGE('',*,*,#32390,.F.);
#33170=ORIENTED_EDGE('',*,*,#31520,.T.);
#33180=EDGE_LOOP('',(#33170,#33160,#33150,#33140));
#33190=FACE_OUTER_BOUND('',#33180,.T.);
#33200=ADVANCED_FACE('',(#33190),#33130,.T.);
#33210=COLOUR_RGB('',9.4901961088180542E-01,9.4901961088180542E-01,
   1.0000000000000000E+00);
#33220=FILL_AREA_STYLE_COLOUR('',#33210);
#33230=FILL_AREA_STYLE('',(#33220));
#33240=SURFACE_STYLE_FILL_AREA(#33230);
#33250=SURFACE_SIDE_STYLE('',(#33240));
#33260=SURFACE_STYLE_USAGE(.BOTH.,#33250);
#33270=PRESENTATION_STYLE_ASSIGNMENT((#33260));
#33280=CARTESIAN_POINT('',(-3.1652975674933074E+01,
   2.8601376124790594E+01,7.2474873734152840E+00));
#33290=DIRECTION('',(7.0710678118654746E-01,0.0000000000000000E+00,
   -7.0710678118654757E-01));
#33300=DIRECTION('',(0.0000000000000000E+00,-1.0000000000000000E+00,
   0.0000000000000000E+00));
#33310=AXIS2_PLACEMENT_3D('',#33280,#33290,#33300);
#33320=PLANE('',#33310);
#33330=ORIENTED_EDGE('',*,*,#18250,.F.);
#33340=CARTESIAN_POINT('',(-3.1900463048348357E+01,
   -2.2653715864353234E+01,7.0000000000000018E+00));
#33350=DIRECTION('',(-0.0000000000000000E+00,1.0000000000000000E+00,
   0.0000000000000000E+00));
#33360=VECTOR('',#33350,1.0000000000000000E+00);
#33370=LINE('',#33340,#33360);
#33380=CARTESIAN_POINT('',(-3.1900463048348364E+01,
   2.8601376124790601E+01,6.9999999999999929E+00));
#33390=VERTEX_POINT('',#33380);
#33400=EDGE_CURVE('',#18240,#33390,#33370,.T.);
#33410=ORIENTED_EDGE('',*,*,#33400,.F.);
#33420=CARTESIAN_POINT('',(-8.4502159542249785E+01,
   2.8601376124790601E+01,-4.5601696493901422E+01));
#33430=DIRECTION('',(-7.0710678118654757E-01,0.0000000000000000E+00,
   -7.0710678118654746E-01));
#33440=VECTOR('',#33430,1.0000000000000000E+00);
#33450=LINE('',#33420,#33440);
#33460=CARTESIAN_POINT('',(-3.1905465551017315E+01,
   2.8601376124790601E+01,6.9949974973310454E+00));
#33470=VERTEX_POINT('',#33460);
#33480=EDGE_CURVE('',#33390,#33470,#33450,.T.);
#33490=ORIENTED_EDGE('',*,*,#33480,.F.);
#33500=CARTESIAN_POINT('',(-3.1905465551017315E+01,
   3.9321376124790604E+01,6.9949974973310454E+00));
#33510=DIRECTION('',(0.0000000000000000E+00,-1.0000000000000000E+00,
   0.0000000000000000E+00));
#33520=VECTOR('',#33510,1.0000000000000000E+00);
#33530=LINE('',#33500,#33520);
#33540=EDGE_CURVE('',#33470,#18220,#33530,.T.);
#33550=ORIENTED_EDGE('',*,*,#33540,.F.);
#33560=EDGE_LOOP('',(#33550,#33490,#33410,#33330));
#33570=FACE_OUTER_BOUND('',#33560,.T.);
#33580=ADVANCED_FACE('',(#33570),#33320,.T.);
#33590=COLOUR_RGB('',9.4901967048645020E-01,9.4901967048645020E-01,
   1.0000000000000000E+00);
#33600=FILL_AREA_STYLE_COLOUR('',#33590);
#33610=FILL_AREA_STYLE('',(#33600));
#33620=SURFACE_STYLE_FILL_AREA(#33610);
#33630=SURFACE_SIDE_STYLE('',(#33620));
#33640=SURFACE_STYLE_USAGE(.BOTH.,#33630);
#33650=PRESENTATION_STYLE_ASSIGNMENT((#33640));
#33660=CARTESIAN_POINT('',(-3.2074229385564998E+01,
   2.8601376124790601E+01,7.6687410840472072E+00));
#33670=DIRECTION('',(0.0000000000000000E+00,1.0000000000000000E+00,
   0.0000000000000000E+00));
#33680=DIRECTION('',(7.0710678118654746E-01,0.0000000000000000E+00,
   -7.0710678118654757E-01));
#33690=AXIS2_PLACEMENT_3D('',#33660,#33670,#33680);
#33700=PLANE('',#33690);
#33710=CARTESIAN_POINT('',(-3.1355488301517802E+01,
   2.8601376124790601E+01,7.0000000000000018E+00));
#33720=DIRECTION('',(0.0000000000000000E+00,-1.0000000000000000E+00,
   0.0000000000000000E+00));
#33730=DIRECTION('',(1.0000000000000000E+00,0.0000000000000000E+00,
   0.0000000000000000E+00));
#33740=AXIS2_PLACEMENT_3D('',#33710,#33720,#33730);
#33750=CIRCLE('',#33740,5.5000000000000004E-01);
#33760=CARTESIAN_POINT('',(-3.1905488301517799E+01,
   2.8601376124790601E+01,7.0000000000000018E+00));
#33770=VERTEX_POINT('',#33760);
#33780=EDGE_CURVE('',#33770,#33470,#33750,.T.);
#33790=ORIENTED_EDGE('',*,*,#33780,.F.);
#33800=ORIENTED_EDGE('',*,*,#33480,.T.);
#33810=CARTESIAN_POINT('',(-8.4502159542249785E+01,
   2.8601376124790601E+01,7.0000000000000018E+00));
#33820=DIRECTION('',(-1.0000000000000000E+00,0.0000000000000000E+00,
   0.0000000000000000E+00));
#33830=VECTOR('',#33820,1.0000000000000000E+00);
#33840=LINE('',#33810,#33830);
#33850=EDGE_CURVE('',#33390,#33770,#33840,.T.);
#33860=ORIENTED_EDGE('',*,*,#33850,.F.);
#33870=EDGE_LOOP('',(#33860,#33800,#33790));
#33880=FACE_OUTER_BOUND('',#33870,.T.);
#33890=ADVANCED_FACE('',(#33880),#33700,.T.);
#33900=COLOUR_RGB('',9.4901967048645020E-01,9.4901967048645020E-01,
   1.0000000000000000E+00);
#33910=FILL_AREA_STYLE_COLOUR('',#33900);
#33920=FILL_AREA_STYLE('',(#33910));
#33930=SURFACE_STYLE_FILL_AREA(#33920);
#33940=SURFACE_SIDE_STYLE('',(#33930));
#33950=SURFACE_STYLE_USAGE(.BOTH.,#33940);
#33960=PRESENTATION_STYLE_ASSIGNMENT((#33950));
#33970=CARTESIAN_POINT('',(-3.1355488301517802E+01,
   1.7821376124790600E+01,6.6839745962155632E+00));
#33980=DIRECTION('',(0.0000000000000000E+00,2.5881904510252085E-01,
   9.6592582628906820E-01));
#33990=DIRECTION('',(0.0000000000000000E+00,9.6592582628906842E-01,
   -2.5881904510252091E-01));
#34000=AXIS2_PLACEMENT_3D('',#33970,#33980,#33990);
#34010=PLANE('',#34000);
#34020=CARTESIAN_POINT('',(-3.1105488301517802E+01,
   -2.2653715864353234E+01,1.7529242808282063E+01));
#34030=DIRECTION('',(0.0000000000000000E+00,-9.6592582628906831E-01,
   2.5881904510252091E-01));
#34040=VECTOR('',#34030,1.0000000000000000E+00);
#34050=LINE('',#34020,#34040);
#34060=CARTESIAN_POINT('',(-3.1105488301517802E+01,
   1.8321376124790607E+01,6.5500000000000016E+00));
#34070=VERTEX_POINT('',#34060);
#34080=CARTESIAN_POINT('',(-3.1105488301517802E+01,
   1.7321376124790600E+01,6.8179491924311248E+00));
#34090=VERTEX_POINT('',#34080);
#34100=EDGE_CURVE('',#34070,#34090,#34050,.T.);
#34110=ORIENTED_EDGE('',*,*,#34100,.T.);
#34120=CARTESIAN_POINT('',(-8.4502159542249785E+01,
   1.8321376124790607E+01,6.5500000000000016E+00));
#34130=DIRECTION('',(1.0000000000000000E+00,0.0000000000000000E+00,
   0.0000000000000000E+00));
#34140=VECTOR('',#34130,1.0000000000000000E+00);
#34150=LINE('',#34120,#34140);
#34160=EDGE_CURVE('',#29200,#34070,#34150,.T.);
#34170=ORIENTED_EDGE('',*,*,#34160,.T.);
#34180=ORIENTED_EDGE('',*,*,#29210,.T.);
#34190=CARTESIAN_POINT('',(-8.4502159542249785E+01,
   1.7321376124790600E+01,6.8179491924311248E+00));
#34200=DIRECTION('',(-1.0000000000000000E+00,0.0000000000000000E+00,
   0.0000000000000000E+00));
#34210=VECTOR('',#34200,1.0000000000000000E+00);
#34220=LINE('',#34190,#34210);
#34230=EDGE_CURVE('',#34090,#29120,#34220,.T.);
#34240=ORIENTED_EDGE('',*,*,#34230,.T.);
#34250=EDGE_LOOP('',(#34240,#34180,#34170,#34110));
#34260=FACE_OUTER_BOUND('',#34250,.T.);
#34270=ADVANCED_FACE('',(#34260),#34010,.F.);
#34280=COLOUR_RGB('',9.4901961088180542E-01,9.4901961088180542E-01,
   1.0000000000000000E+00);
#34290=FILL_AREA_STYLE_COLOUR('',#34280);
#34300=FILL_AREA_STYLE('',(#34290));
#34310=SURFACE_STYLE_FILL_AREA(#34300);
#34320=SURFACE_SIDE_STYLE('',(#34310));
#34330=SURFACE_STYLE_USAGE(.BOTH.,#34320);
#34340=PRESENTATION_STYLE_ASSIGNMENT((#34330));
#34350=CARTESIAN_POINT('',(-3.1105488301517802E+01,
   2.0321376124790600E+01,7.4500000000000020E+00));
#34360=DIRECTION('',(1.0000000000000000E+00,-0.0000000000000000E+00,
   0.0000000000000000E+00));
#34370=DIRECTION('',(0.0000000000000000E+00,0.0000000000000000E+00,
   -1.0000000000000000E+00));
#34380=AXIS2_PLACEMENT_3D('',#34350,#34360,#34370);
#34390=PLANE('',#34380);
#34400=CARTESIAN_POINT('',(-3.1105488301517802E+01,
   -2.2653715864353234E+01,-3.5292428082820617E+00));
#34410=DIRECTION('',(0.0000000000000000E+00,9.6592582628906831E-01,
   2.5881904510252091E-01));
#34420=VECTOR('',#34410,1.0000000000000000E+00);
#34430=LINE('',#34400,#34420);
#34440=CARTESIAN_POINT('',(-3.1105488301517802E+01,
   1.7321376124790600E+01,7.1820508075688769E+00));
#34450=VERTEX_POINT('',#34440);
#34460=CARTESIAN_POINT('',(-3.1105488301517802E+01,
   1.8321376124790607E+01,7.4500000000000002E+00));
#34470=VERTEX_POINT('',#34460);
#34480=EDGE_CURVE('',#34450,#34470,#34430,.T.);
#34490=ORIENTED_EDGE('',*,*,#34480,.F.);
#34500=CARTESIAN_POINT('',(-3.1105488301517802E+01,
   -2.2653715864353234E+01,7.4500000000000002E+00));
#34510=DIRECTION('',(0.0000000000000000E+00,-1.0000000000000000E+00,
   0.0000000000000000E+00));
#34520=VECTOR('',#34510,1.0000000000000000E+00);
#34530=LINE('',#34500,#34520);
#34540=CARTESIAN_POINT('',(-3.1105488301517802E+01,
   2.0321376124790600E+01,7.4500000000000002E+00));
#34550=VERTEX_POINT('',#34540);
#34560=EDGE_CURVE('',#34550,#34470,#34530,.T.);
#34570=ORIENTED_EDGE('',*,*,#34560,.T.);
#34580=CARTESIAN_POINT('',(-3.1105488301517802E+01,
   2.0321376124790600E+01,1.2000000000000000E+01));
#34590=DIRECTION('',(0.0000000000000000E+00,0.0000000000000000E+00,
   -1.0000000000000000E+00));
#34600=VECTOR('',#34590,1.0000000000000000E+00);
#34610=LINE('',#34580,#34600);
#34620=CARTESIAN_POINT('',(-3.1105488301517802E+01,
   2.0321376124790600E+01,7.0000000000000018E+00));
#34630=VERTEX_POINT('',#34620);
#34640=EDGE_CURVE('',#34550,#34630,#34610,.T.);
#34650=ORIENTED_EDGE('',*,*,#34640,.F.);
#34660=CARTESIAN_POINT('',(-3.1105488301517802E+01,
   2.0321376124790600E+01,8.5000000000000018E+00));
#34670=DIRECTION('',(0.0000000000000000E+00,0.0000000000000000E+00,
   -1.0000000000000000E+00));
#34680=VECTOR('',#34670,1.0000000000000000E+00);
#34690=LINE('',#34660,#34680);
#34700=CARTESIAN_POINT('',(-3.1105488301517802E+01,
   2.0321376124790600E+01,6.5500000000000016E+00));
#34710=VERTEX_POINT('',#34700);
#34720=EDGE_CURVE('',#34630,#34710,#34690,.T.);
#34730=ORIENTED_EDGE('',*,*,#34720,.F.);
#34740=CARTESIAN_POINT('',(-3.1105488301517802E+01,
   -2.2653715864353234E+01,6.5500000000000016E+00));
#34750=DIRECTION('',(0.0000000000000000E+00,1.0000000000000000E+00,
   0.0000000000000000E+00));
#34760=VECTOR('',#34750,1.0000000000000000E+00);
#34770=LINE('',#34740,#34760);
#34780=EDGE_CURVE('',#34070,#34710,#34770,.T.);
#34790=ORIENTED_EDGE('',*,*,#34780,.T.);
#34800=ORIENTED_EDGE('',*,*,#34100,.F.);
#34810=CARTESIAN_POINT('',(-3.1105488301517802E+01,
   1.7321376124790600E+01,8.5000000000000018E+00));
#34820=DIRECTION('',(0.0000000000000000E+00,0.0000000000000000E+00,
   -1.0000000000000000E+00));
#34830=VECTOR('',#34820,1.0000000000000000E+00);
#34840=LINE('',#34810,#34830);
#34850=EDGE_CURVE('',#34450,#34090,#34840,.T.);
#34860=ORIENTED_EDGE('',*,*,#34850,.T.);
#34870=EDGE_LOOP('',(#34860,#34800,#34790,#34730,#34650,#34570,#34490));
#34880=FACE_OUTER_BOUND('',#34870,.T.);
#34890=ADVANCED_FACE('',(#34880),#34390,.T.);
#34900=COLOUR_RGB('',9.4901961088180542E-01,9.4901961088180542E-01,
   1.0000000000000000E+00);
#34910=FILL_AREA_STYLE_COLOUR('',#34900);
#34920=FILL_AREA_STYLE('',(#34910));
#34930=SURFACE_STYLE_FILL_AREA(#34920);
#34940=SURFACE_SIDE_STYLE('',(#34930));
#34950=SURFACE_STYLE_USAGE(.BOTH.,#34940);
#34960=PRESENTATION_STYLE_ASSIGNMENT((#34950));
#34970=ORIENTED_EDGE('',*,*,#18420,.F.);
#34980=ORIENTED_EDGE('',*,*,#22980,.T.);
#34990=CARTESIAN_POINT('',(-3.0910513554687164E+01,
   2.8601376124790601E+01,7.0000000000000000E+00));
#35000=VERTEX_POINT('',#34990);
#35010=EDGE_CURVE('',#22910,#35000,#22890,.T.);
#35020=ORIENTED_EDGE('',*,*,#35010,.F.);
#35030=CARTESIAN_POINT('',(-3.0910513554687157E+01,
   -2.2653715864353234E+01,7.0000000000000018E+00));
#35040=DIRECTION('',(-0.0000000000000000E+00,-1.0000000000000000E+00,
   0.0000000000000000E+00));
#35050=VECTOR('',#35040,1.0000000000000000E+00);
#35060=LINE('',#35030,#35050);
#35070=EDGE_CURVE('',#35000,#18410,#35060,.T.);
#35080=ORIENTED_EDGE('',*,*,#35070,.F.);
#35090=EDGE_LOOP('',(#35080,#35020,#34980,#34970));
#35100=FACE_OUTER_BOUND('',#35090,.T.);
#35110=ADVANCED_FACE('',(#35100),#22730,.T.);
#35120=COLOUR_RGB('',9.4901967048645020E-01,9.4901967048645020E-01,
   1.0000000000000000E+00);
#35130=FILL_AREA_STYLE_COLOUR('',#35120);
#35140=FILL_AREA_STYLE('',(#35130));
#35150=SURFACE_STYLE_FILL_AREA(#35140);
#35160=SURFACE_SIDE_STYLE('',(#35150));
#35170=SURFACE_STYLE_USAGE(.BOTH.,#35160);
#35180=PRESENTATION_STYLE_ASSIGNMENT((#35170));
#35190=CARTESIAN_POINT('',(-3.1158000928102481E+01,
   2.7601376124790594E+01,3.2525126265846840E+00));
#35200=DIRECTION('',(-7.0710678118654746E-01,0.0000000000000000E+00,
   7.0710678118654757E-01));
#35210=DIRECTION('',(0.0000000000000000E+00,1.0000000000000000E+00,
   0.0000000000000000E+00));
#35220=AXIS2_PLACEMENT_3D('',#35190,#35200,#35210);
#35230=PLANE('',#35220);
#35240=CARTESIAN_POINT('',(-8.4502159542249785E+01,
   2.8001376124790593E+01,-5.0091645987562615E+01));
#35250=DIRECTION('',(-7.0710678118654757E-01,0.0000000000000000E+00,
   -7.0710678118654746E-01));
#35260=VECTOR('',#35250,1.0000000000000000E+00);
#35270=LINE('',#35240,#35260);
#35280=CARTESIAN_POINT('',(-3.0814019159546973E+01,
   2.8001376124790593E+01,3.5964943951397013E+00));
#35290=VERTEX_POINT('',#35280);
#35300=EDGE_CURVE('',#35290,#6380,#35270,.T.);
#35310=ORIENTED_EDGE('',*,*,#35300,.F.);
#35320=ORIENTED_EDGE('',*,*,#12380,.T.);
#35330=EDGE_CURVE('',#12310,#5860,#5840,.T.);
#35340=ORIENTED_EDGE('',*,*,#35330,.F.);
#35350=CARTESIAN_POINT('',(-3.0814019159547051E+01,
   3.9321376124790604E+01,3.5964943951401160E+00));
#35360=DIRECTION('',(0.0000000000000000E+00,-1.0000000000000000E+00,
   0.0000000000000000E+00));
#35370=VECTOR('',#35360,1.0000000000000000E+00);
#35380=LINE('',#35350,#35370);
#35390=EDGE_CURVE('',#5860,#35290,#35380,.T.);
#35400=ORIENTED_EDGE('',*,*,#35390,.F.);
#35410=EDGE_LOOP('',(#35400,#35340,#35320,#35310));
#35420=FACE_OUTER_BOUND('',#35410,.T.);
#35430=ADVANCED_FACE('',(#35420),#35230,.T.);
#35440=COLOUR_RGB('',9.4901967048645020E-01,9.4901967048645020E-01,
   1.0000000000000000E+00);
#35450=FILL_AREA_STYLE_COLOUR('',#35440);
#35460=FILL_AREA_STYLE('',(#35450));
#35470=SURFACE_STYLE_FILL_AREA(#35460);
#35480=SURFACE_SIDE_STYLE('',(#35470));
#35490=SURFACE_STYLE_USAGE(.BOTH.,#35480);
#35500=PRESENTATION_STYLE_ASSIGNMENT((#35490));
#35510=CARTESIAN_POINT('',(-3.1355488301517802E+01,
   2.0821376124790600E+01,1.0500000000000000E+01));
#35520=DIRECTION('',(0.0000000000000000E+00,-1.0000000000000000E+00,
   0.0000000000000000E+00));
#35530=DIRECTION('',(1.0000000000000000E+00,0.0000000000000000E+00,
   0.0000000000000000E+00));
#35540=AXIS2_PLACEMENT_3D('',#35510,#35520,#35530);
#35550=CYLINDRICAL_SURFACE('',#35540,5.5000000000000004E-01);
#35560=CARTESIAN_POINT('',(-3.0805488301517801E+01,
   2.0821376124790600E+01,1.0500000000000000E+01));
#35570=DIRECTION('',(0.0000000000000000E+00,-1.0000000000000000E+00,
   0.0000000000000000E+00));
#35580=VECTOR('',#35570,1.0000000000000000E+00);
#35590=LINE('',#35560,#35580);
#35600=CARTESIAN_POINT('',(-3.0805488301517801E+01,
   2.0821376124790600E+01,1.0500000000000000E+01));
#35610=VERTEX_POINT('',#35600);
#35620=CARTESIAN_POINT('',(-3.0805488301517801E+01,
   2.0321376124790600E+01,1.0500000000000000E+01));
#35630=VERTEX_POINT('',#35620);
#35640=EDGE_CURVE('',#35610,#35630,#35590,.T.);
#35650=ORIENTED_EDGE('',*,*,#35640,.T.);
#35660=CARTESIAN_POINT('',(-3.1355488301517802E+01,
   2.0821376124790600E+01,1.0500000000000000E+01));
#35670=DIRECTION('',(0.0000000000000000E+00,-1.0000000000000000E+00,
   0.0000000000000000E+00));
#35680=DIRECTION('',(1.0000000000000000E+00,0.0000000000000000E+00,
   0.0000000000000000E+00));
#35690=AXIS2_PLACEMENT_3D('',#35660,#35670,#35680);
#35700=CIRCLE('',#35690,5.5000000000000004E-01);
#35710=CARTESIAN_POINT('',(-3.1905488301517803E+01,
   2.0821376124790600E+01,1.0500000000000000E+01));
#35720=VERTEX_POINT('',#35710);
#35730=EDGE_CURVE('',#35720,#35610,#35700,.T.);
#35740=ORIENTED_EDGE('',*,*,#35730,.T.);
#35750=CARTESIAN_POINT('',(-3.1905488301517803E+01,
   2.0821376124790600E+01,1.0500000000000000E+01));
#35760=DIRECTION('',(0.0000000000000000E+00,-1.0000000000000000E+00,
   0.0000000000000000E+00));
#35770=VECTOR('',#35760,1.0000000000000000E+00);
#35780=LINE('',#35750,#35770);
#35790=CARTESIAN_POINT('',(-3.1905488301517803E+01,
   2.0321376124790600E+01,1.0500000000000000E+01));
#35800=VERTEX_POINT('',#35790);
#35810=EDGE_CURVE('',#35720,#35800,#35780,.T.);
#35820=ORIENTED_EDGE('',*,*,#35810,.F.);
#35830=CARTESIAN_POINT('',(-3.1355488301517802E+01,
   2.0321376124790600E+01,1.0500000000000000E+01));
#35840=DIRECTION('',(0.0000000000000000E+00,-1.0000000000000000E+00,
   0.0000000000000000E+00));
#35850=DIRECTION('',(1.0000000000000000E+00,0.0000000000000000E+00,
   0.0000000000000000E+00));
#35860=AXIS2_PLACEMENT_3D('',#35830,#35840,#35850);
#35870=CIRCLE('',#35860,5.5000000000000004E-01);
#35880=EDGE_CURVE('',#35800,#35630,#35870,.T.);
#35890=ORIENTED_EDGE('',*,*,#35880,.F.);
#35900=EDGE_LOOP('',(#35890,#35820,#35740,#35650));
#35910=FACE_OUTER_BOUND('',#35900,.T.);
#35920=ADVANCED_FACE('',(#35910),#35550,.T.);
#35930=COLOUR_RGB('',9.4901961088180542E-01,9.4901961088180542E-01,
   1.0000000000000000E+00);
#35940=FILL_AREA_STYLE_COLOUR('',#35930);
#35950=FILL_AREA_STYLE('',(#35940));
#35960=SURFACE_STYLE_FILL_AREA(#35950);
#35970=SURFACE_SIDE_STYLE('',(#35960));
#35980=SURFACE_STYLE_USAGE(.BOTH.,#35970);
#35990=PRESENTATION_STYLE_ASSIGNMENT((#35980));
#36000=CARTESIAN_POINT('',(-3.1158000928102481E+01,
   2.8001376124790593E+01,1.0252512626584682E+01));
#36010=DIRECTION('',(0.0000000000000000E+00,1.0000000000000000E+00,
   0.0000000000000000E+00));
#36020=DIRECTION('',(7.0710678118654746E-01,0.0000000000000000E+00,
   -7.0710678118654757E-01));
#36030=AXIS2_PLACEMENT_3D('',#36000,#36010,#36020);
#36040=PLANE('',#36030);
#36050=CARTESIAN_POINT('',(-8.4502159542249785E+01,
   2.8001376124790593E+01,-4.2101696493901422E+01));
#36060=DIRECTION('',(7.0710678118654757E-01,0.0000000000000000E+00,
   7.0710678118654746E-01));
#36070=VECTOR('',#36060,1.0000000000000000E+00);
#36080=LINE('',#36050,#36070);
#36090=CARTESIAN_POINT('',(-3.1905465551017315E+01,
   2.8001376124790593E+01,1.0494997497331044E+01));
#36100=VERTEX_POINT('',#36090);
#36110=CARTESIAN_POINT('',(-3.1900463048348364E+01,
   2.8001376124790593E+01,1.0499999999999993E+01));
#36120=VERTEX_POINT('',#36110);
#36130=EDGE_CURVE('',#36100,#36120,#36080,.T.);
#36140=ORIENTED_EDGE('',*,*,#36130,.T.);
#36150=CARTESIAN_POINT('',(-3.1355488301517802E+01,
   2.8001376124790593E+01,1.0500000000000000E+01));
#36160=DIRECTION('',(0.0000000000000000E+00,-1.0000000000000000E+00,
   0.0000000000000000E+00));
#36170=DIRECTION('',(1.0000000000000000E+00,0.0000000000000000E+00,
   0.0000000000000000E+00));
#36180=AXIS2_PLACEMENT_3D('',#36150,#36160,#36170);
#36190=CIRCLE('',#36180,5.5000000000000004E-01);
#36200=EDGE_CURVE('',#36100,#27500,#36190,.T.);
#36210=ORIENTED_EDGE('',*,*,#36200,.F.);
#36220=CARTESIAN_POINT('',(-3.0910513554687164E+01,
   2.8001376124790593E+01,1.0500000000000000E+01));
#36230=VERTEX_POINT('',#36220);
#36240=EDGE_CURVE('',#36230,#27500,#27480,.T.);
#36250=ORIENTED_EDGE('',*,*,#36240,.T.);
#36260=CARTESIAN_POINT('',(-8.4502159542249785E+01,
   2.8001376124790593E+01,1.0500000000000000E+01));
#36270=DIRECTION('',(-1.0000000000000000E+00,0.0000000000000000E+00,
   0.0000000000000000E+00));
#36280=VECTOR('',#36270,1.0000000000000000E+00);
#36290=LINE('',#36260,#36280);
#36300=EDGE_CURVE('',#36230,#36120,#36290,.T.);
#36310=ORIENTED_EDGE('',*,*,#36300,.F.);
#36320=EDGE_LOOP('',(#36310,#36250,#36210,#36140));
#36330=FACE_OUTER_BOUND('',#36320,.T.);
#36340=ADVANCED_FACE('',(#36330),#36040,.T.);
#36350=COLOUR_RGB('',9.4901967048645020E-01,9.4901967048645020E-01,
   1.0000000000000000E+00);
#36360=FILL_AREA_STYLE_COLOUR('',#36350);
#36370=FILL_AREA_STYLE('',(#36360));
#36380=SURFACE_STYLE_FILL_AREA(#36370);
#36390=SURFACE_SIDE_STYLE('',(#36380));
#36400=SURFACE_STYLE_USAGE(.BOTH.,#36390);
#36410=PRESENTATION_STYLE_ASSIGNMENT((#36400));
#36420=CARTESIAN_POINT('',(-3.2611490150567121E+01,
   2.8001376124790593E+01,6.2889728977812371E+00));
#36430=VERTEX_POINT('',#36420);
#36440=EDGE_CURVE('',#36430,#18220,#18200,.T.);
#36450=ORIENTED_EDGE('',*,*,#36440,.F.);
#36460=ORIENTED_EDGE('',*,*,#33540,.T.);
#36470=CARTESIAN_POINT('',(-3.2611490150567114E+01,
   2.8601376124790601E+01,6.2889728977812389E+00));
#36480=VERTEX_POINT('',#36470);
#36490=EDGE_CURVE('',#33470,#36480,#33450,.T.);
#36500=ORIENTED_EDGE('',*,*,#36490,.F.);
#36510=CARTESIAN_POINT('',(-3.2611490150567114E+01,
   2.7145319094080318E+01,6.2889728977812389E+00));
#36520=DIRECTION('',(0.0000000000000000E+00,1.0000000000000000E+00,
   0.0000000000000000E+00));
#36530=VECTOR('',#36520,1.0000000000000000E+00);
#36540=LINE('',#36510,#36530);
#36550=EDGE_CURVE('',#36430,#36480,#36540,.T.);
#36560=ORIENTED_EDGE('',*,*,#36550,.T.);
#36570=EDGE_LOOP('',(#36560,#36500,#36460,#36450));
#36580=FACE_OUTER_BOUND('',#36570,.T.);
#36590=ADVANCED_FACE('',(#36580),#33320,.T.);
#36600=COLOUR_RGB('',9.4901967048645020E-01,9.4901967048645020E-01,
   1.0000000000000000E+00);
#36610=FILL_AREA_STYLE_COLOUR('',#36600);
#36620=FILL_AREA_STYLE('',(#36610));
#36630=SURFACE_STYLE_FILL_AREA(#36620);
#36640=SURFACE_SIDE_STYLE('',(#36630));
#36650=SURFACE_STYLE_USAGE(.BOTH.,#36640);
#36660=PRESENTATION_STYLE_ASSIGNMENT((#36650));
#36670=CARTESIAN_POINT('',(-3.4177964823400686E+01,
   2.4029245874728044E+01,6.2000000000000020E+00));
#36680=DIRECTION('',(0.0000000000000000E+00,0.0000000000000000E+00,
   1.0000000000000000E+00));
#36690=DIRECTION('',(1.0000000000000000E+00,0.0000000000000000E+00,
   0.0000000000000000E+00));
#36700=AXIS2_PLACEMENT_3D('',#36670,#36680,#36690);
#36710=PLANE('',#36700);
#36720=CARTESIAN_POINT('',(-3.3805488301517798E+01,
   2.3821376124790600E+01,6.2000000000000020E+00));
#36730=DIRECTION('',(-2.5881904510253184E-01,9.6592582628906531E-01,
   0.0000000000000000E+00));
#36740=VECTOR('',#36730,1.0000000000000000E+00);
#36750=LINE('',#36720,#36740);
#36760=CARTESIAN_POINT('',(-3.3805488301517798E+01,
   2.3821376124790600E+01,6.2000000000000020E+00));
#36770=VERTEX_POINT('',#36760);
#36780=CARTESIAN_POINT('',(-3.4090488301517780E+01,
   2.4885010604947620E+01,6.2000000000000020E+00));
#36790=VERTEX_POINT('',#36780);
#36800=EDGE_CURVE('',#36770,#36790,#36750,.T.);
#36810=ORIENTED_EDGE('',*,*,#36800,.T.);
#36820=CARTESIAN_POINT('',(-3.3805488301517798E+01,
   2.3821376124790600E+01,6.2000000000000020E+00));
#36830=DIRECTION('',(1.0000000000000000E+00,0.0000000000000000E+00,
   0.0000000000000000E+00));
#36840=VECTOR('',#36830,1.0000000000000000E+00);
#36850=LINE('',#36820,#36840);
#36860=CARTESIAN_POINT('',(-3.3520488301517801E+01,
   2.3821376124790600E+01,6.2000000000000020E+00));
#36870=VERTEX_POINT('',#36860);
#36880=EDGE_CURVE('',#36770,#36870,#36850,.T.);
#36890=ORIENTED_EDGE('',*,*,#36880,.F.);
#36900=CARTESIAN_POINT('',(-3.3520488301517801E+01,
   2.3821376124790600E+01,6.2000000000000020E+00));
#36910=DIRECTION('',(0.0000000000000000E+00,-1.0000000000000000E+00,
   0.0000000000000000E+00));
#36920=VECTOR('',#36910,1.0000000000000000E+00);
#36930=LINE('',#36900,#36920);
#36940=EDGE_CURVE('',#36870,#25270,#36930,.T.);
#36950=ORIENTED_EDGE('',*,*,#36940,.F.);
#36960=ORIENTED_EDGE('',*,*,#25280,.T.);
#36970=CARTESIAN_POINT('',(0.0000000000000000E+00,5.5876864426308202E+01
   ,6.2000000000000020E+00));
#36980=DIRECTION('',(7.0710678118654968E-01,7.0710678118654535E-01,
   0.0000000000000000E+00));
#36990=VECTOR('',#36980,1.0000000000000000E+00);
#37000=LINE('',#36970,#36990);
#37010=CARTESIAN_POINT('',(-3.4090488301517780E+01,
   2.1786376124790618E+01,6.2000000000000020E+00));
#37020=VERTEX_POINT('',#37010);
#37030=EDGE_CURVE('',#37020,#25250,#37000,.T.);
#37040=ORIENTED_EDGE('',*,*,#37030,.T.);
#37050=CARTESIAN_POINT('',(-3.4090488301517787E+01,
   0.0000000000000000E+00,6.2000000000000020E+00));
#37060=DIRECTION('',(0.0000000000000000E+00,1.0000000000000000E+00,
   0.0000000000000000E+00));
#37070=VECTOR('',#37060,1.0000000000000000E+00);
#37080=LINE('',#37050,#37070);
#37090=EDGE_CURVE('',#37020,#36790,#37080,.T.);
#37100=ORIENTED_EDGE('',*,*,#37090,.F.);
#37110=EDGE_LOOP('',(#37100,#37040,#36960,#36950,#36890,#36810));
#37120=FACE_OUTER_BOUND('',#37110,.T.);
#37130=ADVANCED_FACE('',(#37120),#36710,.T.);
#37140=COLOUR_RGB('',5.0196081399917603E-01,1.0000000000000000E+00,
   5.0196081399917603E-01);
#37150=FILL_AREA_STYLE_COLOUR('',#37140);
#37160=FILL_AREA_STYLE('',(#37150));
#37170=SURFACE_STYLE_FILL_AREA(#37160);
#37180=SURFACE_SIDE_STYLE('',(#37170));
#37190=SURFACE_STYLE_USAGE(.BOTH.,#37180);
#37200=PRESENTATION_STYLE_ASSIGNMENT((#37190));
#37210=CARTESIAN_POINT('',(-3.4134907590252553E+01,
   2.5050785647341851E+01,6.2000000000000002E+00));
#37220=DIRECTION('',(9.6592582628906531E-01,2.5881904510253184E-01,
   0.0000000000000000E+00));
#37230=DIRECTION('',(2.5881904510253184E-01,-9.6592582628906531E-01,
   0.0000000000000000E+00));
#37240=AXIS2_PLACEMENT_3D('',#37210,#37220,#37230);
#37250=PLANE('',#37240);
#37260=CARTESIAN_POINT('',(-3.3805488301517798E+01,
   2.3821376124790600E+01,7.7999999999999998E+00));
#37270=DIRECTION('',(-2.5881904510253184E-01,9.6592582628906531E-01,
   0.0000000000000000E+00));
#37280=VECTOR('',#37270,1.0000000000000000E+00);
#37290=LINE('',#37260,#37280);
#37300=CARTESIAN_POINT('',(-3.3805488301517791E+01,
   2.3821376124790600E+01,7.7999999999999954E+00));
#37310=VERTEX_POINT('',#37300);
#37320=EDGE_CURVE('',#37310,#30370,#37290,.T.);
#37330=ORIENTED_EDGE('',*,*,#37320,.T.);
#37340=CARTESIAN_POINT('',(-3.3805488301517798E+01,
   2.3821376124790600E+01,7.0000000000000000E+00));
#37350=DIRECTION('',(0.0000000000000000E+00,0.0000000000000000E+00,
   -1.0000000000000000E+00));
#37360=VECTOR('',#37350,1.0000000000000000E+00);
#37370=LINE('',#37340,#37360);
#37380=EDGE_CURVE('',#37310,#36770,#37370,.T.);
#37390=ORIENTED_EDGE('',*,*,#37380,.F.);
#37400=ORIENTED_EDGE('',*,*,#36800,.F.);
#37410=CARTESIAN_POINT('',(-2.7422569806281828E+01,
   0.0000000000000000E+00,1.2867918495235868E+01));
#37420=DIRECTION('',(-2.5056280708574180E-01,9.3511312653102474E-01,
   -2.5056280708573864E-01));
#37430=VECTOR('',#37420,1.0000000000000000E+00);
#37440=LINE('',#37410,#37430);
#37450=CARTESIAN_POINT('',(-3.4134907590252553E+01,
   2.5050785647341851E+01,6.1555807112652383E+00));
#37460=VERTEX_POINT('',#37450);
#37470=EDGE_CURVE('',#36790,#37460,#37440,.T.);
#37480=ORIENTED_EDGE('',*,*,#37470,.F.);
#37490=CARTESIAN_POINT('',(-3.4134907590252553E+01,
   2.5050785647341851E+01,6.2000000000000020E+00));
#37500=DIRECTION('',(0.0000000000000000E+00,0.0000000000000000E+00,
   -1.0000000000000000E+00));
#37510=VECTOR('',#37500,1.0000000000000000E+00);
#37520=LINE('',#37490,#37510);
#37530=EDGE_CURVE('',#30350,#37460,#37520,.T.);
#37540=ORIENTED_EDGE('',*,*,#37530,.T.);
#37550=ORIENTED_EDGE('',*,*,#30380,.F.);
#37560=EDGE_LOOP('',(#37550,#37540,#37480,#37400,#37390,#37330));
#37570=FACE_OUTER_BOUND('',#37560,.T.);
#37580=ADVANCED_FACE('',(#37570),#37250,.F.);
#37590=COLOUR_RGB('',5.0196081399917603E-01,1.0000000000000000E+00,
   5.0196081399917603E-01);
#37600=FILL_AREA_STYLE_COLOUR('',#37590);
#37610=FILL_AREA_STYLE('',(#37600));
#37620=SURFACE_STYLE_FILL_AREA(#37610);
#37630=SURFACE_SIDE_STYLE('',(#37620));
#37640=SURFACE_STYLE_USAGE(.BOTH.,#37630);
#37650=PRESENTATION_STYLE_ASSIGNMENT((#37640));
#37660=CARTESIAN_POINT('',(-3.4997595082704343E+01,
   2.2071376124790600E+01,7.9999999999999982E+00));
#37670=DIRECTION('',(0.0000000000000000E+00,-1.0000000000000000E+00,
   0.0000000000000000E+00));
#37680=DIRECTION('',(1.0000000000000000E+00,0.0000000000000000E+00,
   0.0000000000000000E+00));
#37690=AXIS2_PLACEMENT_3D('',#37660,#37670,#37680);
#37700=CYLINDRICAL_SURFACE('',#37690,5.0000000000000400E-01);
#37710=CARTESIAN_POINT('',(-3.4997595082704343E+01,
   2.5421376124790601E+01,7.9999999999999982E+00));
#37720=DIRECTION('',(0.0000000000000000E+00,-1.0000000000000000E+00,
   0.0000000000000000E+00));
#37730=DIRECTION('',(1.0000000000000000E+00,0.0000000000000000E+00,
   0.0000000000000000E+00));
#37740=AXIS2_PLACEMENT_3D('',#37710,#37720,#37730);
#37750=CIRCLE('',#37740,5.0000000000000400E-01);
#37760=CARTESIAN_POINT('',(-3.4955488301517804E+01,
   2.5421376124790601E+01,8.4982238643201580E+00));
#37770=VERTEX_POINT('',#37760);
#37780=EDGE_CURVE('',#30540,#37770,#37750,.T.);
#37790=ORIENTED_EDGE('',*,*,#37780,.F.);
#37800=CARTESIAN_POINT('',(-3.4955488301517804E+01,
   2.2071376124790600E+01,8.4982238643201580E+00));
#37810=DIRECTION('',(0.0000000000000000E+00,-1.0000000000000000E+00,
   0.0000000000000000E+00));
#37820=VECTOR('',#37810,1.0000000000000000E+00);
#37830=LINE('',#37800,#37820);
#37840=CARTESIAN_POINT('',(-3.4955488301517804E+01,
   2.0921376124790594E+01,8.4982238643201580E+00));
#37850=VERTEX_POINT('',#37840);
#37860=EDGE_CURVE('',#37770,#37850,#37830,.T.);
#37870=ORIENTED_EDGE('',*,*,#37860,.F.);
#37880=CARTESIAN_POINT('',(-3.4997595082704343E+01,
   2.0879269343604062E+01,7.9999999999999991E+00));
#37890=DIRECTION('',(7.0710678118654535E-01,-7.0710678118654968E-01,
   0.0000000000000000E+00));
#37900=DIRECTION('',(-7.0710678118654968E-01,-7.0710678118654535E-01,
   0.0000000000000000E+00));
#37910=AXIS2_PLACEMENT_3D('',#37880,#37890,#37900);
#37920=ELLIPSE('',#37910,7.0710678118655101E-01,5.0000000000000400E-01);
#37930=EDGE_CURVE('',#30620,#37850,#37920,.T.);
#37940=ORIENTED_EDGE('',*,*,#37930,.T.);
#37950=ORIENTED_EDGE('',*,*,#30630,.T.);
#37960=EDGE_LOOP('',(#37950,#37940,#37870,#37790));
#37970=FACE_OUTER_BOUND('',#37960,.T.);
#37980=ADVANCED_FACE('',(#37970),#37700,.F.);
#37990=COLOUR_RGB('',5.0196081399917603E-01,1.0000000000000000E+00,
   5.0196081399917603E-01);
#38000=FILL_AREA_STYLE_COLOUR('',#37990);
#38010=FILL_AREA_STYLE('',(#38000));
#38020=SURFACE_STYLE_FILL_AREA(#38010);
#38030=SURFACE_SIDE_STYLE('',(#38020));
#38040=SURFACE_STYLE_USAGE(.BOTH.,#38030);
#38050=PRESENTATION_STYLE_ASSIGNMENT((#38040));
#38060=CARTESIAN_POINT('',(-3.3520488301517801E+01,
   2.3821376124790600E+01,7.0000000000000018E+00));
#38070=DIRECTION('',(-0.0000000000000000E+00,1.0000000000000000E+00,
   0.0000000000000000E+00));
#38080=DIRECTION('',(1.0000000000000000E+00,0.0000000000000000E+00,
   0.0000000000000000E+00));
#38090=AXIS2_PLACEMENT_3D('',#38060,#38070,#38080);
#38100=PLANE('',#38090);
#38110=CARTESIAN_POINT('',(-3.3805488301517798E+01,
   2.3821376124790600E+01,7.7999999999999998E+00));
#38120=DIRECTION('',(1.0000000000000000E+00,0.0000000000000000E+00,
   0.0000000000000000E+00));
#38130=VECTOR('',#38120,1.0000000000000000E+00);
#38140=LINE('',#38110,#38130);
#38150=CARTESIAN_POINT('',(-3.3520488301517801E+01,
   2.3821376124790600E+01,7.7999999999999998E+00));
#38160=VERTEX_POINT('',#38150);
#38170=EDGE_CURVE('',#37310,#38160,#38140,.T.);
#38180=ORIENTED_EDGE('',*,*,#38170,.F.);
#38190=CARTESIAN_POINT('',(-3.3520488301517801E+01,
   2.3821376124790600E+01,7.0000000000000018E+00));
#38200=DIRECTION('',(0.0000000000000000E+00,0.0000000000000000E+00,
   -1.0000000000000000E+00));
#38210=VECTOR('',#38200,1.0000000000000000E+00);
#38220=LINE('',#38190,#38210);
#38230=EDGE_CURVE('',#38160,#36870,#38220,.T.);
#38240=ORIENTED_EDGE('',*,*,#38230,.F.);
#38250=ORIENTED_EDGE('',*,*,#36880,.T.);
#38260=ORIENTED_EDGE('',*,*,#37380,.T.);
#38270=EDGE_LOOP('',(#38260,#38250,#38240,#38180));
#38280=FACE_OUTER_BOUND('',#38270,.T.);
#38290=ADVANCED_FACE('',(#38280),#38100,.F.);
#38300=COLOUR_RGB('',5.0196081399917603E-01,1.0000000000000000E+00,
   5.0196081399917603E-01);
#38310=FILL_AREA_STYLE_COLOUR('',#38300);
#38320=FILL_AREA_STYLE('',(#38310));
#38330=SURFACE_STYLE_FILL_AREA(#38320);
#38340=SURFACE_SIDE_STYLE('',(#38330));
#38350=SURFACE_STYLE_USAGE(.BOTH.,#38340);
#38360=PRESENTATION_STYLE_ASSIGNMENT((#38350));
#38370=CARTESIAN_POINT('',(-3.4617870503397079E+01,
   2.4921376124790601E+01,6.2000000000000020E+00));
#38380=DIRECTION('',(0.0000000000000000E+00,0.0000000000000000E+00,
   1.0000000000000000E+00));
#38390=DIRECTION('',(1.0000000000000000E+00,0.0000000000000000E+00,
   0.0000000000000000E+00));
#38400=AXIS2_PLACEMENT_3D('',#38370,#38380,#38390);
#38410=CYLINDRICAL_SURFACE('',#38400,4.9999999999998912E-01);
#38420=ORIENTED_EDGE('',*,*,#30470,.T.);
#38430=ORIENTED_EDGE('',*,*,#37530,.F.);
#38440=CARTESIAN_POINT('',(-3.4617870503397079E+01,
   2.4921376124790594E+01,5.6726177981207186E+00));
#38450=DIRECTION('',(7.0710678118654302E-01,0.0000000000000000E+00,
   -7.0710678118655201E-01));
#38460=DIRECTION('',(-7.0710678118655201E-01,0.0000000000000000E+00,
   -7.0710678118654302E-01));
#38470=AXIS2_PLACEMENT_3D('',#38440,#38450,#38460);
#38480=ELLIPSE('',#38470,7.0710678118652770E-01,4.9999999999998912E-01);
#38490=CARTESIAN_POINT('',(-3.4617870503397079E+01,
   2.5421376124790594E+01,5.6726177981207186E+00));
#38500=VERTEX_POINT('',#38490);
#38510=EDGE_CURVE('',#38500,#37460,#38480,.T.);
#38520=ORIENTED_EDGE('',*,*,#38510,.T.);
#38530=CARTESIAN_POINT('',(-3.4617870503397079E+01,
   2.5421376124790594E+01,6.2000000000000020E+00));
#38540=DIRECTION('',(0.0000000000000000E+00,0.0000000000000000E+00,
   1.0000000000000000E+00));
#38550=VECTOR('',#38540,1.0000000000000000E+00);
#38560=LINE('',#38530,#38550);
#38570=EDGE_CURVE('',#38500,#30460,#38560,.T.);
#38580=ORIENTED_EDGE('',*,*,#38570,.F.);
#38590=EDGE_LOOP('',(#38580,#38520,#38430,#38420));
#38600=FACE_OUTER_BOUND('',#38590,.T.);
#38610=ADVANCED_FACE('',(#38600),#38410,.F.);
#38620=COLOUR_RGB('',5.0196081399917603E-01,1.0000000000000000E+00,
   5.0196081399917603E-01);
#38630=FILL_AREA_STYLE_COLOUR('',#38620);
#38640=FILL_AREA_STYLE('',(#38630));
#38650=SURFACE_STYLE_FILL_AREA(#38640);
#38660=SURFACE_SIDE_STYLE('',(#38650));
#38670=SURFACE_STYLE_USAGE(.BOTH.,#38660);
#38680=PRESENTATION_STYLE_ASSIGNMENT((#38670));
#38690=CARTESIAN_POINT('',(-3.1605488301517802E+01,
   2.0321376124790600E+01,1.0949999999999999E+01));
#38700=DIRECTION('',(0.0000000000000000E+00,0.0000000000000000E+00,
   1.0000000000000000E+00));
#38710=DIRECTION('',(1.0000000000000000E+00,0.0000000000000000E+00,
   0.0000000000000000E+00));
#38720=AXIS2_PLACEMENT_3D('',#38690,#38700,#38710);
#38730=PLANE('',#38720);
#38740=CARTESIAN_POINT('',(-3.1105488301517802E+01,
   -2.2653715864353234E+01,1.0949999999999999E+01));
#38750=DIRECTION('',(0.0000000000000000E+00,-1.0000000000000000E+00,
   0.0000000000000000E+00));
#38760=VECTOR('',#38750,1.0000000000000000E+00);
#38770=LINE('',#38740,#38760);
#38780=CARTESIAN_POINT('',(-3.1105488301517802E+01,
   2.0321376124790600E+01,1.0949999999999999E+01));
#38790=VERTEX_POINT('',#38780);
#38800=CARTESIAN_POINT('',(-3.1105488301517802E+01,
   1.8321376124790607E+01,1.0949999999999999E+01));
#38810=VERTEX_POINT('',#38800);
#38820=EDGE_CURVE('',#38790,#38810,#38770,.T.);
#38830=ORIENTED_EDGE('',*,*,#38820,.F.);
#38840=CARTESIAN_POINT('',(-8.4502159542249785E+01,
   1.8321376124790607E+01,1.0949999999999999E+01));
#38850=DIRECTION('',(-1.0000000000000000E+00,0.0000000000000000E+00,
   0.0000000000000000E+00));
#38860=VECTOR('',#38850,1.0000000000000000E+00);
#38870=LINE('',#38840,#38860);
#38880=CARTESIAN_POINT('',(-3.1605488301517802E+01,
   1.8321376124790600E+01,1.0949999999999999E+01));
#38890=VERTEX_POINT('',#38880);
#38900=EDGE_CURVE('',#38810,#38890,#38870,.T.);
#38910=ORIENTED_EDGE('',*,*,#38900,.F.);
#38920=CARTESIAN_POINT('',(-3.1605488301517802E+01,
   -2.2653715864353234E+01,1.0949999999999999E+01));
#38930=DIRECTION('',(0.0000000000000000E+00,1.0000000000000000E+00,
   0.0000000000000000E+00));
#38940=VECTOR('',#38930,1.0000000000000000E+00);
#38950=LINE('',#38920,#38940);
#38960=CARTESIAN_POINT('',(-3.1605488301517802E+01,
   2.0321376124790600E+01,1.0949999999999999E+01));
#38970=VERTEX_POINT('',#38960);
#38980=EDGE_CURVE('',#38890,#38970,#38950,.T.);
#38990=ORIENTED_EDGE('',*,*,#38980,.F.);
#39000=CARTESIAN_POINT('',(-8.4502159542249785E+01,
   2.0321376124790600E+01,1.0949999999999999E+01));
#39010=DIRECTION('',(-1.0000000000000000E+00,0.0000000000000000E+00,
   0.0000000000000000E+00));
#39020=VECTOR('',#39010,1.0000000000000000E+00);
#39030=LINE('',#39000,#39020);
#39040=EDGE_CURVE('',#38790,#38970,#39030,.T.);
#39050=ORIENTED_EDGE('',*,*,#39040,.T.);
#39060=EDGE_LOOP('',(#39050,#38990,#38910,#38830));
#39070=FACE_OUTER_BOUND('',#39060,.T.);
#39080=ADVANCED_FACE('',(#39070),#38730,.T.);
#39090=COLOUR_RGB('',9.4901961088180542E-01,9.4901961088180542E-01,
   1.0000000000000000E+00);
#39100=FILL_AREA_STYLE_COLOUR('',#39090);
#39110=FILL_AREA_STYLE('',(#39100));
#39120=SURFACE_STYLE_FILL_AREA(#39110);
#39130=SURFACE_SIDE_STYLE('',(#39120));
#39140=SURFACE_STYLE_USAGE(.BOTH.,#39130);
#39150=PRESENTATION_STYLE_ASSIGNMENT((#39140));
#39160=CARTESIAN_POINT('',(-3.4644041692111067E+01,
   2.5421376124790601E+01,6.2000000000000002E+00));
#39170=DIRECTION('',(-0.0000000000000000E+00,1.0000000000000000E+00,
   0.0000000000000000E+00));
#39180=DIRECTION('',(1.0000000000000000E+00,0.0000000000000000E+00,
   0.0000000000000000E+00));
#39190=AXIS2_PLACEMENT_3D('',#39160,#39170,#39180);
#39200=PLANE('',#39190);
#39210=CARTESIAN_POINT('',(0.0000000000000000E+00,2.5421376124790594E+01
   ,4.0290488301517350E+01));
#39220=DIRECTION('',(-7.0710678118655201E-01,0.0000000000000000E+00,
   -7.0710678118654302E-01));
#39230=VECTOR('',#39220,1.0000000000000000E+00);
#39240=LINE('',#39210,#39230);
#39250=EDGE_CURVE('',#38500,#24440,#39240,.T.);
#39260=ORIENTED_EDGE('',*,*,#39250,.F.);
#39270=ORIENTED_EDGE('',*,*,#24710,.T.);
#39280=CARTESIAN_POINT('',(-3.4955488301517804E+01,
   2.5421376124790601E+01,3.5000000000000018E+00));
#39290=DIRECTION('',(0.0000000000000000E+00,0.0000000000000000E+00,
   1.0000000000000000E+00));
#39300=VECTOR('',#39290,1.0000000000000000E+00);
#39310=LINE('',#39280,#39300);
#39320=EDGE_CURVE('',#24630,#37770,#39310,.T.);
#39330=ORIENTED_EDGE('',*,*,#39320,.F.);
#39340=ORIENTED_EDGE('',*,*,#37780,.T.);
#39350=ORIENTED_EDGE('',*,*,#30550,.F.);
#39360=ORIENTED_EDGE('',*,*,#38570,.T.);
#39370=EDGE_LOOP('',(#39360,#39350,#39340,#39330,#39270,#39260));
#39380=FACE_OUTER_BOUND('',#39370,.T.);
#39390=ADVANCED_FACE('',(#39380),#39200,.F.);
#39400=COLOUR_RGB('',5.0196081399917603E-01,1.0000000000000000E+00,
   5.0196081399917603E-01);
#39410=FILL_AREA_STYLE_COLOUR('',#39400);
#39420=FILL_AREA_STYLE('',(#39410));
#39430=SURFACE_STYLE_FILL_AREA(#39420);
#39440=SURFACE_SIDE_STYLE('',(#39430));
#39450=SURFACE_STYLE_USAGE(.BOTH.,#39440);
#39460=PRESENTATION_STYLE_ASSIGNMENT((#39450));
#39470=CARTESIAN_POINT('',(-3.4644041692111067E+01,
   2.1232822734197338E+01,6.2000000000000020E+00));
#39480=DIRECTION('',(7.0710678118654535E-01,-7.0710678118654968E-01,
   0.0000000000000000E+00));
#39490=DIRECTION('',(-7.0710678118654968E-01,-7.0710678118654535E-01,
   0.0000000000000000E+00));
#39500=AXIS2_PLACEMENT_3D('',#39470,#39480,#39490);
#39510=PLANE('',#39500);
#39520=ORIENTED_EDGE('',*,*,#37030,.F.);
#39530=ORIENTED_EDGE('',*,*,#25500,.F.);
#39540=CARTESIAN_POINT('',(0.0000000000000000E+00,5.5876864426308202E+01
   ,7.7999999999999998E+00));
#39550=DIRECTION('',(7.0710678118654968E-01,7.0710678118654535E-01,
   0.0000000000000000E+00));
#39560=VECTOR('',#39550,1.0000000000000000E+00);
#39570=LINE('',#39540,#39560);
#39580=EDGE_CURVE('',#30700,#25430,#39570,.T.);
#39590=ORIENTED_EDGE('',*,*,#39580,.T.);
#39600=ORIENTED_EDGE('',*,*,#30710,.F.);
#39610=ORIENTED_EDGE('',*,*,#37930,.F.);
#39620=CARTESIAN_POINT('',(-3.4955488301517804E+01,
   2.0921376124790608E+01,7.0000000000000000E+00));
#39630=DIRECTION('',(0.0000000000000000E+00,0.0000000000000000E+00,
   -1.0000000000000000E+00));
#39640=VECTOR('',#39630,1.0000000000000000E+00);
#39650=LINE('',#39620,#39640);
#39660=EDGE_CURVE('',#37850,#24550,#39650,.T.);
#39670=ORIENTED_EDGE('',*,*,#39660,.F.);
#39680=ORIENTED_EDGE('',*,*,#24560,.F.);
#39690=CARTESIAN_POINT('',(0.0000000000000000E+00,5.5876864426308202E+01
   ,4.0290488301517357E+01));
#39700=DIRECTION('',(5.7735026918962939E-01,5.7735026918962584E-01,
   5.7735026918962207E-01));
#39710=VECTOR('',#39700,1.0000000000000000E+00);
#39720=LINE('',#39690,#39710);
#39730=EDGE_CURVE('',#24460,#37020,#39720,.T.);
#39740=ORIENTED_EDGE('',*,*,#39730,.F.);
#39750=EDGE_LOOP('',(#39740,#39680,#39670,#39610,#39600,#39590,#39530,
   #39520));
#39760=FACE_OUTER_BOUND('',#39750,.T.);
#39770=ADVANCED_FACE('',(#39760),#39510,.F.);
#39780=COLOUR_RGB('',5.0196081399917603E-01,1.0000000000000000E+00,
   5.0196081399917603E-01);
#39790=FILL_AREA_STYLE_COLOUR('',#39780);
#39800=FILL_AREA_STYLE('',(#39790));
#39810=SURFACE_STYLE_FILL_AREA(#39800);
#39820=SURFACE_SIDE_STYLE('',(#39810));
#39830=SURFACE_STYLE_USAGE(.BOTH.,#39820);
#39840=PRESENTATION_STYLE_ASSIGNMENT((#39830));
#39850=CARTESIAN_POINT('',(-3.4644041692111067E+01,
   2.2071376124790600E+01,5.6464466094067305E+00));
#39860=DIRECTION('',(7.0710678118654302E-01,0.0000000000000000E+00,
   -7.0710678118655201E-01));
#39870=DIRECTION('',(-7.0710678118655201E-01,0.0000000000000000E+00,
   -7.0710678118654302E-01));
#39880=AXIS2_PLACEMENT_3D('',#39850,#39860,#39870);
#39890=PLANE('',#39880);
#39900=ORIENTED_EDGE('',*,*,#39250,.T.);
#39910=ORIENTED_EDGE('',*,*,#38510,.F.);
#39920=ORIENTED_EDGE('',*,*,#37470,.T.);
#39930=ORIENTED_EDGE('',*,*,#37090,.T.);
#39940=ORIENTED_EDGE('',*,*,#39730,.T.);
#39950=ORIENTED_EDGE('',*,*,#24470,.T.);
#39960=EDGE_LOOP('',(#39950,#39940,#39930,#39920,#39910,#39900));
#39970=FACE_OUTER_BOUND('',#39960,.T.);
#39980=ADVANCED_FACE('',(#39970),#39890,.F.);
#39990=COLOUR_RGB('',5.0196081399917603E-01,1.0000000000000000E+00,
   5.0196081399917603E-01);
#40000=FILL_AREA_STYLE_COLOUR('',#39990);
#40010=FILL_AREA_STYLE('',(#40000));
#40020=SURFACE_STYLE_FILL_AREA(#40010);
#40030=SURFACE_SIDE_STYLE('',(#40020));
#40040=SURFACE_STYLE_USAGE(.BOTH.,#40030);
#40050=PRESENTATION_STYLE_ASSIGNMENT((#40040));
#40060=CARTESIAN_POINT('',(-3.1105488301517802E+01,
   2.0321376124790600E+01,1.0949999999999999E+01));
#40070=DIRECTION('',(1.0000000000000000E+00,-0.0000000000000000E+00,
   0.0000000000000000E+00));
#40080=DIRECTION('',(0.0000000000000000E+00,0.0000000000000000E+00,
   -1.0000000000000000E+00));
#40090=AXIS2_PLACEMENT_3D('',#40060,#40070,#40080);
#40100=PLANE('',#40090);
#40110=CARTESIAN_POINT('',(-3.1105488301517802E+01,
   2.0321376124790600E+01,1.2000000000000000E+01));
#40120=DIRECTION('',(0.0000000000000000E+00,0.0000000000000000E+00,
   -1.0000000000000000E+00));
#40130=VECTOR('',#40120,1.0000000000000000E+00);
#40140=LINE('',#40110,#40130);
#40150=CARTESIAN_POINT('',(-3.1105488301517802E+01,
   2.0321376124790600E+01,1.0500000000000000E+01));
#40160=VERTEX_POINT('',#40150);
#40170=CARTESIAN_POINT('',(-3.1105488301517802E+01,
   2.0321376124790600E+01,1.0050000000000001E+01));
#40180=VERTEX_POINT('',#40170);
#40190=EDGE_CURVE('',#40160,#40180,#40140,.T.);
#40200=ORIENTED_EDGE('',*,*,#40190,.F.);
#40210=CARTESIAN_POINT('',(-3.1105488301517802E+01,
   -2.2653715864353234E+01,1.0050000000000001E+01));
#40220=DIRECTION('',(0.0000000000000000E+00,1.0000000000000000E+00,
   0.0000000000000000E+00));
#40230=VECTOR('',#40220,1.0000000000000000E+00);
#40240=LINE('',#40210,#40230);
#40250=CARTESIAN_POINT('',(-3.1105488301517802E+01,
   1.8321376124790607E+01,1.0050000000000001E+01));
#40260=VERTEX_POINT('',#40250);
#40270=EDGE_CURVE('',#40260,#40180,#40240,.T.);
#40280=ORIENTED_EDGE('',*,*,#40270,.T.);
#40290=CARTESIAN_POINT('',(-3.1105488301517802E+01,
   -2.2653715864353234E+01,2.1029242808282063E+01));
#40300=DIRECTION('',(0.0000000000000000E+00,-9.6592582628906831E-01,
   2.5881904510252091E-01));
#40310=VECTOR('',#40300,1.0000000000000000E+00);
#40320=LINE('',#40290,#40310);
#40330=CARTESIAN_POINT('',(-3.1105488301517802E+01,
   1.7321376124790600E+01,1.0317949192431122E+01));
#40340=VERTEX_POINT('',#40330);
#40350=EDGE_CURVE('',#40260,#40340,#40320,.T.);
#40360=ORIENTED_EDGE('',*,*,#40350,.F.);
#40370=CARTESIAN_POINT('',(-3.1105488301517802E+01,
   1.7321376124790600E+01,1.2000000000000000E+01));
#40380=DIRECTION('',(0.0000000000000000E+00,0.0000000000000000E+00,
   -1.0000000000000000E+00));
#40390=VECTOR('',#40380,1.0000000000000000E+00);
#40400=LINE('',#40370,#40390);
#40410=CARTESIAN_POINT('',(-3.1105488301517802E+01,
   1.7321376124790600E+01,1.0682050807568878E+01));
#40420=VERTEX_POINT('',#40410);
#40430=EDGE_CURVE('',#40420,#40340,#40400,.T.);
#40440=ORIENTED_EDGE('',*,*,#40430,.T.);
#40450=CARTESIAN_POINT('',(-3.1105488301517802E+01,
   -2.2653715864353234E+01,-2.9242808282061716E-02));
#40460=DIRECTION('',(0.0000000000000000E+00,9.6592582628906831E-01,
   2.5881904510252091E-01));
#40470=VECTOR('',#40460,1.0000000000000000E+00);
#40480=LINE('',#40450,#40470);
#40490=EDGE_CURVE('',#40420,#38810,#40480,.T.);
#40500=ORIENTED_EDGE('',*,*,#40490,.F.);
#40510=ORIENTED_EDGE('',*,*,#38820,.T.);
#40520=CARTESIAN_POINT('',(-3.1105488301517802E+01,
   2.0321376124790600E+01,1.5500000000000000E+01));
#40530=DIRECTION('',(0.0000000000000000E+00,0.0000000000000000E+00,
   -1.0000000000000000E+00));
#40540=VECTOR('',#40530,1.0000000000000000E+00);
#40550=LINE('',#40520,#40540);
#40560=EDGE_CURVE('',#38790,#40160,#40550,.T.);
#40570=ORIENTED_EDGE('',*,*,#40560,.F.);
#40580=EDGE_LOOP('',(#40570,#40510,#40500,#40440,#40360,#40280,#40200));
#40590=FACE_OUTER_BOUND('',#40580,.T.);
#40600=ADVANCED_FACE('',(#40590),#40100,.T.);
#40610=COLOUR_RGB('',9.4901961088180542E-01,9.4901961088180542E-01,
   1.0000000000000000E+00);
#40620=FILL_AREA_STYLE_COLOUR('',#40610);
#40630=FILL_AREA_STYLE('',(#40620));
#40640=SURFACE_STYLE_FILL_AREA(#40630);
#40650=SURFACE_SIDE_STYLE('',(#40640));
#40660=SURFACE_STYLE_USAGE(.BOTH.,#40650);
#40670=PRESENTATION_STYLE_ASSIGNMENT((#40660));
#40680=CARTESIAN_POINT('',(-3.1105488301517802E+01,
   2.0321376124790600E+01,6.5500000000000016E+00));
#40690=DIRECTION('',(0.0000000000000000E+00,0.0000000000000000E+00,
   -1.0000000000000000E+00));
#40700=DIRECTION('',(-1.0000000000000000E+00,0.0000000000000000E+00,
   0.0000000000000000E+00));
#40710=AXIS2_PLACEMENT_3D('',#40680,#40690,#40700);
#40720=PLANE('',#40710);
#40730=ORIENTED_EDGE('',*,*,#29290,.F.);
#40740=ORIENTED_EDGE('',*,*,#34160,.F.);
#40750=ORIENTED_EDGE('',*,*,#34780,.F.);
#40760=CARTESIAN_POINT('',(-8.4502159542249785E+01,
   2.0321376124790600E+01,6.5500000000000016E+00));
#40770=DIRECTION('',(1.0000000000000000E+00,0.0000000000000000E+00,
   0.0000000000000000E+00));
#40780=VECTOR('',#40770,1.0000000000000000E+00);
#40790=LINE('',#40760,#40780);
#40800=EDGE_CURVE('',#29280,#34710,#40790,.T.);
#40810=ORIENTED_EDGE('',*,*,#40800,.T.);
#40820=EDGE_LOOP('',(#40810,#40750,#40740,#40730));
#40830=FACE_OUTER_BOUND('',#40820,.T.);
#40840=ADVANCED_FACE('',(#40830),#40720,.T.);
#40850=COLOUR_RGB('',9.4901961088180542E-01,9.4901961088180542E-01,
   1.0000000000000000E+00);
#40860=FILL_AREA_STYLE_COLOUR('',#40850);
#40870=FILL_AREA_STYLE('',(#40860));
#40880=SURFACE_STYLE_FILL_AREA(#40870);
#40890=SURFACE_SIDE_STYLE('',(#40880));
#40900=SURFACE_STYLE_USAGE(.BOTH.,#40890);
#40910=PRESENTATION_STYLE_ASSIGNMENT((#40900));
#40920=CARTESIAN_POINT('',(-3.1605488301517802E+01,
   2.0321376124790600E+01,1.0050000000000001E+01));
#40930=DIRECTION('',(-1.0000000000000000E+00,0.0000000000000000E+00,
   0.0000000000000000E+00));
#40940=DIRECTION('',(0.0000000000000000E+00,0.0000000000000000E+00,
   1.0000000000000000E+00));
#40950=AXIS2_PLACEMENT_3D('',#40920,#40930,#40940);
#40960=PLANE('',#40950);
#40970=CARTESIAN_POINT('',(-3.1605488301517802E+01,
   2.0321376124790600E+01,1.5500000000000000E+01));
#40980=DIRECTION('',(0.0000000000000000E+00,0.0000000000000000E+00,
   1.0000000000000000E+00));
#40990=VECTOR('',#40980,1.0000000000000000E+00);
#41000=LINE('',#40970,#40990);
#41010=CARTESIAN_POINT('',(-3.1605488301517802E+01,
   2.0321376124790600E+01,1.0500000000000000E+01));
#41020=VERTEX_POINT('',#41010);
#41030=EDGE_CURVE('',#41020,#38970,#41000,.T.);
#41040=ORIENTED_EDGE('',*,*,#41030,.F.);
#41050=ORIENTED_EDGE('',*,*,#38980,.T.);
#41060=CARTESIAN_POINT('',(-3.1605488301517795E+01,
   -2.2653715864353234E+01,-2.9242808282061716E-02));
#41070=DIRECTION('',(0.0000000000000000E+00,-9.6592582628906831E-01,
   -2.5881904510252091E-01));
#41080=VECTOR('',#41070,1.0000000000000000E+00);
#41090=LINE('',#41060,#41080);
#41100=CARTESIAN_POINT('',(-3.1605488301517802E+01,
   1.7321376124790600E+01,1.0682050807568878E+01));
#41110=VERTEX_POINT('',#41100);
#41120=EDGE_CURVE('',#38890,#41110,#41090,.T.);
#41130=ORIENTED_EDGE('',*,*,#41120,.F.);
#41140=CARTESIAN_POINT('',(-3.1605488301517802E+01,
   1.7321376124790600E+01,1.2000000000000000E+01));
#41150=DIRECTION('',(0.0000000000000000E+00,0.0000000000000000E+00,
   -1.0000000000000000E+00));
#41160=VECTOR('',#41150,1.0000000000000000E+00);
#41170=LINE('',#41140,#41160);
#41180=CARTESIAN_POINT('',(-3.1605488301517795E+01,
   1.7321376124790607E+01,1.0317949192431120E+01));
#41190=VERTEX_POINT('',#41180);
#41200=EDGE_CURVE('',#41110,#41190,#41170,.T.);
#41210=ORIENTED_EDGE('',*,*,#41200,.F.);
#41220=CARTESIAN_POINT('',(-3.1605488301517795E+01,
   -2.2653715864353234E+01,2.1029242808282063E+01));
#41230=DIRECTION('',(0.0000000000000000E+00,9.6592582628906831E-01,
   -2.5881904510252091E-01));
#41240=VECTOR('',#41230,1.0000000000000000E+00);
#41250=LINE('',#41220,#41240);
#41260=CARTESIAN_POINT('',(-3.1605488301517802E+01,
   1.8321376124790607E+01,1.0050000000000001E+01));
#41270=VERTEX_POINT('',#41260);
#41280=EDGE_CURVE('',#41190,#41270,#41250,.T.);
#41290=ORIENTED_EDGE('',*,*,#41280,.F.);
#41300=CARTESIAN_POINT('',(-3.1605488301517802E+01,
   -2.2653715864353234E+01,1.0050000000000001E+01));
#41310=DIRECTION('',(0.0000000000000000E+00,-1.0000000000000000E+00,
   0.0000000000000000E+00));
#41320=VECTOR('',#41310,1.0000000000000000E+00);
#41330=LINE('',#41300,#41320);
#41340=CARTESIAN_POINT('',(-3.1605488301517802E+01,
   2.0321376124790600E+01,1.0050000000000001E+01));
#41350=VERTEX_POINT('',#41340);
#41360=EDGE_CURVE('',#41350,#41270,#41330,.T.);
#41370=ORIENTED_EDGE('',*,*,#41360,.T.);
#41380=CARTESIAN_POINT('',(-3.1605488301517802E+01,
   2.0321376124790600E+01,1.2000000000000000E+01));
#41390=DIRECTION('',(0.0000000000000000E+00,0.0000000000000000E+00,
   -1.0000000000000000E+00));
#41400=VECTOR('',#41390,1.0000000000000000E+00);
#41410=LINE('',#41380,#41400);
#41420=EDGE_CURVE('',#41020,#41350,#41410,.T.);
#41430=ORIENTED_EDGE('',*,*,#41420,.T.);
#41440=EDGE_LOOP('',(#41430,#41370,#41290,#41210,#41130,#41050,#41040));
#41450=FACE_OUTER_BOUND('',#41440,.T.);
#41460=ADVANCED_FACE('',(#41450),#40960,.T.);
#41470=COLOUR_RGB('',9.4901961088180542E-01,9.4901961088180542E-01,
   1.0000000000000000E+00);
#41480=FILL_AREA_STYLE_COLOUR('',#41470);
#41490=FILL_AREA_STYLE('',(#41480));
#41500=SURFACE_STYLE_FILL_AREA(#41490);
#41510=SURFACE_SIDE_STYLE('',(#41500));
#41520=SURFACE_STYLE_USAGE(.BOTH.,#41510);
#41530=PRESENTATION_STYLE_ASSIGNMENT((#41520));
#41540=CARTESIAN_POINT('',(-2.9886031253416185E+01,
   2.0321376124790600E+01,5.7269224911855883E+00));
#41550=DIRECTION('',(0.0000000000000000E+00,-1.0000000000000000E+00,
   0.0000000000000000E+00));
#41560=DIRECTION('',(1.0000000000000000E+00,0.0000000000000000E+00,
   0.0000000000000000E+00));
#41570=AXIS2_PLACEMENT_3D('',#41540,#41550,#41560);
#41580=PLANE('',#41570);
#41590=CARTESIAN_POINT('',(-8.4502159542249785E+01,
   2.0321376124790600E+01,7.0000000000000018E+00));
#41600=DIRECTION('',(1.0000000000000000E+00,0.0000000000000000E+00,
   0.0000000000000000E+00));
#41610=VECTOR('',#41600,1.0000000000000000E+00);
#41620=LINE('',#41590,#41610);
#41630=CARTESIAN_POINT('',(-3.1905488301517803E+01,
   2.0321376124790600E+01,7.0000000000000000E+00));
#41640=VERTEX_POINT('',#41630);
#41650=EDGE_CURVE('',#41640,#28860,#41620,.T.);
#41660=ORIENTED_EDGE('',*,*,#41650,.F.);
#41670=ORIENTED_EDGE('',*,*,#29350,.F.);
#41680=ORIENTED_EDGE('',*,*,#40800,.F.);
#41690=ORIENTED_EDGE('',*,*,#34720,.T.);
#41700=CARTESIAN_POINT('',(-3.0805488301517801E+01,
   2.0321376124790600E+01,7.0000000000000000E+00));
#41710=VERTEX_POINT('',#41700);
#41720=EDGE_CURVE('',#34630,#41710,#41620,.T.);
#41730=ORIENTED_EDGE('',*,*,#41720,.F.);
#41740=CARTESIAN_POINT('',(-3.1355488301517802E+01,
   2.0321376124790600E+01,7.0000000000000018E+00));
#41750=DIRECTION('',(0.0000000000000000E+00,-1.0000000000000000E+00,
   0.0000000000000000E+00));
#41760=DIRECTION('',(1.0000000000000000E+00,0.0000000000000000E+00,
   0.0000000000000000E+00));
#41770=AXIS2_PLACEMENT_3D('',#41740,#41750,#41760);
#41780=CIRCLE('',#41770,5.5000000000000004E-01);
#41790=EDGE_CURVE('',#41640,#41710,#41780,.T.);
#41800=ORIENTED_EDGE('',*,*,#41790,.T.);
#41810=EDGE_LOOP('',(#41800,#41730,#41690,#41680,#41670,#41660));
#41820=FACE_OUTER_BOUND('',#41810,.T.);
#41830=ADVANCED_FACE('',(#41820),#41580,.T.);
#41840=COLOUR_RGB('',9.4901961088180542E-01,9.4901961088180542E-01,
   1.0000000000000000E+00);
#41850=FILL_AREA_STYLE_COLOUR('',#41840);
#41860=FILL_AREA_STYLE('',(#41850));
#41870=SURFACE_STYLE_FILL_AREA(#41860);
#41880=SURFACE_SIDE_STYLE('',(#41870));
#41890=SURFACE_STYLE_USAGE(.BOTH.,#41880);
#41900=PRESENTATION_STYLE_ASSIGNMENT((#41890));
#41910=CARTESIAN_POINT('',(-2.9886031253416185E+01,
   2.0321376124790600E+01,5.7269224911855883E+00));
#41920=DIRECTION('',(0.0000000000000000E+00,-1.0000000000000000E+00,
   0.0000000000000000E+00));
#41930=DIRECTION('',(1.0000000000000000E+00,0.0000000000000000E+00,
   0.0000000000000000E+00));
#41940=AXIS2_PLACEMENT_3D('',#41910,#41920,#41930);
#41950=PLANE('',#41940);
#41960=ORIENTED_EDGE('',*,*,#19950,.T.);
#41970=CARTESIAN_POINT('',(-8.4502159542249785E+01,
   2.0321376124790600E+01,3.9500000000000020E+00));
#41980=DIRECTION('',(-1.0000000000000000E+00,0.0000000000000000E+00,
   0.0000000000000000E+00));
#41990=VECTOR('',#41980,1.0000000000000000E+00);
#42000=LINE('',#41970,#41990);
#42010=EDGE_CURVE('',#19860,#22310,#42000,.T.);
#42020=ORIENTED_EDGE('',*,*,#42010,.F.);
#42030=ORIENTED_EDGE('',*,*,#22320,.T.);
#42040=ORIENTED_EDGE('',*,*,#21610,.T.);
#42050=ORIENTED_EDGE('',*,*,#21380,.T.);
#42060=ORIENTED_EDGE('',*,*,#21780,.T.);
#42070=EDGE_LOOP('',(#42060,#42050,#42040,#42030,#42020,#41960));
#42080=FACE_OUTER_BOUND('',#42070,.T.);
#42090=ADVANCED_FACE('',(#42080),#41950,.T.);
#42100=COLOUR_RGB('',9.4901961088180542E-01,9.4901961088180542E-01,
   1.0000000000000000E+00);
#42110=FILL_AREA_STYLE_COLOUR('',#42100);
#42120=FILL_AREA_STYLE('',(#42110));
#42130=SURFACE_STYLE_FILL_AREA(#42120);
#42140=SURFACE_SIDE_STYLE('',(#42130));
#42150=SURFACE_STYLE_USAGE(.BOTH.,#42140);
#42160=PRESENTATION_STYLE_ASSIGNMENT((#42150));
#42170=CARTESIAN_POINT('',(-2.9886031253416185E+01,
   1.7321376124790600E+01,5.7269224911855883E+00));
#42180=DIRECTION('',(0.0000000000000000E+00,-1.0000000000000000E+00,
   0.0000000000000000E+00));
#42190=DIRECTION('',(1.0000000000000000E+00,0.0000000000000000E+00,
   0.0000000000000000E+00));
#42200=AXIS2_PLACEMENT_3D('',#42170,#42180,#42190);
#42210=PLANE('',#42200);
#42220=ORIENTED_EDGE('',*,*,#20160,.F.);
#42230=ORIENTED_EDGE('',*,*,#19540,.F.);
#42240=ORIENTED_EDGE('',*,*,#22540,.T.);
#42250=CARTESIAN_POINT('',(-8.4502159542249785E+01,
   1.7321376124790600E+01,3.6820508075688787E+00));
#42260=DIRECTION('',(1.0000000000000000E+00,0.0000000000000000E+00,
   0.0000000000000000E+00));
#42270=VECTOR('',#42260,1.0000000000000000E+00);
#42280=LINE('',#42250,#42270);
#42290=EDGE_CURVE('',#22470,#19760,#42280,.T.);
#42300=ORIENTED_EDGE('',*,*,#42290,.F.);
#42310=EDGE_LOOP('',(#42300,#42240,#42230,#42220));
#42320=FACE_OUTER_BOUND('',#42310,.T.);
#42330=ADVANCED_FACE('',(#42320),#42210,.T.);
#42340=COLOUR_RGB('',9.4901961088180542E-01,9.4901961088180542E-01,
   1.0000000000000000E+00);
#42350=FILL_AREA_STYLE_COLOUR('',#42340);
#42360=FILL_AREA_STYLE('',(#42350));
#42370=SURFACE_STYLE_FILL_AREA(#42360);
#42380=SURFACE_SIDE_STYLE('',(#42370));
#42390=SURFACE_STYLE_USAGE(.BOTH.,#42380);
#42400=PRESENTATION_STYLE_ASSIGNMENT((#42390));
#42410=CARTESIAN_POINT('',(-3.1355488301517802E+01,
   1.7821376124790600E+01,3.8160254037844403E+00));
#42420=DIRECTION('',(0.0000000000000000E+00,-2.5881904510252085E-01,
   9.6592582628906820E-01));
#42430=DIRECTION('',(0.0000000000000000E+00,9.6592582628906842E-01,
   2.5881904510252091E-01));
#42440=AXIS2_PLACEMENT_3D('',#42410,#42420,#42430);
#42450=PLANE('',#42440);
#42460=ORIENTED_EDGE('',*,*,#22480,.T.);
#42470=CARTESIAN_POINT('',(-8.4502159542249785E+01,
   1.8321376124790607E+01,3.9500000000000020E+00));
#42480=DIRECTION('',(-1.0000000000000000E+00,0.0000000000000000E+00,
   0.0000000000000000E+00));
#42490=VECTOR('',#42480,1.0000000000000000E+00);
#42500=LINE('',#42470,#42490);
#42510=EDGE_CURVE('',#19780,#22390,#42500,.T.);
#42520=ORIENTED_EDGE('',*,*,#42510,.T.);
#42530=ORIENTED_EDGE('',*,*,#19790,.T.);
#42540=ORIENTED_EDGE('',*,*,#42290,.T.);
#42550=EDGE_LOOP('',(#42540,#42530,#42520,#42460));
#42560=FACE_OUTER_BOUND('',#42550,.T.);
#42570=ADVANCED_FACE('',(#42560),#42450,.T.);
#42580=COLOUR_RGB('',9.4901961088180542E-01,9.4901961088180542E-01,
   1.0000000000000000E+00);
#42590=FILL_AREA_STYLE_COLOUR('',#42580);
#42600=FILL_AREA_STYLE('',(#42590));
#42610=SURFACE_STYLE_FILL_AREA(#42600);
#42620=SURFACE_SIDE_STYLE('',(#42610));
#42630=SURFACE_STYLE_USAGE(.BOTH.,#42620);
#42640=PRESENTATION_STYLE_ASSIGNMENT((#42630));
#42650=ORIENTED_EDGE('',*,*,#22920,.T.);
#42660=CARTESIAN_POINT('',(-3.1405488301517792E+01,
   2.8601376124790601E+01,7.0000000000000000E+00));
#42670=DIRECTION('',(0.0000000000000000E+00,1.0000000000000000E+00,
   0.0000000000000000E+00));
#42680=DIRECTION('',(-1.0000000000000000E+00,0.0000000000000000E+00,
   0.0000000000000000E+00));
#42690=AXIS2_PLACEMENT_3D('',#42660,#42670,#42680);
#42700=CIRCLE('',#42690,1.3999999999999999E+00);
#42710=CARTESIAN_POINT('',(-3.0005488301517794E+01,
   2.8601376124790601E+01,7.0000000000000000E+00));
#42720=VERTEX_POINT('',#42710);
#42730=EDGE_CURVE('',#42720,#22830,#42700,.T.);
#42740=ORIENTED_EDGE('',*,*,#42730,.T.);
#42750=CARTESIAN_POINT('',(-3.0199486452468442E+01,
   2.8601376124790601E+01,7.7110271022187193E+00));
#42760=VERTEX_POINT('',#42750);
#42770=EDGE_CURVE('',#42760,#42720,#42700,.T.);
#42780=ORIENTED_EDGE('',*,*,#42770,.T.);
#42790=CARTESIAN_POINT('',(-8.4502159542249785E+01,
   2.8601376124790601E+01,-4.6591645987562615E+01));
#42800=DIRECTION('',(7.0710678118654757E-01,0.0000000000000000E+00,
   7.0710678118654746E-01));
#42810=VECTOR('',#42800,1.0000000000000000E+00);
#42820=LINE('',#42790,#42810);
#42830=CARTESIAN_POINT('',(-3.0814019159547051E+01,
   2.8601376124790601E+01,7.0964943951401143E+00));
#42840=VERTEX_POINT('',#42830);
#42850=EDGE_CURVE('',#42840,#42760,#42820,.T.);
#42860=ORIENTED_EDGE('',*,*,#42850,.T.);
#42870=CARTESIAN_POINT('',(-3.1355488301517802E+01,
   2.8601376124790601E+01,7.0000000000000000E+00));
#42880=DIRECTION('',(0.0000000000000000E+00,-1.0000000000000000E+00,
   0.0000000000000000E+00));
#42890=DIRECTION('',(1.0000000000000000E+00,0.0000000000000000E+00,
   0.0000000000000000E+00));
#42900=AXIS2_PLACEMENT_3D('',#42870,#42880,#42890);
#42910=CIRCLE('',#42900,5.5000000000000004E-01);
#42920=CARTESIAN_POINT('',(-3.0805488301517805E+01,
   2.8601376124790601E+01,7.0000000000000018E+00));
#42930=VERTEX_POINT('',#42920);
#42940=EDGE_CURVE('',#42930,#42840,#42910,.T.);
#42950=ORIENTED_EDGE('',*,*,#42940,.T.);
#42960=CARTESIAN_POINT('',(-3.1355488301517802E+01,
   2.8601376124790601E+01,7.0000000000000018E+00));
#42970=DIRECTION('',(0.0000000000000000E+00,-1.0000000000000000E+00,
   0.0000000000000000E+00));
#42980=DIRECTION('',(1.0000000000000000E+00,0.0000000000000000E+00,
   0.0000000000000000E+00));
#42990=AXIS2_PLACEMENT_3D('',#42960,#42970,#42980);
#43000=CIRCLE('',#42990,5.5000000000000004E-01);
#43010=EDGE_CURVE('',#22910,#42930,#43000,.T.);
#43020=ORIENTED_EDGE('',*,*,#43010,.T.);
#43030=EDGE_LOOP('',(#43020,#42950,#42860,#42780,#42740,#42650));
#43040=FACE_OUTER_BOUND('',#43030,.T.);
#43050=ADVANCED_FACE('',(#43040),#33700,.T.);
#43060=COLOUR_RGB('',9.4901967048645020E-01,9.4901967048645020E-01,
   1.0000000000000000E+00);
#43070=FILL_AREA_STYLE_COLOUR('',#43060);
#43080=FILL_AREA_STYLE('',(#43070));
#43090=SURFACE_STYLE_FILL_AREA(#43080);
#43100=SURFACE_SIDE_STYLE('',(#43090));
#43110=SURFACE_STYLE_USAGE(.BOTH.,#43100);
#43120=PRESENTATION_STYLE_ASSIGNMENT((#43110));
#43130=ORIENTED_EDGE('',*,*,#36440,.T.);
#43140=CARTESIAN_POINT('',(-3.1405488301517792E+01,
   2.8001376124790593E+01,7.0000000000000018E+00));
#43150=DIRECTION('',(0.0000000000000000E+00,1.0000000000000000E+00,
   0.0000000000000000E+00));
#43160=DIRECTION('',(-1.0000000000000000E+00,0.0000000000000000E+00,
   0.0000000000000000E+00));
#43170=AXIS2_PLACEMENT_3D('',#43140,#43150,#43160);
#43180=CIRCLE('',#43170,1.3999999999999999E+00);
#43190=EDGE_CURVE('',#22750,#36430,#43180,.T.);
#43200=ORIENTED_EDGE('',*,*,#43190,.T.);
#43210=ORIENTED_EDGE('',*,*,#22760,.T.);
#43220=ORIENTED_EDGE('',*,*,#18340,.T.);
#43230=EDGE_LOOP('',(#43220,#43210,#43200,#43130));
#43240=FACE_OUTER_BOUND('',#43230,.T.);
#43250=ADVANCED_FACE('',(#43240),#18160,.T.);
#43260=COLOUR_RGB('',9.4901967048645020E-01,9.4901967048645020E-01,
   1.0000000000000000E+00);
#43270=FILL_AREA_STYLE_COLOUR('',#43260);
#43280=FILL_AREA_STYLE('',(#43270));
#43290=SURFACE_STYLE_FILL_AREA(#43280);
#43300=SURFACE_SIDE_STYLE('',(#43290));
#43310=SURFACE_STYLE_USAGE(.BOTH.,#43300);
#43320=PRESENTATION_STYLE_ASSIGNMENT((#43310));
#43330=CARTESIAN_POINT('',(-3.1605488301517802E+01,
   2.0321376124790600E+01,3.9500000000000020E+00));
#43340=DIRECTION('',(0.0000000000000000E+00,0.0000000000000000E+00,
   1.0000000000000000E+00));
#43350=DIRECTION('',(1.0000000000000000E+00,0.0000000000000000E+00,
   0.0000000000000000E+00));
#43360=AXIS2_PLACEMENT_3D('',#43330,#43340,#43350);
#43370=PLANE('',#43360);
#43380=ORIENTED_EDGE('',*,*,#19870,.F.);
#43390=ORIENTED_EDGE('',*,*,#42510,.F.);
#43400=ORIENTED_EDGE('',*,*,#22400,.F.);
#43410=ORIENTED_EDGE('',*,*,#42010,.T.);
#43420=EDGE_LOOP('',(#43410,#43400,#43390,#43380));
#43430=FACE_OUTER_BOUND('',#43420,.T.);
#43440=ADVANCED_FACE('',(#43430),#43370,.T.);
#43450=COLOUR_RGB('',9.4901961088180542E-01,9.4901961088180542E-01,
   1.0000000000000000E+00);
#43460=FILL_AREA_STYLE_COLOUR('',#43450);
#43470=FILL_AREA_STYLE('',(#43460));
#43480=SURFACE_STYLE_FILL_AREA(#43470);
#43490=SURFACE_SIDE_STYLE('',(#43480));
#43500=SURFACE_STYLE_USAGE(.BOTH.,#43490);
#43510=PRESENTATION_STYLE_ASSIGNMENT((#43500));
#43520=CARTESIAN_POINT('',(0.0000000000000000E+00,0.0000000000000000E+00
   ,4.3000000000000016E+00));
#43530=DIRECTION('',(0.0000000000000000E+00,0.0000000000000000E+00,
   1.0000000000000000E+00));
#43540=DIRECTION('',(1.0000000000000000E+00,0.0000000000000000E+00,
   0.0000000000000000E+00));
#43550=AXIS2_PLACEMENT_3D('',#43520,#43530,#43540);
#43560=PLANE('',#43550);
#43570=ORIENTED_EDGE('',*,*,#13280,.F.);
#43580=ORIENTED_EDGE('',*,*,#26200,.F.);
#43590=ORIENTED_EDGE('',*,*,#30120,.T.);
#43600=ORIENTED_EDGE('',*,*,#31000,.T.);
#43610=ORIENTED_EDGE('',*,*,#25830,.F.);
#43620=CARTESIAN_POINT('',(-3.4090488301517780E+01,
   0.0000000000000000E+00,4.3000000000000016E+00));
#43630=DIRECTION('',(0.0000000000000000E+00,1.0000000000000000E+00,
   0.0000000000000000E+00));
#43640=VECTOR('',#43630,1.0000000000000000E+00);
#43650=LINE('',#43620,#43640);
#43660=EDGE_CURVE('',#13270,#25740,#43650,.T.);
#43670=ORIENTED_EDGE('',*,*,#43660,.T.);
#43680=EDGE_LOOP('',(#43670,#43610,#43600,#43590,#43580,#43570));
#43690=FACE_OUTER_BOUND('',#43680,.T.);
#43700=ADVANCED_FACE('',(#43690),#43560,.F.);
#43710=COLOUR_RGB('',5.0196081399917603E-01,1.0000000000000000E+00,
   5.0196081399917603E-01);
#43720=FILL_AREA_STYLE_COLOUR('',#43710);
#43730=FILL_AREA_STYLE('',(#43720));
#43740=SURFACE_STYLE_FILL_AREA(#43730);
#43750=SURFACE_SIDE_STYLE('',(#43740));
#43760=SURFACE_STYLE_USAGE(.BOTH.,#43750);
#43770=PRESENTATION_STYLE_ASSIGNMENT((#43760));
#43780=CARTESIAN_POINT('',(-3.2074229385564998E+01,
   2.8601376124790601E+01,4.1687410840472072E+00));
#43790=DIRECTION('',(0.0000000000000000E+00,1.0000000000000000E+00,
   0.0000000000000000E+00));
#43800=DIRECTION('',(7.0710678118654746E-01,0.0000000000000000E+00,
   -7.0710678118654757E-01));
#43810=AXIS2_PLACEMENT_3D('',#43780,#43790,#43800);
#43820=PLANE('',#43810);
#43830=ORIENTED_EDGE('',*,*,#18670,.F.);
#43840=ORIENTED_EDGE('',*,*,#5090,.T.);
#43850=EDGE_CURVE('',#18660,#5020,#18720,.T.);
#43860=ORIENTED_EDGE('',*,*,#43850,.T.);
#43870=EDGE_LOOP('',(#43860,#43840,#43830));
#43880=FACE_OUTER_BOUND('',#43870,.T.);
#43890=ADVANCED_FACE('',(#43880),#43820,.T.);
#43900=COLOUR_RGB('',9.4901967048645020E-01,9.4901967048645020E-01,
   1.0000000000000000E+00);
#43910=FILL_AREA_STYLE_COLOUR('',#43900);
#43920=FILL_AREA_STYLE('',(#43910));
#43930=SURFACE_STYLE_FILL_AREA(#43920);
#43940=SURFACE_SIDE_STYLE('',(#43930));
#43950=SURFACE_STYLE_USAGE(.BOTH.,#43940);
#43960=PRESENTATION_STYLE_ASSIGNMENT((#43950));
#43970=CARTESIAN_POINT('',(-3.0780488301517799E+01,
   2.7601376124790601E+01,7.0000000000000018E+00));
#43980=DIRECTION('',(-0.0000000000000000E+00,1.0000000000000000E+00,
   0.0000000000000000E+00));
#43990=DIRECTION('',(1.0000000000000000E+00,0.0000000000000000E+00,
   0.0000000000000000E+00));
#44000=AXIS2_PLACEMENT_3D('',#43970,#43980,#43990);
#44010=PLANE('',#44000);
#44020=CARTESIAN_POINT('',(-3.1405488301517792E+01,
   2.7601376124790601E+01,7.0000000000000018E+00));
#44030=DIRECTION('',(0.0000000000000000E+00,1.0000000000000000E+00,
   0.0000000000000000E+00));
#44040=DIRECTION('',(-1.0000000000000000E+00,0.0000000000000000E+00,
   0.0000000000000000E+00));
#44050=AXIS2_PLACEMENT_3D('',#44020,#44030,#44040);
#44060=CIRCLE('',#44050,1.3999999999999999E+00);
#44070=CARTESIAN_POINT('',(-3.2805488301517791E+01,
   2.7601376124790601E+01,7.0000000000000000E+00));
#44080=VERTEX_POINT('',#44070);
#44090=CARTESIAN_POINT('',(-3.0005488301517794E+01,
   2.7601376124790601E+01,7.0000000000000000E+00));
#44100=VERTEX_POINT('',#44090);
#44110=EDGE_CURVE('',#44080,#44100,#44060,.T.);
#44120=ORIENTED_EDGE('',*,*,#44110,.F.);
#44130=EDGE_CURVE('',#44100,#44080,#44060,.T.);
#44140=ORIENTED_EDGE('',*,*,#44130,.F.);
#44150=EDGE_LOOP('',(#44140,#44120));
#44160=FACE_BOUND('',#44150,.T.);
#44170=CARTESIAN_POINT('',(-3.1405488301517799E+01,
   2.7601376124790601E+01,7.0000000000000018E+00));
#44180=DIRECTION('',(0.0000000000000000E+00,-1.0000000000000000E+00,
   0.0000000000000000E+00));
#44190=DIRECTION('',(-1.0000000000000000E+00,0.0000000000000000E+00,
   0.0000000000000000E+00));
#44200=AXIS2_PLACEMENT_3D('',#44170,#44180,#44190);
#44210=CIRCLE('',#44200,1.4499999999999993E+00);
#44220=CARTESIAN_POINT('',(-3.2855488301517795E+01,
   2.7601376124790601E+01,7.0000000000000000E+00));
#44230=VERTEX_POINT('',#44220);
#44240=CARTESIAN_POINT('',(-2.9955488301517800E+01,
   2.7601376124790601E+01,7.0000000000000000E+00));
#44250=VERTEX_POINT('',#44240);
#44260=EDGE_CURVE('',#44230,#44250,#44210,.T.);
#44270=ORIENTED_EDGE('',*,*,#44260,.F.);
#44280=EDGE_CURVE('',#44250,#44230,#44210,.T.);
#44290=ORIENTED_EDGE('',*,*,#44280,.F.);
#44300=EDGE_LOOP('',(#44290,#44270));
#44310=FACE_OUTER_BOUND('',#44300,.T.);
#44320=ADVANCED_FACE('',(#44160,#44310),#44010,.T.);
#44330=COLOUR_RGB('',5.0196081399917603E-01,1.0000000000000000E+00,
   5.0196081399917603E-01);
#44340=FILL_AREA_STYLE_COLOUR('',#44330);
#44350=FILL_AREA_STYLE('',(#44340));
#44360=SURFACE_STYLE_FILL_AREA(#44350);
#44370=SURFACE_SIDE_STYLE('',(#44360));
#44380=SURFACE_STYLE_USAGE(.BOTH.,#44370);
#44390=PRESENTATION_STYLE_ASSIGNMENT((#44380));
#44400=CARTESIAN_POINT('',(-2.9886031253416185E+01,
   1.7321376124790600E+01,9.2269224911855865E+00));
#44410=DIRECTION('',(0.0000000000000000E+00,-1.0000000000000000E+00,
   0.0000000000000000E+00));
#44420=DIRECTION('',(1.0000000000000000E+00,0.0000000000000000E+00,
   0.0000000000000000E+00));
#44430=AXIS2_PLACEMENT_3D('',#44400,#44410,#44420);
#44440=PLANE('',#44430);
#44450=ORIENTED_EDGE('',*,*,#41200,.T.);
#44460=CARTESIAN_POINT('',(-8.4502159542249785E+01,
   1.7321376124790600E+01,1.0682050807568878E+01));
#44470=DIRECTION('',(1.0000000000000000E+00,0.0000000000000000E+00,
   0.0000000000000000E+00));
#44480=VECTOR('',#44470,1.0000000000000000E+00);
#44490=LINE('',#44460,#44480);
#44500=EDGE_CURVE('',#41110,#40420,#44490,.T.);
#44510=ORIENTED_EDGE('',*,*,#44500,.F.);
#44520=ORIENTED_EDGE('',*,*,#40430,.F.);
#44530=CARTESIAN_POINT('',(-8.4502159542249785E+01,
   1.7321376124790600E+01,1.0317949192431122E+01));
#44540=DIRECTION('',(-1.0000000000000000E+00,0.0000000000000000E+00,
   0.0000000000000000E+00));
#44550=VECTOR('',#44540,1.0000000000000000E+00);
#44560=LINE('',#44530,#44550);
#44570=EDGE_CURVE('',#40340,#41190,#44560,.T.);
#44580=ORIENTED_EDGE('',*,*,#44570,.F.);
#44590=EDGE_LOOP('',(#44580,#44520,#44510,#44450));
#44600=FACE_OUTER_BOUND('',#44590,.T.);
#44610=ADVANCED_FACE('',(#44600),#44440,.T.);
#44620=COLOUR_RGB('',9.4901961088180542E-01,9.4901961088180542E-01,
   1.0000000000000000E+00);
#44630=FILL_AREA_STYLE_COLOUR('',#44620);
#44640=FILL_AREA_STYLE('',(#44630));
#44650=SURFACE_STYLE_FILL_AREA(#44640);
#44660=SURFACE_SIDE_STYLE('',(#44650));
#44670=SURFACE_STYLE_USAGE(.BOTH.,#44660);
#44680=PRESENTATION_STYLE_ASSIGNMENT((#44670));
#44690=ORIENTED_EDGE('',*,*,#5960,.F.);
#44700=ORIENTED_EDGE('',*,*,#35330,.T.);
#44710=ORIENTED_EDGE('',*,*,#20330,.T.);
#44720=EDGE_LOOP('',(#44710,#44700,#44690));
#44730=FACE_OUTER_BOUND('',#44720,.T.);
#44740=ADVANCED_FACE('',(#44730),#43820,.T.);
#44750=COLOUR_RGB('',9.4901967048645020E-01,9.4901967048645020E-01,
   1.0000000000000000E+00);
#44760=FILL_AREA_STYLE_COLOUR('',#44750);
#44770=FILL_AREA_STYLE('',(#44760));
#44780=SURFACE_STYLE_FILL_AREA(#44770);
#44790=SURFACE_SIDE_STYLE('',(#44780));
#44800=SURFACE_STYLE_USAGE(.BOTH.,#44790);
#44810=PRESENTATION_STYLE_ASSIGNMENT((#44800));
#44820=CARTESIAN_POINT('',(-3.4090488301517794E+01,
   2.2071376124790600E+01,4.2999999999999972E+00));
#44830=DIRECTION('',(7.0710678118655212E-01,-0.0000000000000000E+00,
   7.0710678118654302E-01));
#44840=DIRECTION('',(7.0710678118654302E-01,0.0000000000000000E+00,
   -7.0710678118655212E-01));
#44850=AXIS2_PLACEMENT_3D('',#44820,#44830,#44840);
#44860=PLANE('',#44850);
#44870=ORIENTED_EDGE('',*,*,#25750,.T.);
#44880=ORIENTED_EDGE('',*,*,#24950,.F.);
#44890=ORIENTED_EDGE('',*,*,#23870,.T.);
#44900=ORIENTED_EDGE('',*,*,#24220,.F.);
#44910=ORIENTED_EDGE('',*,*,#13340,.T.);
#44920=ORIENTED_EDGE('',*,*,#43660,.F.);
#44930=EDGE_LOOP('',(#44920,#44910,#44900,#44890,#44880,#44870));
#44940=FACE_OUTER_BOUND('',#44930,.T.);
#44950=ADVANCED_FACE('',(#44940),#44860,.F.);
#44960=COLOUR_RGB('',5.0196081399917603E-01,1.0000000000000000E+00,
   5.0196081399917603E-01);
#44970=FILL_AREA_STYLE_COLOUR('',#44960);
#44980=FILL_AREA_STYLE('',(#44970));
#44990=SURFACE_STYLE_FILL_AREA(#44980);
#45000=SURFACE_SIDE_STYLE('',(#44990));
#45010=SURFACE_STYLE_USAGE(.BOTH.,#45000);
#45020=PRESENTATION_STYLE_ASSIGNMENT((#45010));
#45030=CARTESIAN_POINT('',(-3.3520488301517801E+01,
   2.2071376124790600E+01,7.0000000000000000E+00));
#45040=DIRECTION('',(1.0000000000000000E+00,0.0000000000000000E+00,
   0.0000000000000000E+00));
#45050=DIRECTION('',(0.0000000000000000E+00,-1.0000000000000000E+00,
   0.0000000000000000E+00));
#45060=AXIS2_PLACEMENT_3D('',#45030,#45040,#45050);
#45070=PLANE('',#45060);
#45080=ORIENTED_EDGE('',*,*,#36940,.T.);
#45090=ORIENTED_EDGE('',*,*,#38230,.T.);
#45100=CARTESIAN_POINT('',(-3.3520488301517801E+01,
   2.3821376124790600E+01,7.7999999999999998E+00));
#45110=DIRECTION('',(0.0000000000000000E+00,-1.0000000000000000E+00,
   0.0000000000000000E+00));
#45120=VECTOR('',#45110,1.0000000000000000E+00);
#45130=LINE('',#45100,#45120);
#45140=EDGE_CURVE('',#38160,#25350,#45130,.T.);
#45150=ORIENTED_EDGE('',*,*,#45140,.F.);
#45160=ORIENTED_EDGE('',*,*,#25360,.T.);
#45170=EDGE_LOOP('',(#45160,#45150,#45090,#45080));
#45180=FACE_OUTER_BOUND('',#45170,.T.);
#45190=ADVANCED_FACE('',(#45180),#45070,.F.);
#45200=COLOUR_RGB('',5.0196081399917603E-01,1.0000000000000000E+00,
   5.0196081399917603E-01);
#45210=FILL_AREA_STYLE_COLOUR('',#45200);
#45220=FILL_AREA_STYLE('',(#45210));
#45230=SURFACE_STYLE_FILL_AREA(#45220);
#45240=SURFACE_SIDE_STYLE('',(#45230));
#45250=SURFACE_STYLE_USAGE(.BOTH.,#45240);
#45260=PRESENTATION_STYLE_ASSIGNMENT((#45250));
#45270=CARTESIAN_POINT('',(-3.1405488301517799E+01,
   2.8561376124790595E+01,3.5000000000000018E+00));
#45280=DIRECTION('',(0.0000000000000000E+00,-1.0000000000000000E+00,
   0.0000000000000000E+00));
#45290=DIRECTION('',(-1.0000000000000000E+00,0.0000000000000000E+00,
   0.0000000000000000E+00));
#45300=AXIS2_PLACEMENT_3D('',#45270,#45280,#45290);
#45310=CYLINDRICAL_SURFACE('',#45300,1.4499999999999993E+00);
#45320=CARTESIAN_POINT('',(-3.2855488301517795E+01,
   2.8561376124790595E+01,3.5000000000000018E+00));
#45330=DIRECTION('',(0.0000000000000000E+00,-1.0000000000000000E+00,
   0.0000000000000000E+00));
#45340=VECTOR('',#45330,1.0000000000000000E+00);
#45350=LINE('',#45320,#45340);
#45360=CARTESIAN_POINT('',(-3.2855488301517795E+01,
   2.9321376124790600E+01,3.5000000000000018E+00));
#45370=VERTEX_POINT('',#45360);
#45380=EDGE_CURVE('',#45370,#27230,#45350,.T.);
#45390=ORIENTED_EDGE('',*,*,#45380,.F.);
#45400=ORIENTED_EDGE('',*,*,#27280,.T.);
#45410=CARTESIAN_POINT('',(-2.9955488301517800E+01,
   2.8561376124790595E+01,3.5000000000000018E+00));
#45420=DIRECTION('',(0.0000000000000000E+00,-1.0000000000000000E+00,
   0.0000000000000000E+00));
#45430=VECTOR('',#45420,1.0000000000000000E+00);
#45440=LINE('',#45410,#45430);
#45450=CARTESIAN_POINT('',(-2.9955488301517800E+01,
   2.9321376124790600E+01,3.5000000000000018E+00));
#45460=VERTEX_POINT('',#45450);
#45470=EDGE_CURVE('',#45460,#27250,#45440,.T.);
#45480=ORIENTED_EDGE('',*,*,#45470,.T.);
#45490=CARTESIAN_POINT('',(-3.1405488301517799E+01,
   2.9321376124790600E+01,3.5000000000000000E+00));
#45500=DIRECTION('',(0.0000000000000000E+00,-1.0000000000000000E+00,
   0.0000000000000000E+00));
#45510=DIRECTION('',(-1.0000000000000000E+00,0.0000000000000000E+00,
   0.0000000000000000E+00));
#45520=AXIS2_PLACEMENT_3D('',#45490,#45500,#45510);
#45530=CIRCLE('',#45520,1.4499999999999993E+00);
#45540=EDGE_CURVE('',#45460,#45370,#45530,.T.);
#45550=ORIENTED_EDGE('',*,*,#45540,.F.);
#45560=EDGE_LOOP('',(#45550,#45480,#45400,#45390));
#45570=FACE_OUTER_BOUND('',#45560,.T.);
#45580=ADVANCED_FACE('',(#45570),#45310,.F.);
#45590=COLOUR_RGB('',5.0196081399917603E-01,1.0000000000000000E+00,
   5.0196081399917603E-01);
#45600=FILL_AREA_STYLE_COLOUR('',#45590);
#45610=FILL_AREA_STYLE('',(#45600));
#45620=SURFACE_STYLE_FILL_AREA(#45610);
#45630=SURFACE_SIDE_STYLE('',(#45620));
#45640=SURFACE_STYLE_USAGE(.BOTH.,#45630);
#45650=PRESENTATION_STYLE_ASSIGNMENT((#45640));
#45660=CARTESIAN_POINT('',(-3.1652975674933074E+01,
   2.8601376124790594E+01,3.7474873734152840E+00));
#45670=DIRECTION('',(7.0710678118654746E-01,0.0000000000000000E+00,
   -7.0710678118654757E-01));
#45680=DIRECTION('',(0.0000000000000000E+00,-1.0000000000000000E+00,
   0.0000000000000000E+00));
#45690=AXIS2_PLACEMENT_3D('',#45660,#45670,#45680);
#45700=PLANE('',#45690);
#45710=ORIENTED_EDGE('',*,*,#7310,.T.);
#45720=CARTESIAN_POINT('',(-8.4502159542249785E+01,
   2.8001376124790593E+01,-4.9101696493901422E+01));
#45730=DIRECTION('',(7.0710678118654757E-01,0.0000000000000000E+00,
   7.0710678118654746E-01));
#45740=VECTOR('',#45730,1.0000000000000000E+00);
#45750=LINE('',#45720,#45740);
#45760=CARTESIAN_POINT('',(-3.1350485798849824E+01,
   2.8001376124790593E+01,4.0499772494995216E+00));
#45770=VERTEX_POINT('',#45760);
#45780=EDGE_CURVE('',#6270,#45770,#45750,.T.);
#45790=ORIENTED_EDGE('',*,*,#45780,.F.);
#45800=CARTESIAN_POINT('',(-3.1350485798848844E+01,
   3.9321376124790604E+01,4.0499772494995128E+00));
#45810=DIRECTION('',(0.0000000000000000E+00,-1.0000000000000000E+00,
   0.0000000000000000E+00));
#45820=VECTOR('',#45810,1.0000000000000000E+00);
#45830=LINE('',#45800,#45820);
#45840=EDGE_CURVE('',#18660,#45770,#45830,.T.);
#45850=ORIENTED_EDGE('',*,*,#45840,.T.);
#45860=ORIENTED_EDGE('',*,*,#43850,.F.);
#45870=EDGE_LOOP('',(#45860,#45850,#45790,#45710));
#45880=FACE_OUTER_BOUND('',#45870,.T.);
#45890=ADVANCED_FACE('',(#45880),#45700,.T.);
#45900=COLOUR_RGB('',9.4901967048645020E-01,9.4901967048645020E-01,
   1.0000000000000000E+00);
#45910=FILL_AREA_STYLE_COLOUR('',#45900);
#45920=FILL_AREA_STYLE('',(#45910));
#45930=SURFACE_STYLE_FILL_AREA(#45920);
#45940=SURFACE_SIDE_STYLE('',(#45930));
#45950=SURFACE_STYLE_USAGE(.BOTH.,#45940);
#45960=PRESENTATION_STYLE_ASSIGNMENT((#45950));
#45970=CARTESIAN_POINT('',(-3.0694461199299042E+01,
   2.8001376124790593E+01,4.7060018490493167E+00));
#45980=VERTEX_POINT('',#45970);
#45990=EDGE_CURVE('',#45770,#45980,#45750,.T.);
#46000=ORIENTED_EDGE('',*,*,#45990,.F.);
#46010=CARTESIAN_POINT('',(-3.0694461199299035E+01,
   2.7145319094080318E+01,4.7060018490493283E+00));
#46020=DIRECTION('',(0.0000000000000000E+00,1.0000000000000000E+00,
   0.0000000000000000E+00));
#46030=VECTOR('',#46020,1.0000000000000000E+00);
#46040=LINE('',#46010,#46030);
#46050=EDGE_CURVE('',#45980,#18740,#46040,.T.);
#46060=ORIENTED_EDGE('',*,*,#46050,.F.);
#46070=ORIENTED_EDGE('',*,*,#18750,.F.);
#46080=ORIENTED_EDGE('',*,*,#45840,.F.);
#46090=EDGE_LOOP('',(#46080,#46070,#46060,#46000));
#46100=FACE_OUTER_BOUND('',#46090,.T.);
#46110=ADVANCED_FACE('',(#46100),#45700,.T.);
#46120=COLOUR_RGB('',9.4901967048645020E-01,9.4901967048645020E-01,
   1.0000000000000000E+00);
#46130=FILL_AREA_STYLE_COLOUR('',#46120);
#46140=FILL_AREA_STYLE('',(#46130));
#46150=SURFACE_STYLE_FILL_AREA(#46140);
#46160=SURFACE_SIDE_STYLE('',(#46150));
#46170=SURFACE_STYLE_USAGE(.BOTH.,#46160);
#46180=PRESENTATION_STYLE_ASSIGNMENT((#46170));
#46190=ORIENTED_EDGE('',*,*,#43010,.F.);
#46200=CARTESIAN_POINT('',(-8.4502159542249785E+01,
   2.8601376124790601E+01,7.0000000000000018E+00));
#46210=DIRECTION('',(-1.0000000000000000E+00,0.0000000000000000E+00,
   0.0000000000000000E+00));
#46220=VECTOR('',#46210,1.0000000000000000E+00);
#46230=LINE('',#46200,#46220);
#46240=EDGE_CURVE('',#42930,#35000,#46230,.T.);
#46250=ORIENTED_EDGE('',*,*,#46240,.F.);
#46260=ORIENTED_EDGE('',*,*,#35010,.T.);
#46270=EDGE_LOOP('',(#46260,#46250,#46190));
#46280=FACE_OUTER_BOUND('',#46270,.T.);
#46290=ADVANCED_FACE('',(#46280),#33700,.T.);
#46300=COLOUR_RGB('',9.4901967048645020E-01,9.4901967048645020E-01,
   1.0000000000000000E+00);
#46310=FILL_AREA_STYLE_COLOUR('',#46300);
#46320=FILL_AREA_STYLE('',(#46310));
#46330=SURFACE_STYLE_FILL_AREA(#46320);
#46340=SURFACE_SIDE_STYLE('',(#46330));
#46350=SURFACE_STYLE_USAGE(.BOTH.,#46340);
#46360=PRESENTATION_STYLE_ASSIGNMENT((#46350));
#46370=CARTESIAN_POINT('',(-3.1405488301517792E+01,
   2.7145319094080318E+01,3.5000000000000018E+00));
#46380=DIRECTION('',(0.0000000000000000E+00,1.0000000000000000E+00,
   0.0000000000000000E+00));
#46390=DIRECTION('',(-1.0000000000000000E+00,0.0000000000000000E+00,
   0.0000000000000000E+00));
#46400=AXIS2_PLACEMENT_3D('',#46370,#46380,#46390);
#46410=CYLINDRICAL_SURFACE('',#46400,1.3999999999999999E+00);
#46420=CARTESIAN_POINT('',(-3.0005488301517794E+01,
   2.7145319094080318E+01,3.5000000000000018E+00));
#46430=DIRECTION('',(0.0000000000000000E+00,1.0000000000000000E+00,
   0.0000000000000000E+00));
#46440=VECTOR('',#46430,1.0000000000000000E+00);
#46450=LINE('',#46420,#46440);
#46460=EDGE_CURVE('',#27100,#5740,#46450,.T.);
#46470=ORIENTED_EDGE('',*,*,#46460,.F.);
#46480=ORIENTED_EDGE('',*,*,#5750,.F.);
#46490=ORIENTED_EDGE('',*,*,#1960,.T.);
#46500=ORIENTED_EDGE('',*,*,#31190,.F.);
#46510=ORIENTED_EDGE('',*,*,#18000,.F.);
#46520=ORIENTED_EDGE('',*,*,#18860,.F.);
#46530=CARTESIAN_POINT('',(-3.2805488301517791E+01,
   2.7145319094080318E+01,3.5000000000000018E+00));
#46540=DIRECTION('',(0.0000000000000000E+00,1.0000000000000000E+00,
   0.0000000000000000E+00));
#46550=VECTOR('',#46540,1.0000000000000000E+00);
#46560=LINE('',#46530,#46550);
#46570=EDGE_CURVE('',#27080,#18830,#46560,.T.);
#46580=ORIENTED_EDGE('',*,*,#46570,.T.);
#46590=ORIENTED_EDGE('',*,*,#27130,.T.);
#46600=EDGE_LOOP('',(#46590,#46580,#46520,#46510,#46500,#46490,#46480,
   #46470));
#46610=FACE_OUTER_BOUND('',#46600,.T.);
#46620=ADVANCED_FACE('',(#46610),#46410,.T.);
#46630=COLOUR_RGB('',9.4901967048645020E-01,9.4901967048645020E-01,
   1.0000000000000000E+00);
#46640=FILL_AREA_STYLE_COLOUR('',#46630);
#46650=FILL_AREA_STYLE('',(#46640));
#46660=SURFACE_STYLE_FILL_AREA(#46650);
#46670=SURFACE_SIDE_STYLE('',(#46660));
#46680=SURFACE_STYLE_USAGE(.BOTH.,#46670);
#46690=PRESENTATION_STYLE_ASSIGNMENT((#46680));
#46700=CARTESIAN_POINT('',(-2.9886031253416185E+01,
   2.0321376124790600E+01,9.2269224911855865E+00));
#46710=DIRECTION('',(0.0000000000000000E+00,-1.0000000000000000E+00,
   0.0000000000000000E+00));
#46720=DIRECTION('',(1.0000000000000000E+00,0.0000000000000000E+00,
   0.0000000000000000E+00));
#46730=AXIS2_PLACEMENT_3D('',#46700,#46710,#46720);
#46740=PLANE('',#46730);
#46750=CARTESIAN_POINT('',(-8.4502159542249785E+01,
   2.0321376124790600E+01,1.0500000000000000E+01));
#46760=DIRECTION('',(1.0000000000000000E+00,0.0000000000000000E+00,
   0.0000000000000000E+00));
#46770=VECTOR('',#46760,1.0000000000000000E+00);
#46780=LINE('',#46750,#46770);
#46790=EDGE_CURVE('',#35800,#41020,#46780,.T.);
#46800=ORIENTED_EDGE('',*,*,#46790,.F.);
#46810=ORIENTED_EDGE('',*,*,#41420,.F.);
#46820=CARTESIAN_POINT('',(-8.4502159542249785E+01,
   2.0321376124790600E+01,1.0050000000000001E+01));
#46830=DIRECTION('',(1.0000000000000000E+00,0.0000000000000000E+00,
   0.0000000000000000E+00));
#46840=VECTOR('',#46830,1.0000000000000000E+00);
#46850=LINE('',#46820,#46840);
#46860=EDGE_CURVE('',#41350,#40180,#46850,.T.);
#46870=ORIENTED_EDGE('',*,*,#46860,.F.);
#46880=ORIENTED_EDGE('',*,*,#40190,.T.);
#46890=EDGE_CURVE('',#40160,#35630,#46780,.T.);
#46900=ORIENTED_EDGE('',*,*,#46890,.F.);
#46910=ORIENTED_EDGE('',*,*,#35880,.T.);
#46920=EDGE_LOOP('',(#46910,#46900,#46880,#46870,#46810,#46800));
#46930=FACE_OUTER_BOUND('',#46920,.T.);
#46940=ADVANCED_FACE('',(#46930),#46740,.T.);
#46950=COLOUR_RGB('',9.4901961088180542E-01,9.4901961088180542E-01,
   1.0000000000000000E+00);
#46960=FILL_AREA_STYLE_COLOUR('',#46950);
#46970=FILL_AREA_STYLE('',(#46960));
#46980=SURFACE_STYLE_FILL_AREA(#46970);
#46990=SURFACE_SIDE_STYLE('',(#46980));
#47000=SURFACE_STYLE_USAGE(.BOTH.,#46990);
#47010=PRESENTATION_STYLE_ASSIGNMENT((#47000));
#47020=CARTESIAN_POINT('',(-3.1158000928102481E+01,
   2.8001376124790593E+01,3.2525126265846840E+00));
#47030=DIRECTION('',(0.0000000000000000E+00,1.0000000000000000E+00,
   0.0000000000000000E+00));
#47040=DIRECTION('',(7.0710678118654746E-01,0.0000000000000000E+00,
   -7.0710678118654757E-01));
#47050=AXIS2_PLACEMENT_3D('',#47020,#47030,#47040);
#47060=PLANE('',#47050);
#47070=CARTESIAN_POINT('',(-3.0199486452468442E+01,
   2.8001376124790593E+01,4.2110271022187211E+00));
#47080=VERTEX_POINT('',#47070);
#47090=EDGE_CURVE('',#47080,#35290,#35270,.T.);
#47100=ORIENTED_EDGE('',*,*,#47090,.T.);
#47110=CARTESIAN_POINT('',(-3.1405488301517792E+01,
   2.8001376124790593E+01,3.5000000000000018E+00));
#47120=DIRECTION('',(0.0000000000000000E+00,1.0000000000000000E+00,
   0.0000000000000000E+00));
#47130=DIRECTION('',(-1.0000000000000000E+00,0.0000000000000000E+00,
   0.0000000000000000E+00));
#47140=AXIS2_PLACEMENT_3D('',#47110,#47120,#47130);
#47150=CIRCLE('',#47140,1.3999999999999999E+00);
#47160=EDGE_CURVE('',#45980,#47080,#47150,.T.);
#47170=ORIENTED_EDGE('',*,*,#47160,.T.);
#47180=ORIENTED_EDGE('',*,*,#45990,.T.);
#47190=CARTESIAN_POINT('',(-3.1355488301517802E+01,
   2.8001376124790593E+01,3.5000000000000018E+00));
#47200=DIRECTION('',(0.0000000000000000E+00,-1.0000000000000000E+00,
   0.0000000000000000E+00));
#47210=DIRECTION('',(1.0000000000000000E+00,0.0000000000000000E+00,
   0.0000000000000000E+00));
#47220=AXIS2_PLACEMENT_3D('',#47190,#47200,#47210);
#47230=CIRCLE('',#47220,5.5000000000000004E-01);
#47240=EDGE_CURVE('',#35290,#45770,#47230,.T.);
#47250=ORIENTED_EDGE('',*,*,#47240,.T.);
#47260=EDGE_LOOP('',(#47250,#47180,#47170,#47100));
#47270=FACE_OUTER_BOUND('',#47260,.T.);
#47280=ADVANCED_FACE('',(#47270),#47060,.T.);
#47290=COLOUR_RGB('',9.4901967048645020E-01,9.4901967048645020E-01,
   1.0000000000000000E+00);
#47300=FILL_AREA_STYLE_COLOUR('',#47290);
#47310=FILL_AREA_STYLE('',(#47300));
#47320=SURFACE_STYLE_FILL_AREA(#47310);
#47330=SURFACE_SIDE_STYLE('',(#47320));
#47340=SURFACE_STYLE_USAGE(.BOTH.,#47330);
#47350=PRESENTATION_STYLE_ASSIGNMENT((#47340));
#47360=ORIENTED_EDGE('',*,*,#47240,.F.);
#47370=ORIENTED_EDGE('',*,*,#45780,.T.);
#47380=ORIENTED_EDGE('',*,*,#6450,.T.);
#47390=ORIENTED_EDGE('',*,*,#35300,.T.);
#47400=EDGE_LOOP('',(#47390,#47380,#47370,#47360));
#47410=FACE_OUTER_BOUND('',#47400,.T.);
#47420=ADVANCED_FACE('',(#47410),#47060,.T.);
#47430=COLOUR_RGB('',9.4901967048645020E-01,9.4901967048645020E-01,
   1.0000000000000000E+00);
#47440=FILL_AREA_STYLE_COLOUR('',#47430);
#47450=FILL_AREA_STYLE('',(#47440));
#47460=SURFACE_STYLE_FILL_AREA(#47450);
#47470=SURFACE_SIDE_STYLE('',(#47460));
#47480=SURFACE_STYLE_USAGE(.BOTH.,#47470);
#47490=PRESENTATION_STYLE_ASSIGNMENT((#47480));
#47500=ORIENTED_EDGE('',*,*,#47090,.F.);
#47510=ORIENTED_EDGE('',*,*,#35390,.T.);
#47520=ORIENTED_EDGE('',*,*,#5870,.F.);
#47530=CARTESIAN_POINT('',(-3.0199486452468442E+01,
   2.7145319094080318E+01,4.2110271022187211E+00));
#47540=DIRECTION('',(0.0000000000000000E+00,1.0000000000000000E+00,
   0.0000000000000000E+00));
#47550=VECTOR('',#47540,1.0000000000000000E+00);
#47560=LINE('',#47530,#47550);
#47570=EDGE_CURVE('',#47080,#5780,#47560,.T.);
#47580=ORIENTED_EDGE('',*,*,#47570,.T.);
#47590=EDGE_LOOP('',(#47580,#47520,#47510,#47500));
#47600=FACE_OUTER_BOUND('',#47590,.T.);
#47610=ADVANCED_FACE('',(#47600),#35230,.T.);
#47620=COLOUR_RGB('',9.4901967048645020E-01,9.4901967048645020E-01,
   1.0000000000000000E+00);
#47630=FILL_AREA_STYLE_COLOUR('',#47620);
#47640=FILL_AREA_STYLE('',(#47630));
#47650=SURFACE_STYLE_FILL_AREA(#47640);
#47660=SURFACE_SIDE_STYLE('',(#47650));
#47670=SURFACE_STYLE_USAGE(.BOTH.,#47660);
#47680=PRESENTATION_STYLE_ASSIGNMENT((#47670));
#47690=CARTESIAN_POINT('',(-3.1652975674933074E+01,
   2.8601376124790594E+01,1.0747487373415282E+01));
#47700=DIRECTION('',(7.0710678118654746E-01,0.0000000000000000E+00,
   -7.0710678118654757E-01));
#47710=DIRECTION('',(0.0000000000000000E+00,-1.0000000000000000E+00,
   0.0000000000000000E+00));
#47720=AXIS2_PLACEMENT_3D('',#47690,#47700,#47710);
#47730=PLANE('',#47720);
#47740=ORIENTED_EDGE('',*,*,#36130,.F.);
#47750=CARTESIAN_POINT('',(-3.1900463048348357E+01,
   -2.2653715864353234E+01,1.0500000000000000E+01));
#47760=DIRECTION('',(-0.0000000000000000E+00,1.0000000000000000E+00,
   0.0000000000000000E+00));
#47770=VECTOR('',#47760,1.0000000000000000E+00);
#47780=LINE('',#47750,#47770);
#47790=CARTESIAN_POINT('',(-3.1900463048348364E+01,
   2.8601376124790601E+01,1.0499999999999993E+01));
#47800=VERTEX_POINT('',#47790);
#47810=EDGE_CURVE('',#36120,#47800,#47780,.T.);
#47820=ORIENTED_EDGE('',*,*,#47810,.F.);
#47830=CARTESIAN_POINT('',(-8.4502159542249785E+01,
   2.8601376124790601E+01,-4.2101696493901422E+01));
#47840=DIRECTION('',(-7.0710678118654757E-01,0.0000000000000000E+00,
   -7.0710678118654746E-01));
#47850=VECTOR('',#47840,1.0000000000000000E+00);
#47860=LINE('',#47830,#47850);
#47870=CARTESIAN_POINT('',(-3.1905465551017315E+01,
   2.8601376124790601E+01,1.0494997497331044E+01));
#47880=VERTEX_POINT('',#47870);
#47890=EDGE_CURVE('',#47800,#47880,#47860,.T.);
#47900=ORIENTED_EDGE('',*,*,#47890,.F.);
#47910=CARTESIAN_POINT('',(-3.1905465551017315E+01,
   3.9321376124790604E+01,1.0494997497331044E+01));
#47920=DIRECTION('',(0.0000000000000000E+00,-1.0000000000000000E+00,
   0.0000000000000000E+00));
#47930=VECTOR('',#47920,1.0000000000000000E+00);
#47940=LINE('',#47910,#47930);
#47950=EDGE_CURVE('',#47880,#36100,#47940,.T.);
#47960=ORIENTED_EDGE('',*,*,#47950,.F.);
#47970=EDGE_LOOP('',(#47960,#47900,#47820,#47740));
#47980=FACE_OUTER_BOUND('',#47970,.T.);
#47990=ADVANCED_FACE('',(#47980),#47730,.T.);
#48000=COLOUR_RGB('',9.4901967048645020E-01,9.4901967048645020E-01,
   1.0000000000000000E+00);
#48010=FILL_AREA_STYLE_COLOUR('',#48000);
#48020=FILL_AREA_STYLE('',(#48010));
#48030=SURFACE_STYLE_FILL_AREA(#48020);
#48040=SURFACE_SIDE_STYLE('',(#48030));
#48050=SURFACE_STYLE_USAGE(.BOTH.,#48040);
#48060=PRESENTATION_STYLE_ASSIGNMENT((#48050));
#48070=CARTESIAN_POINT('',(-3.2074229385564998E+01,
   2.8601376124790601E+01,1.1168741084047205E+01));
#48080=DIRECTION('',(0.0000000000000000E+00,1.0000000000000000E+00,
   0.0000000000000000E+00));
#48090=DIRECTION('',(7.0710678118654746E-01,0.0000000000000000E+00,
   -7.0710678118654757E-01));
#48100=AXIS2_PLACEMENT_3D('',#48070,#48080,#48090);
#48110=PLANE('',#48100);
#48120=CARTESIAN_POINT('',(-3.1355488301517802E+01,
   2.8601376124790601E+01,1.0500000000000000E+01));
#48130=DIRECTION('',(0.0000000000000000E+00,-1.0000000000000000E+00,
   0.0000000000000000E+00));
#48140=DIRECTION('',(1.0000000000000000E+00,0.0000000000000000E+00,
   0.0000000000000000E+00));
#48150=AXIS2_PLACEMENT_3D('',#48120,#48130,#48140);
#48160=CIRCLE('',#48150,5.5000000000000004E-01);
#48170=CARTESIAN_POINT('',(-3.1905488301517799E+01,
   2.8601376124790601E+01,1.0500000000000000E+01));
#48180=VERTEX_POINT('',#48170);
#48190=EDGE_CURVE('',#48180,#47880,#48160,.T.);
#48200=ORIENTED_EDGE('',*,*,#48190,.F.);
#48210=ORIENTED_EDGE('',*,*,#47890,.T.);
#48220=CARTESIAN_POINT('',(-8.4502159542249785E+01,
   2.8601376124790601E+01,1.0500000000000000E+01));
#48230=DIRECTION('',(-1.0000000000000000E+00,0.0000000000000000E+00,
   0.0000000000000000E+00));
#48240=VECTOR('',#48230,1.0000000000000000E+00);
#48250=LINE('',#48220,#48240);
#48260=EDGE_CURVE('',#47800,#48180,#48250,.T.);
#48270=ORIENTED_EDGE('',*,*,#48260,.F.);
#48280=EDGE_LOOP('',(#48270,#48210,#48200));
#48290=FACE_OUTER_BOUND('',#48280,.T.);
#48300=ADVANCED_FACE('',(#48290),#48110,.T.);
#48310=COLOUR_RGB('',9.4901967048645020E-01,9.4901967048645020E-01,
   1.0000000000000000E+00);
#48320=FILL_AREA_STYLE_COLOUR('',#48310);
#48330=FILL_AREA_STYLE('',(#48320));
#48340=SURFACE_STYLE_FILL_AREA(#48330);
#48350=SURFACE_SIDE_STYLE('',(#48340));
#48360=SURFACE_STYLE_USAGE(.BOTH.,#48350);
#48370=PRESENTATION_STYLE_ASSIGNMENT((#48360));
#48380=CARTESIAN_POINT('',(-3.1355488301517802E+01,
   1.7821376124790600E+01,1.0183974596215561E+01));
#48390=DIRECTION('',(0.0000000000000000E+00,2.5881904510252085E-01,
   9.6592582628906820E-01));
#48400=DIRECTION('',(0.0000000000000000E+00,9.6592582628906842E-01,
   -2.5881904510252091E-01));
#48410=AXIS2_PLACEMENT_3D('',#48380,#48390,#48400);
#48420=PLANE('',#48410);
#48430=ORIENTED_EDGE('',*,*,#40350,.T.);
#48440=CARTESIAN_POINT('',(-8.4502159542249785E+01,
   1.8321376124790607E+01,1.0050000000000001E+01));
#48450=DIRECTION('',(1.0000000000000000E+00,0.0000000000000000E+00,
   0.0000000000000000E+00));
#48460=VECTOR('',#48450,1.0000000000000000E+00);
#48470=LINE('',#48440,#48460);
#48480=EDGE_CURVE('',#41270,#40260,#48470,.T.);
#48490=ORIENTED_EDGE('',*,*,#48480,.T.);
#48500=ORIENTED_EDGE('',*,*,#41280,.T.);
#48510=ORIENTED_EDGE('',*,*,#44570,.T.);
#48520=EDGE_LOOP('',(#48510,#48500,#48490,#48430));
#48530=FACE_OUTER_BOUND('',#48520,.T.);
#48540=ADVANCED_FACE('',(#48530),#48420,.F.);
#48550=COLOUR_RGB('',9.4901961088180542E-01,9.4901961088180542E-01,
   1.0000000000000000E+00);
#48560=FILL_AREA_STYLE_COLOUR('',#48550);
#48570=FILL_AREA_STYLE('',(#48560));
#48580=SURFACE_STYLE_FILL_AREA(#48570);
#48590=SURFACE_SIDE_STYLE('',(#48580));
#48600=SURFACE_STYLE_USAGE(.BOTH.,#48590);
#48610=PRESENTATION_STYLE_ASSIGNMENT((#48600));
#48620=CARTESIAN_POINT('',(-3.4644041692111067E+01,
   2.2071376124790600E+01,1.2646446609406729E+01));
#48630=DIRECTION('',(7.0710678118654302E-01,0.0000000000000000E+00,
   -7.0710678118655201E-01));
#48640=DIRECTION('',(-7.0710678118655201E-01,0.0000000000000000E+00,
   -7.0710678118654302E-01));
#48650=AXIS2_PLACEMENT_3D('',#48620,#48630,#48640);
#48660=PLANE('',#48650);
#48670=CARTESIAN_POINT('',(0.0000000000000000E+00,2.5421376124790594E+01
   ,4.7290488301517350E+01));
#48680=DIRECTION('',(-7.0710678118655201E-01,0.0000000000000000E+00,
   -7.0710678118654302E-01));
#48690=VECTOR('',#48680,1.0000000000000000E+00);
#48700=LINE('',#48670,#48690);
#48710=CARTESIAN_POINT('',(-3.4617870503397079E+01,
   2.5421376124790594E+01,1.2672617798120717E+01));
#48720=VERTEX_POINT('',#48710);
#48730=CARTESIAN_POINT('',(-3.4644041692111067E+01,
   2.5421376124790601E+01,1.2646446609406727E+01));
#48740=VERTEX_POINT('',#48730);
#48750=EDGE_CURVE('',#48720,#48740,#48700,.T.);
#48760=ORIENTED_EDGE('',*,*,#48750,.T.);
#48770=CARTESIAN_POINT('',(-3.4617870503397079E+01,
   2.4921376124790594E+01,1.2672617798120717E+01));
#48780=DIRECTION('',(7.0710678118654302E-01,0.0000000000000000E+00,
   -7.0710678118655201E-01));
#48790=DIRECTION('',(-7.0710678118655201E-01,0.0000000000000000E+00,
   -7.0710678118654302E-01));
#48800=AXIS2_PLACEMENT_3D('',#48770,#48780,#48790);
#48810=ELLIPSE('',#48800,7.0710678118652770E-01,4.9999999999998912E-01);
#48820=CARTESIAN_POINT('',(-3.4134907590252553E+01,
   2.5050785647341851E+01,1.3155580711265237E+01));
#48830=VERTEX_POINT('',#48820);
#48840=EDGE_CURVE('',#48720,#48830,#48810,.T.);
#48850=ORIENTED_EDGE('',*,*,#48840,.F.);
#48860=CARTESIAN_POINT('',(-2.7422569806281828E+01,
   0.0000000000000000E+00,1.9867918495235866E+01));
#48870=DIRECTION('',(-2.5056280708574180E-01,9.3511312653102474E-01,
   -2.5056280708573864E-01));
#48880=VECTOR('',#48870,1.0000000000000000E+00);
#48890=LINE('',#48860,#48880);
#48900=CARTESIAN_POINT('',(-3.4090488301517780E+01,
   2.4885010604947620E+01,1.3199999999999999E+01));
#48910=VERTEX_POINT('',#48900);
#48920=EDGE_CURVE('',#48910,#48830,#48890,.T.);
#48930=ORIENTED_EDGE('',*,*,#48920,.T.);
#48940=CARTESIAN_POINT('',(-3.4090488301517787E+01,
   0.0000000000000000E+00,1.3199999999999999E+01));
#48950=DIRECTION('',(0.0000000000000000E+00,1.0000000000000000E+00,
   0.0000000000000000E+00));
#48960=VECTOR('',#48950,1.0000000000000000E+00);
#48970=LINE('',#48940,#48960);
#48980=CARTESIAN_POINT('',(-3.4090488301517780E+01,
   2.1786376124790618E+01,1.3199999999999999E+01));
#48990=VERTEX_POINT('',#48980);
#49000=EDGE_CURVE('',#48990,#48910,#48970,.T.);
#49010=ORIENTED_EDGE('',*,*,#49000,.T.);
#49020=CARTESIAN_POINT('',(0.0000000000000000E+00,5.5876864426308202E+01
   ,4.7290488301517357E+01));
#49030=DIRECTION('',(5.7735026918962939E-01,5.7735026918962584E-01,
   5.7735026918962207E-01));
#49040=VECTOR('',#49030,1.0000000000000000E+00);
#49050=LINE('',#49020,#49040);
#49060=CARTESIAN_POINT('',(-3.4644041692111067E+01,
   2.1232822734197338E+01,1.2646446609406727E+01));
#49070=VERTEX_POINT('',#49060);
#49080=EDGE_CURVE('',#49070,#48990,#49050,.T.);
#49090=ORIENTED_EDGE('',*,*,#49080,.T.);
#49100=CARTESIAN_POINT('',(-3.4644041692111067E+01,
   2.2071376124790600E+01,1.2646446609406727E+01));
#49110=DIRECTION('',(0.0000000000000000E+00,-1.0000000000000000E+00,
   0.0000000000000000E+00));
#49120=VECTOR('',#49110,1.0000000000000000E+00);
#49130=LINE('',#49100,#49120);
#49140=EDGE_CURVE('',#48740,#49070,#49130,.T.);
#49150=ORIENTED_EDGE('',*,*,#49140,.T.);
#49160=EDGE_LOOP('',(#49150,#49090,#49010,#48930,#48850,#48760));
#49170=FACE_OUTER_BOUND('',#49160,.T.);
#49180=ADVANCED_FACE('',(#49170),#48660,.F.);
#49190=COLOUR_RGB('',5.0196081399917603E-01,1.0000000000000000E+00,
   5.0196081399917603E-01);
#49200=FILL_AREA_STYLE_COLOUR('',#49190);
#49210=FILL_AREA_STYLE('',(#49200));
#49220=SURFACE_STYLE_FILL_AREA(#49210);
#49230=SURFACE_SIDE_STYLE('',(#49220));
#49240=SURFACE_STYLE_USAGE(.BOTH.,#49230);
#49250=PRESENTATION_STYLE_ASSIGNMENT((#49240));
#49260=ORIENTED_EDGE('',*,*,#36240,.F.);
#49270=ORIENTED_EDGE('',*,*,#27750,.T.);
#49280=CARTESIAN_POINT('',(-3.0910513554687164E+01,
   2.8601376124790601E+01,1.0500000000000000E+01));
#49290=VERTEX_POINT('',#49280);
#49300=EDGE_CURVE('',#27680,#49290,#27660,.T.);
#49310=ORIENTED_EDGE('',*,*,#49300,.F.);
#49320=CARTESIAN_POINT('',(-3.0910513554687164E+01,
   -2.2653715864353234E+01,1.0500000000000000E+01));
#49330=DIRECTION('',(-0.0000000000000000E+00,-1.0000000000000000E+00,
   0.0000000000000000E+00));
#49340=VECTOR('',#49330,1.0000000000000000E+00);
#49350=LINE('',#49320,#49340);
#49360=EDGE_CURVE('',#49290,#36230,#49350,.T.);
#49370=ORIENTED_EDGE('',*,*,#49360,.F.);
#49380=EDGE_LOOP('',(#49370,#49310,#49270,#49260));
#49390=FACE_OUTER_BOUND('',#49380,.T.);
#49400=ADVANCED_FACE('',(#49390),#27440,.T.);
#49410=COLOUR_RGB('',9.4901967048645020E-01,9.4901967048645020E-01,
   1.0000000000000000E+00);
#49420=FILL_AREA_STYLE_COLOUR('',#49410);
#49430=FILL_AREA_STYLE('',(#49420));
#49440=SURFACE_STYLE_FILL_AREA(#49430);
#49450=SURFACE_SIDE_STYLE('',(#49440));
#49460=SURFACE_STYLE_USAGE(.BOTH.,#49450);
#49470=PRESENTATION_STYLE_ASSIGNMENT((#49460));
#49480=CARTESIAN_POINT('',(-3.2611490150567121E+01,
   2.8001376124790593E+01,9.7889728977812354E+00));
#49490=VERTEX_POINT('',#49480);
#49500=EDGE_CURVE('',#49490,#36100,#36080,.T.);
#49510=ORIENTED_EDGE('',*,*,#49500,.T.);
#49520=CARTESIAN_POINT('',(-3.1405488301517792E+01,
   2.8001376124790593E+01,1.0500000000000000E+01));
#49530=DIRECTION('',(0.0000000000000000E+00,1.0000000000000000E+00,
   0.0000000000000000E+00));
#49540=DIRECTION('',(-1.0000000000000000E+00,0.0000000000000000E+00,
   0.0000000000000000E+00));
#49550=AXIS2_PLACEMENT_3D('',#49520,#49530,#49540);
#49560=CIRCLE('',#49550,1.3999999999999999E+00);
#49570=EDGE_CURVE('',#27520,#49490,#49560,.T.);
#49580=ORIENTED_EDGE('',*,*,#49570,.T.);
#49590=ORIENTED_EDGE('',*,*,#27530,.T.);
#49600=ORIENTED_EDGE('',*,*,#36200,.T.);
#49610=EDGE_LOOP('',(#49600,#49590,#49580,#49510));
#49620=FACE_OUTER_BOUND('',#49610,.T.);
#49630=ADVANCED_FACE('',(#49620),#36040,.T.);
#49640=COLOUR_RGB('',9.4901967048645020E-01,9.4901967048645020E-01,
   1.0000000000000000E+00);
#49650=FILL_AREA_STYLE_COLOUR('',#49640);
#49660=FILL_AREA_STYLE('',(#49650));
#49670=SURFACE_STYLE_FILL_AREA(#49660);
#49680=SURFACE_SIDE_STYLE('',(#49670));
#49690=SURFACE_STYLE_USAGE(.BOTH.,#49680);
#49700=PRESENTATION_STYLE_ASSIGNMENT((#49690));
#49710=CARTESIAN_POINT('',(-3.1652975674933074E+01,
   2.8601376124790594E+01,1.4247487373415282E+01));
#49720=DIRECTION('',(7.0710678118654746E-01,0.0000000000000000E+00,
   -7.0710678118654757E-01));
#49730=DIRECTION('',(0.0000000000000000E+00,-1.0000000000000000E+00,
   0.0000000000000000E+00));
#49740=AXIS2_PLACEMENT_3D('',#49710,#49720,#49730);
#49750=PLANE('',#49740);
#49760=CARTESIAN_POINT('',(-8.4502159542249785E+01,
   2.8001376124790593E+01,-3.8601696493901422E+01));
#49770=DIRECTION('',(7.0710678118654757E-01,0.0000000000000000E+00,
   7.0710678118654746E-01));
#49780=VECTOR('',#49770,1.0000000000000000E+00);
#49790=LINE('',#49760,#49780);
#49800=CARTESIAN_POINT('',(-3.1905465551017315E+01,
   2.8001376124790593E+01,1.3994997497331044E+01));
#49810=VERTEX_POINT('',#49800);
#49820=CARTESIAN_POINT('',(-3.1900463048348364E+01,
   2.8001376124790593E+01,1.3999999999999986E+01));
#49830=VERTEX_POINT('',#49820);
#49840=EDGE_CURVE('',#49810,#49830,#49790,.T.);
#49850=ORIENTED_EDGE('',*,*,#49840,.F.);
#49860=CARTESIAN_POINT('',(-3.1900463048348357E+01,
   -2.2653715864353234E+01,1.4000000000000000E+01));
#49870=DIRECTION('',(-0.0000000000000000E+00,1.0000000000000000E+00,
   0.0000000000000000E+00));
#49880=VECTOR('',#49870,1.0000000000000000E+00);
#49890=LINE('',#49860,#49880);
#49900=CARTESIAN_POINT('',(-3.1900463048348364E+01,
   2.8601376124790601E+01,1.3999999999999986E+01));
#49910=VERTEX_POINT('',#49900);
#49920=EDGE_CURVE('',#49830,#49910,#49890,.T.);
#49930=ORIENTED_EDGE('',*,*,#49920,.F.);
#49940=CARTESIAN_POINT('',(-8.4502159542249785E+01,
   2.8601376124790601E+01,-3.8601696493901422E+01));
#49950=DIRECTION('',(-7.0710678118654757E-01,0.0000000000000000E+00,
   -7.0710678118654746E-01));
#49960=VECTOR('',#49950,1.0000000000000000E+00);
#49970=LINE('',#49940,#49960);
#49980=CARTESIAN_POINT('',(-3.1905465551017315E+01,
   2.8601376124790601E+01,1.3994997497331044E+01));
#49990=VERTEX_POINT('',#49980);
#50000=EDGE_CURVE('',#49910,#49990,#49970,.T.);
#50010=ORIENTED_EDGE('',*,*,#50000,.F.);
#50020=CARTESIAN_POINT('',(-3.1905465551017315E+01,
   3.9321376124790604E+01,1.3994997497331044E+01));
#50030=DIRECTION('',(0.0000000000000000E+00,-1.0000000000000000E+00,
   0.0000000000000000E+00));
#50040=VECTOR('',#50030,1.0000000000000000E+00);
#50050=LINE('',#50020,#50040);
#50060=EDGE_CURVE('',#49990,#49810,#50050,.T.);
#50070=ORIENTED_EDGE('',*,*,#50060,.F.);
#50080=EDGE_LOOP('',(#50070,#50010,#49930,#49850));
#50090=FACE_OUTER_BOUND('',#50080,.T.);
#50100=ADVANCED_FACE('',(#50090),#49750,.T.);
#50110=COLOUR_RGB('',9.4901967048645020E-01,9.4901967048645020E-01,
   1.0000000000000000E+00);
#50120=FILL_AREA_STYLE_COLOUR('',#50110);
#50130=FILL_AREA_STYLE('',(#50120));
#50140=SURFACE_STYLE_FILL_AREA(#50130);
#50150=SURFACE_SIDE_STYLE('',(#50140));
#50160=SURFACE_STYLE_USAGE(.BOTH.,#50150);
#50170=PRESENTATION_STYLE_ASSIGNMENT((#50160));
#50180=CARTESIAN_POINT('',(-3.1158000928102481E+01,
   2.7601376124790594E+01,1.3752512626584682E+01));
#50190=DIRECTION('',(-7.0710678118654746E-01,0.0000000000000000E+00,
   7.0710678118654757E-01));
#50200=DIRECTION('',(0.0000000000000000E+00,1.0000000000000000E+00,
   0.0000000000000000E+00));
#50210=AXIS2_PLACEMENT_3D('',#50180,#50190,#50200);
#50220=PLANE('',#50210);
#50230=CARTESIAN_POINT('',(-8.4502159542249785E+01,
   2.8001376124790593E+01,-3.9591645987562615E+01));
#50240=DIRECTION('',(-7.0710678118654757E-01,0.0000000000000000E+00,
   -7.0710678118654746E-01));
#50250=VECTOR('',#50240,1.0000000000000000E+00);
#50260=LINE('',#50230,#50250);
#50270=CARTESIAN_POINT('',(-3.0910513554687164E+01,
   2.8001376124790593E+01,1.4000000000000000E+01));
#50280=VERTEX_POINT('',#50270);
#50290=CARTESIAN_POINT('',(-3.1451982696657517E+01,
   2.8001376124790593E+01,1.3458530858029174E+01));
#50300=VERTEX_POINT('',#50290);
#50310=EDGE_CURVE('',#50280,#50300,#50260,.T.);
#50320=ORIENTED_EDGE('',*,*,#50310,.F.);
#50330=CARTESIAN_POINT('',(-3.1451982696657915E+01,
   3.9321376124790604E+01,1.3458530858029246E+01));
#50340=DIRECTION('',(0.0000000000000000E+00,-1.0000000000000000E+00,
   0.0000000000000000E+00));
#50350=VECTOR('',#50340,1.0000000000000000E+00);
#50360=LINE('',#50330,#50350);
#50370=CARTESIAN_POINT('',(-3.1451982696656941E+01,
   2.8601376124790601E+01,1.3458530858029073E+01));
#50380=VERTEX_POINT('',#50370);
#50390=EDGE_CURVE('',#50380,#50300,#50360,.T.);
#50400=ORIENTED_EDGE('',*,*,#50390,.T.);
#50410=CARTESIAN_POINT('',(-8.4502159542249785E+01,
   2.8601376124790601E+01,-3.9591645987562615E+01));
#50420=DIRECTION('',(7.0710678118654757E-01,0.0000000000000000E+00,
   7.0710678118654746E-01));
#50430=VECTOR('',#50420,1.0000000000000000E+00);
#50440=LINE('',#50410,#50430);
#50450=CARTESIAN_POINT('',(-3.0910513554687164E+01,
   2.8601376124790601E+01,1.4000000000000000E+01));
#50460=VERTEX_POINT('',#50450);
#50470=EDGE_CURVE('',#50380,#50460,#50440,.T.);
#50480=ORIENTED_EDGE('',*,*,#50470,.F.);
#50490=CARTESIAN_POINT('',(-3.0910513554687164E+01,
   -2.2653715864353234E+01,1.4000000000000000E+01));
#50500=DIRECTION('',(-0.0000000000000000E+00,-1.0000000000000000E+00,
   0.0000000000000000E+00));
#50510=VECTOR('',#50500,1.0000000000000000E+00);
#50520=LINE('',#50490,#50510);
#50530=EDGE_CURVE('',#50460,#50280,#50520,.T.);
#50540=ORIENTED_EDGE('',*,*,#50530,.F.);
#50550=EDGE_LOOP('',(#50540,#50480,#50400,#50320));
#50560=FACE_OUTER_BOUND('',#50550,.T.);
#50570=ADVANCED_FACE('',(#50560),#50220,.T.);
#50580=COLOUR_RGB('',9.4901967048645020E-01,9.4901967048645020E-01,
   1.0000000000000000E+00);
#50590=FILL_AREA_STYLE_COLOUR('',#50580);
#50600=FILL_AREA_STYLE('',(#50590));
#50610=SURFACE_STYLE_FILL_AREA(#50600);
#50620=SURFACE_SIDE_STYLE('',(#50610));
#50630=SURFACE_STYLE_USAGE(.BOTH.,#50620);
#50640=PRESENTATION_STYLE_ASSIGNMENT((#50630));
#50650=CARTESIAN_POINT('',(-3.1605488301517802E+01,
   2.0321376124790600E+01,7.4500000000000002E+00));
#50660=DIRECTION('',(0.0000000000000000E+00,0.0000000000000000E+00,
   1.0000000000000000E+00));
#50670=DIRECTION('',(1.0000000000000000E+00,0.0000000000000000E+00,
   0.0000000000000000E+00));
#50680=AXIS2_PLACEMENT_3D('',#50650,#50660,#50670);
#50690=PLANE('',#50680);
#50700=ORIENTED_EDGE('',*,*,#34560,.F.);
#50710=CARTESIAN_POINT('',(-8.4502159542249785E+01,
   1.8321376124790607E+01,7.4500000000000002E+00));
#50720=DIRECTION('',(-1.0000000000000000E+00,0.0000000000000000E+00,
   0.0000000000000000E+00));
#50730=VECTOR('',#50720,1.0000000000000000E+00);
#50740=LINE('',#50710,#50730);
#50750=EDGE_CURVE('',#34470,#28960,#50740,.T.);
#50760=ORIENTED_EDGE('',*,*,#50750,.F.);
#50770=ORIENTED_EDGE('',*,*,#28970,.F.);
#50780=CARTESIAN_POINT('',(-8.4502159542249785E+01,
   2.0321376124790600E+01,7.4500000000000002E+00));
#50790=DIRECTION('',(-1.0000000000000000E+00,0.0000000000000000E+00,
   0.0000000000000000E+00));
#50800=VECTOR('',#50790,1.0000000000000000E+00);
#50810=LINE('',#50780,#50800);
#50820=EDGE_CURVE('',#34550,#28880,#50810,.T.);
#50830=ORIENTED_EDGE('',*,*,#50820,.T.);
#50840=EDGE_LOOP('',(#50830,#50770,#50760,#50700));
#50850=FACE_OUTER_BOUND('',#50840,.T.);
#50860=ADVANCED_FACE('',(#50850),#50690,.T.);
#50870=COLOUR_RGB('',9.4901961088180542E-01,9.4901961088180542E-01,
   1.0000000000000000E+00);
#50880=FILL_AREA_STYLE_COLOUR('',#50870);
#50890=FILL_AREA_STYLE('',(#50880));
#50900=SURFACE_STYLE_FILL_AREA(#50890);
#50910=SURFACE_SIDE_STYLE('',(#50900));
#50920=SURFACE_STYLE_USAGE(.BOTH.,#50910);
#50930=PRESENTATION_STYLE_ASSIGNMENT((#50920));
#50940=CARTESIAN_POINT('',(-3.4177964823400686E+01,
   2.4029245874728044E+01,9.6999999999999993E+00));
#50950=DIRECTION('',(0.0000000000000000E+00,0.0000000000000000E+00,
   1.0000000000000000E+00));
#50960=DIRECTION('',(1.0000000000000000E+00,0.0000000000000000E+00,
   0.0000000000000000E+00));
#50970=AXIS2_PLACEMENT_3D('',#50940,#50950,#50960);
#50980=PLANE('',#50970);
#50990=CARTESIAN_POINT('',(-3.3805488301517798E+01,
   2.3821376124790600E+01,9.6999999999999993E+00));
#51000=DIRECTION('',(-2.5881904510253184E-01,9.6592582628906531E-01,
   0.0000000000000000E+00));
#51010=VECTOR('',#51000,1.0000000000000000E+00);
#51020=LINE('',#50990,#51010);
#51030=CARTESIAN_POINT('',(-3.3805488301517798E+01,
   2.3821376124790600E+01,9.6999999999999993E+00));
#51040=VERTEX_POINT('',#51030);
#51050=EDGE_CURVE('',#51040,#20730,#51020,.T.);
#51060=ORIENTED_EDGE('',*,*,#51050,.T.);
#51070=CARTESIAN_POINT('',(-3.3805488301517798E+01,
   2.3821376124790600E+01,9.6999999999999993E+00));
#51080=DIRECTION('',(1.0000000000000000E+00,0.0000000000000000E+00,
   0.0000000000000000E+00));
#51090=VECTOR('',#51080,1.0000000000000000E+00);
#51100=LINE('',#51070,#51090);
#51110=CARTESIAN_POINT('',(-3.3520488301517801E+01,
   2.3821376124790600E+01,9.6999999999999993E+00));
#51120=VERTEX_POINT('',#51110);
#51130=EDGE_CURVE('',#51040,#51120,#51100,.T.);
#51140=ORIENTED_EDGE('',*,*,#51130,.F.);
#51150=CARTESIAN_POINT('',(-3.3520488301517801E+01,
   2.3821376124790600E+01,9.6999999999999993E+00));
#51160=DIRECTION('',(0.0000000000000000E+00,-1.0000000000000000E+00,
   0.0000000000000000E+00));
#51170=VECTOR('',#51160,1.0000000000000000E+00);
#51180=LINE('',#51150,#51170);
#51190=CARTESIAN_POINT('',(-3.3520488301517801E+01,
   2.2071376124790600E+01,9.6999999999999993E+00));
#51200=VERTEX_POINT('',#51190);
#51210=EDGE_CURVE('',#51120,#51200,#51180,.T.);
#51220=ORIENTED_EDGE('',*,*,#51210,.F.);
#51230=CARTESIAN_POINT('',(-3.3805488301517798E+01,
   2.2071376124790600E+01,9.6999999999999993E+00));
#51240=DIRECTION('',(1.0000000000000000E+00,0.0000000000000000E+00,
   0.0000000000000000E+00));
#51250=VECTOR('',#51240,1.0000000000000000E+00);
#51260=LINE('',#51230,#51250);
#51270=CARTESIAN_POINT('',(-3.3805488301517798E+01,
   2.2071376124790600E+01,9.6999999999999993E+00));
#51280=VERTEX_POINT('',#51270);
#51290=EDGE_CURVE('',#51280,#51200,#51260,.T.);
#51300=ORIENTED_EDGE('',*,*,#51290,.T.);
#51310=CARTESIAN_POINT('',(0.0000000000000000E+00,5.5876864426308202E+01
   ,9.6999999999999993E+00));
#51320=DIRECTION('',(7.0710678118654968E-01,7.0710678118654535E-01,
   0.0000000000000000E+00));
#51330=VECTOR('',#51320,1.0000000000000000E+00);
#51340=LINE('',#51310,#51330);
#51350=EDGE_CURVE('',#20810,#51280,#51340,.T.);
#51360=ORIENTED_EDGE('',*,*,#51350,.T.);
#51370=ORIENTED_EDGE('',*,*,#20820,.F.);
#51380=EDGE_LOOP('',(#51370,#51360,#51300,#51220,#51140,#51060));
#51390=FACE_OUTER_BOUND('',#51380,.T.);
#51400=ADVANCED_FACE('',(#51390),#50980,.T.);
#51410=COLOUR_RGB('',5.0196081399917603E-01,1.0000000000000000E+00,
   5.0196081399917603E-01);
#51420=FILL_AREA_STYLE_COLOUR('',#51410);
#51430=FILL_AREA_STYLE('',(#51420));
#51440=SURFACE_STYLE_FILL_AREA(#51430);
#51450=SURFACE_SIDE_STYLE('',(#51440));
#51460=SURFACE_STYLE_USAGE(.BOTH.,#51450);
#51470=PRESENTATION_STYLE_ASSIGNMENT((#51460));
#51480=CARTESIAN_POINT('',(-3.3520488301517801E+01,
   2.3821376124790600E+01,1.0500000000000000E+01));
#51490=DIRECTION('',(-0.0000000000000000E+00,1.0000000000000000E+00,
   0.0000000000000000E+00));
#51500=DIRECTION('',(1.0000000000000000E+00,0.0000000000000000E+00,
   0.0000000000000000E+00));
#51510=AXIS2_PLACEMENT_3D('',#51480,#51490,#51500);
#51520=PLANE('',#51510);
#51530=ORIENTED_EDGE('',*,*,#51130,.T.);
#51540=CARTESIAN_POINT('',(-3.3805488301517798E+01,
   2.3821376124790600E+01,7.0000000000000000E+00));
#51550=DIRECTION('',(0.0000000000000000E+00,0.0000000000000000E+00,
   -1.0000000000000000E+00));
#51560=VECTOR('',#51550,1.0000000000000000E+00);
#51570=LINE('',#51540,#51560);
#51580=CARTESIAN_POINT('',(-3.3805488301517791E+01,
   2.3821376124790600E+01,1.1299999999999995E+01));
#51590=VERTEX_POINT('',#51580);
#51600=EDGE_CURVE('',#51590,#51040,#51570,.T.);
#51610=ORIENTED_EDGE('',*,*,#51600,.T.);
#51620=CARTESIAN_POINT('',(-3.3805488301517798E+01,
   2.3821376124790600E+01,1.1300000000000001E+01));
#51630=DIRECTION('',(1.0000000000000000E+00,0.0000000000000000E+00,
   0.0000000000000000E+00));
#51640=VECTOR('',#51630,1.0000000000000000E+00);
#51650=LINE('',#51620,#51640);
#51660=CARTESIAN_POINT('',(-3.3520488301517801E+01,
   2.3821376124790600E+01,1.1300000000000001E+01));
#51670=VERTEX_POINT('',#51660);
#51680=EDGE_CURVE('',#51590,#51670,#51650,.T.);
#51690=ORIENTED_EDGE('',*,*,#51680,.F.);
#51700=CARTESIAN_POINT('',(-3.3520488301517801E+01,
   2.3821376124790600E+01,1.0500000000000000E+01));
#51710=DIRECTION('',(0.0000000000000000E+00,0.0000000000000000E+00,
   -1.0000000000000000E+00));
#51720=VECTOR('',#51710,1.0000000000000000E+00);
#51730=LINE('',#51700,#51720);
#51740=EDGE_CURVE('',#51670,#51120,#51730,.T.);
#51750=ORIENTED_EDGE('',*,*,#51740,.F.);
#51760=EDGE_LOOP('',(#51750,#51690,#51610,#51530));
#51770=FACE_OUTER_BOUND('',#51760,.T.);
#51780=ADVANCED_FACE('',(#51770),#51520,.F.);
#51790=COLOUR_RGB('',5.0196081399917603E-01,1.0000000000000000E+00,
   5.0196081399917603E-01);
#51800=FILL_AREA_STYLE_COLOUR('',#51790);
#51810=FILL_AREA_STYLE('',(#51800));
#51820=SURFACE_STYLE_FILL_AREA(#51810);
#51830=SURFACE_SIDE_STYLE('',(#51820));
#51840=SURFACE_STYLE_USAGE(.BOTH.,#51830);
#51850=PRESENTATION_STYLE_ASSIGNMENT((#51840));
#51860=CARTESIAN_POINT('',(0.0000000000000000E+00,0.0000000000000000E+00
   ,1.1300000000000001E+01));
#51870=DIRECTION('',(0.0000000000000000E+00,0.0000000000000000E+00,
   1.0000000000000000E+00));
#51880=DIRECTION('',(1.0000000000000000E+00,0.0000000000000000E+00,
   0.0000000000000000E+00));
#51890=AXIS2_PLACEMENT_3D('',#51860,#51870,#51880);
#51900=PLANE('',#51890);
#51910=CARTESIAN_POINT('',(0.0000000000000000E+00,5.5876864426308202E+01
   ,1.1300000000000001E+01));
#51920=DIRECTION('',(7.0710678118654968E-01,7.0710678118654535E-01,
   0.0000000000000000E+00));
#51930=VECTOR('',#51920,1.0000000000000000E+00);
#51940=LINE('',#51910,#51930);
#51950=CARTESIAN_POINT('',(-3.3805488301517805E+01,
   2.2071376124790600E+01,1.1299999999999995E+01));
#51960=VERTEX_POINT('',#51950);
#51970=EDGE_CURVE('',#26780,#51960,#51940,.T.);
#51980=ORIENTED_EDGE('',*,*,#51970,.F.);
#51990=CARTESIAN_POINT('',(-3.3805488301517798E+01,
   2.2071376124790600E+01,1.1300000000000001E+01));
#52000=DIRECTION('',(1.0000000000000000E+00,0.0000000000000000E+00,
   0.0000000000000000E+00));
#52010=VECTOR('',#52000,1.0000000000000000E+00);
#52020=LINE('',#51990,#52010);
#52030=CARTESIAN_POINT('',(-3.3520488301517801E+01,
   2.2071376124790600E+01,1.1300000000000001E+01));
#52040=VERTEX_POINT('',#52030);
#52050=EDGE_CURVE('',#51960,#52040,#52020,.T.);
#52060=ORIENTED_EDGE('',*,*,#52050,.F.);
#52070=CARTESIAN_POINT('',(-3.3520488301517801E+01,
   2.3821376124790600E+01,1.1300000000000001E+01));
#52080=DIRECTION('',(0.0000000000000000E+00,-1.0000000000000000E+00,
   0.0000000000000000E+00));
#52090=VECTOR('',#52080,1.0000000000000000E+00);
#52100=LINE('',#52070,#52090);
#52110=EDGE_CURVE('',#51670,#52040,#52100,.T.);
#52120=ORIENTED_EDGE('',*,*,#52110,.T.);
#52130=ORIENTED_EDGE('',*,*,#51680,.T.);
#52140=CARTESIAN_POINT('',(-3.3805488301517798E+01,
   2.3821376124790600E+01,1.1300000000000001E+01));
#52150=DIRECTION('',(-2.5881904510253184E-01,9.6592582628906531E-01,
   0.0000000000000000E+00));
#52160=VECTOR('',#52150,1.0000000000000000E+00);
#52170=LINE('',#52140,#52160);
#52180=EDGE_CURVE('',#51590,#26450,#52170,.T.);
#52190=ORIENTED_EDGE('',*,*,#52180,.F.);
#52200=ORIENTED_EDGE('',*,*,#26850,.T.);
#52210=EDGE_LOOP('',(#52200,#52190,#52130,#52120,#52060,#51980));
#52220=FACE_OUTER_BOUND('',#52210,.T.);
#52230=ADVANCED_FACE('',(#52220),#51900,.F.);
#52240=COLOUR_RGB('',5.0196081399917603E-01,1.0000000000000000E+00,
   5.0196081399917603E-01);
#52250=FILL_AREA_STYLE_COLOUR('',#52240);
#52260=FILL_AREA_STYLE('',(#52250));
#52270=SURFACE_STYLE_FILL_AREA(#52260);
#52280=SURFACE_SIDE_STYLE('',(#52270));
#52290=SURFACE_STYLE_USAGE(.BOTH.,#52280);
#52300=PRESENTATION_STYLE_ASSIGNMENT((#52290));
#52310=CARTESIAN_POINT('',(-3.4134907590252553E+01,
   2.5050785647341851E+01,9.6999999999999993E+00));
#52320=DIRECTION('',(9.6592582628906531E-01,2.5881904510253184E-01,
   0.0000000000000000E+00));
#52330=DIRECTION('',(2.5881904510253184E-01,-9.6592582628906531E-01,
   0.0000000000000000E+00));
#52340=AXIS2_PLACEMENT_3D('',#52310,#52320,#52330);
#52350=PLANE('',#52340);
#52360=ORIENTED_EDGE('',*,*,#52180,.T.);
#52370=ORIENTED_EDGE('',*,*,#51600,.F.);
#52380=ORIENTED_EDGE('',*,*,#51050,.F.);
#52390=ORIENTED_EDGE('',*,*,#20740,.F.);
#52400=CARTESIAN_POINT('',(-3.4134907590252553E+01,
   2.5050785647341851E+01,1.0500000000000000E+01));
#52410=DIRECTION('',(0.0000000000000000E+00,0.0000000000000000E+00,
   1.0000000000000000E+00));
#52420=VECTOR('',#52410,1.0000000000000000E+00);
#52430=LINE('',#52400,#52420);
#52440=EDGE_CURVE('',#20650,#26430,#52430,.T.);
#52450=ORIENTED_EDGE('',*,*,#52440,.F.);
#52460=ORIENTED_EDGE('',*,*,#26460,.F.);
#52470=EDGE_LOOP('',(#52460,#52450,#52390,#52380,#52370,#52360));
#52480=FACE_OUTER_BOUND('',#52470,.T.);
#52490=ADVANCED_FACE('',(#52480),#52350,.F.);
#52500=COLOUR_RGB('',5.0196081399917603E-01,1.0000000000000000E+00,
   5.0196081399917603E-01);
#52510=FILL_AREA_STYLE_COLOUR('',#52500);
#52520=FILL_AREA_STYLE('',(#52510));
#52530=SURFACE_STYLE_FILL_AREA(#52520);
#52540=SURFACE_SIDE_STYLE('',(#52530));
#52550=SURFACE_STYLE_USAGE(.BOTH.,#52540);
#52560=PRESENTATION_STYLE_ASSIGNMENT((#52550));
#52570=CARTESIAN_POINT('',(-3.4617870503397079E+01,
   2.4921376124790601E+01,9.6999999999999993E+00));
#52580=DIRECTION('',(0.0000000000000000E+00,0.0000000000000000E+00,
   1.0000000000000000E+00));
#52590=DIRECTION('',(1.0000000000000000E+00,0.0000000000000000E+00,
   0.0000000000000000E+00));
#52600=AXIS2_PLACEMENT_3D('',#52570,#52580,#52590);
#52610=CYLINDRICAL_SURFACE('',#52600,4.9999999999998912E-01);
#52620=ORIENTED_EDGE('',*,*,#26550,.T.);
#52630=ORIENTED_EDGE('',*,*,#52440,.T.);
#52640=ORIENTED_EDGE('',*,*,#20660,.T.);
#52650=CARTESIAN_POINT('',(-3.4617870503397079E+01,
   2.5421376124790594E+01,9.6999999999999993E+00));
#52660=DIRECTION('',(0.0000000000000000E+00,0.0000000000000000E+00,
   1.0000000000000000E+00));
#52670=VECTOR('',#52660,1.0000000000000000E+00);
#52680=LINE('',#52650,#52670);
#52690=EDGE_CURVE('',#20560,#26540,#52680,.T.);
#52700=ORIENTED_EDGE('',*,*,#52690,.F.);
#52710=EDGE_LOOP('',(#52700,#52640,#52630,#52620));
#52720=FACE_OUTER_BOUND('',#52710,.T.);
#52730=ADVANCED_FACE('',(#52720),#52610,.F.);
#52740=COLOUR_RGB('',5.0196081399917603E-01,1.0000000000000000E+00,
   5.0196081399917603E-01);
#52750=FILL_AREA_STYLE_COLOUR('',#52740);
#52760=FILL_AREA_STYLE('',(#52750));
#52770=SURFACE_STYLE_FILL_AREA(#52760);
#52780=SURFACE_SIDE_STYLE('',(#52770));
#52790=SURFACE_STYLE_USAGE(.BOTH.,#52780);
#52800=PRESENTATION_STYLE_ASSIGNMENT((#52790));
#52810=CARTESIAN_POINT('',(-3.4644041692111067E+01,
   2.5421376124790601E+01,9.6999999999999993E+00));
#52820=DIRECTION('',(-0.0000000000000000E+00,1.0000000000000000E+00,
   0.0000000000000000E+00));
#52830=DIRECTION('',(1.0000000000000000E+00,0.0000000000000000E+00,
   0.0000000000000000E+00));
#52840=AXIS2_PLACEMENT_3D('',#52810,#52820,#52830);
#52850=PLANE('',#52840);
#52860=CARTESIAN_POINT('',(-3.4997595082704343E+01,
   2.5421376124790601E+01,1.1499999999999998E+01));
#52870=DIRECTION('',(0.0000000000000000E+00,-1.0000000000000000E+00,
   0.0000000000000000E+00));
#52880=DIRECTION('',(1.0000000000000000E+00,0.0000000000000000E+00,
   0.0000000000000000E+00));
#52890=AXIS2_PLACEMENT_3D('',#52860,#52870,#52880);
#52900=CIRCLE('',#52890,5.0000000000000400E-01);
#52910=CARTESIAN_POINT('',(-3.4955488301517804E+01,
   2.5421376124790601E+01,1.1998223864320158E+01));
#52920=VERTEX_POINT('',#52910);
#52930=EDGE_CURVE('',#26620,#52920,#52900,.T.);
#52940=ORIENTED_EDGE('',*,*,#52930,.T.);
#52950=ORIENTED_EDGE('',*,*,#26630,.F.);
#52960=ORIENTED_EDGE('',*,*,#52690,.T.);
#52970=ORIENTED_EDGE('',*,*,#20570,.F.);
#52980=ORIENTED_EDGE('',*,*,#10020,.T.);
#52990=CARTESIAN_POINT('',(-3.4955488301517804E+01,
   2.5421376124790601E+01,7.0000000000000000E+00));
#53000=DIRECTION('',(0.0000000000000000E+00,0.0000000000000000E+00,
   1.0000000000000000E+00));
#53010=VECTOR('',#53000,1.0000000000000000E+00);
#53020=LINE('',#52990,#53010);
#53030=EDGE_CURVE('',#9940,#52920,#53020,.T.);
#53040=ORIENTED_EDGE('',*,*,#53030,.F.);
#53050=EDGE_LOOP('',(#53040,#52980,#52970,#52960,#52950,#52940));
#53060=FACE_OUTER_BOUND('',#53050,.T.);
#53070=ADVANCED_FACE('',(#53060),#52850,.F.);
#53080=COLOUR_RGB('',5.0196081399917603E-01,1.0000000000000000E+00,
   5.0196081399917603E-01);
#53090=FILL_AREA_STYLE_COLOUR('',#53080);
#53100=FILL_AREA_STYLE('',(#53090));
#53110=SURFACE_STYLE_FILL_AREA(#53100);
#53120=SURFACE_SIDE_STYLE('',(#53110));
#53130=SURFACE_STYLE_USAGE(.BOTH.,#53120);
#53140=PRESENTATION_STYLE_ASSIGNMENT((#53130));
#53150=CARTESIAN_POINT('',(-3.3520488301517801E+01,
   2.2071376124790600E+01,1.0500000000000000E+01));
#53160=DIRECTION('',(-0.0000000000000000E+00,-1.0000000000000000E+00,
   -0.0000000000000000E+00));
#53170=DIRECTION('',(-1.0000000000000000E+00,0.0000000000000000E+00,
   0.0000000000000000E+00));
#53180=AXIS2_PLACEMENT_3D('',#53150,#53160,#53170);
#53190=PLANE('',#53180);
#53200=ORIENTED_EDGE('',*,*,#51290,.F.);
#53210=CARTESIAN_POINT('',(-3.3520488301517801E+01,
   2.2071376124790600E+01,1.0500000000000000E+01));
#53220=DIRECTION('',(0.0000000000000000E+00,0.0000000000000000E+00,
   1.0000000000000000E+00));
#53230=VECTOR('',#53220,1.0000000000000000E+00);
#53240=LINE('',#53210,#53230);
#53250=EDGE_CURVE('',#51200,#52040,#53240,.T.);
#53260=ORIENTED_EDGE('',*,*,#53250,.F.);
#53270=ORIENTED_EDGE('',*,*,#52050,.T.);
#53280=CARTESIAN_POINT('',(-3.3805488301517805E+01,
   2.2071376124790600E+01,1.0500000000000000E+01));
#53290=DIRECTION('',(0.0000000000000000E+00,0.0000000000000000E+00,
   1.0000000000000000E+00));
#53300=VECTOR('',#53290,1.0000000000000000E+00);
#53310=LINE('',#53280,#53300);
#53320=EDGE_CURVE('',#51280,#51960,#53310,.T.);
#53330=ORIENTED_EDGE('',*,*,#53320,.T.);
#53340=EDGE_LOOP('',(#53330,#53270,#53260,#53200));
#53350=FACE_OUTER_BOUND('',#53340,.T.);
#53360=ADVANCED_FACE('',(#53350),#53190,.F.);
#53370=COLOUR_RGB('',5.0196081399917603E-01,1.0000000000000000E+00,
   5.0196081399917603E-01);
#53380=FILL_AREA_STYLE_COLOUR('',#53370);
#53390=FILL_AREA_STYLE('',(#53380));
#53400=SURFACE_STYLE_FILL_AREA(#53390);
#53410=SURFACE_SIDE_STYLE('',(#53400));
#53420=SURFACE_STYLE_USAGE(.BOTH.,#53410);
#53430=PRESENTATION_STYLE_ASSIGNMENT((#53420));
#53440=CARTESIAN_POINT('',(-3.3520488301517801E+01,
   2.2071376124790600E+01,1.0500000000000000E+01));
#53450=DIRECTION('',(1.0000000000000000E+00,0.0000000000000000E+00,
   0.0000000000000000E+00));
#53460=DIRECTION('',(0.0000000000000000E+00,-1.0000000000000000E+00,
   0.0000000000000000E+00));
#53470=AXIS2_PLACEMENT_3D('',#53440,#53450,#53460);
#53480=PLANE('',#53470);
#53490=ORIENTED_EDGE('',*,*,#51210,.T.);
#53500=ORIENTED_EDGE('',*,*,#51740,.T.);
#53510=ORIENTED_EDGE('',*,*,#52110,.F.);
#53520=ORIENTED_EDGE('',*,*,#53250,.T.);
#53530=EDGE_LOOP('',(#53520,#53510,#53500,#53490));
#53540=FACE_OUTER_BOUND('',#53530,.T.);
#53550=ADVANCED_FACE('',(#53540),#53480,.F.);
#53560=COLOUR_RGB('',5.0196081399917603E-01,1.0000000000000000E+00,
   5.0196081399917603E-01);
#53570=FILL_AREA_STYLE_COLOUR('',#53560);
#53580=FILL_AREA_STYLE('',(#53570));
#53590=SURFACE_STYLE_FILL_AREA(#53580);
#53600=SURFACE_SIDE_STYLE('',(#53590));
#53610=SURFACE_STYLE_USAGE(.BOTH.,#53600);
#53620=PRESENTATION_STYLE_ASSIGNMENT((#53610));
#53630=CARTESIAN_POINT('',(0.0000000000000000E+00,0.0000000000000000E+00
   ,7.7999999999999998E+00));
#53640=DIRECTION('',(0.0000000000000000E+00,0.0000000000000000E+00,
   1.0000000000000000E+00));
#53650=DIRECTION('',(1.0000000000000000E+00,0.0000000000000000E+00,
   0.0000000000000000E+00));
#53660=AXIS2_PLACEMENT_3D('',#53630,#53640,#53650);
#53670=PLANE('',#53660);
#53680=ORIENTED_EDGE('',*,*,#39580,.F.);
#53690=ORIENTED_EDGE('',*,*,#25440,.F.);
#53700=ORIENTED_EDGE('',*,*,#45140,.T.);
#53710=ORIENTED_EDGE('',*,*,#38170,.T.);
#53720=ORIENTED_EDGE('',*,*,#37320,.F.);
#53730=ORIENTED_EDGE('',*,*,#30770,.T.);
#53740=EDGE_LOOP('',(#53730,#53720,#53710,#53700,#53690,#53680));
#53750=FACE_OUTER_BOUND('',#53740,.T.);
#53760=ADVANCED_FACE('',(#53750),#53670,.F.);
#53770=COLOUR_RGB('',5.0196081399917603E-01,1.0000000000000000E+00,
   5.0196081399917603E-01);
#53780=FILL_AREA_STYLE_COLOUR('',#53770);
#53790=FILL_AREA_STYLE('',(#53780));
#53800=SURFACE_STYLE_FILL_AREA(#53790);
#53810=SURFACE_SIDE_STYLE('',(#53800));
#53820=SURFACE_STYLE_USAGE(.BOTH.,#53810);
#53830=PRESENTATION_STYLE_ASSIGNMENT((#53820));
#53840=CARTESIAN_POINT('',(-2.9886031253416185E+01,
   2.0321376124790600E+01,9.2269224911855865E+00));
#53850=DIRECTION('',(0.0000000000000000E+00,-1.0000000000000000E+00,
   0.0000000000000000E+00));
#53860=DIRECTION('',(1.0000000000000000E+00,0.0000000000000000E+00,
   0.0000000000000000E+00));
#53870=AXIS2_PLACEMENT_3D('',#53840,#53850,#53860);
#53880=PLANE('',#53870);
#53890=ORIENTED_EDGE('',*,*,#34640,.T.);
#53900=ORIENTED_EDGE('',*,*,#50820,.F.);
#53910=ORIENTED_EDGE('',*,*,#28890,.T.);
#53920=ORIENTED_EDGE('',*,*,#41650,.T.);
#53930=CARTESIAN_POINT('',(-3.1355488301517802E+01,
   2.0321376124790600E+01,7.0000000000000000E+00));
#53940=DIRECTION('',(0.0000000000000000E+00,-1.0000000000000000E+00,
   0.0000000000000000E+00));
#53950=DIRECTION('',(1.0000000000000000E+00,0.0000000000000000E+00,
   0.0000000000000000E+00));
#53960=AXIS2_PLACEMENT_3D('',#53930,#53940,#53950);
#53970=CIRCLE('',#53960,5.5000000000000004E-01);
#53980=EDGE_CURVE('',#41710,#41640,#53970,.T.);
#53990=ORIENTED_EDGE('',*,*,#53980,.T.);
#54000=ORIENTED_EDGE('',*,*,#41720,.T.);
#54010=EDGE_LOOP('',(#54000,#53990,#53920,#53910,#53900,#53890));
#54020=FACE_OUTER_BOUND('',#54010,.T.);
#54030=ADVANCED_FACE('',(#54020),#53880,.T.);
#54040=COLOUR_RGB('',9.4901961088180542E-01,9.4901961088180542E-01,
   1.0000000000000000E+00);
#54050=FILL_AREA_STYLE_COLOUR('',#54040);
#54060=FILL_AREA_STYLE('',(#54050));
#54070=SURFACE_STYLE_FILL_AREA(#54060);
#54080=SURFACE_SIDE_STYLE('',(#54070));
#54090=SURFACE_STYLE_USAGE(.BOTH.,#54080);
#54100=PRESENTATION_STYLE_ASSIGNMENT((#54090));
#54110=CARTESIAN_POINT('',(-3.2116515403736514E+01,
   2.8001376124790593E+01,1.2793998150950651E+01));
#54120=VERTEX_POINT('',#54110);
#54130=EDGE_CURVE('',#50300,#54120,#50260,.T.);
#54140=ORIENTED_EDGE('',*,*,#54130,.F.);
#54150=CARTESIAN_POINT('',(-3.2116515403736514E+01,
   2.7145319094080318E+01,1.2793998150950651E+01));
#54160=DIRECTION('',(0.0000000000000000E+00,1.0000000000000000E+00,
   0.0000000000000000E+00));
#54170=VECTOR('',#54160,1.0000000000000000E+00);
#54180=LINE('',#54150,#54170);
#54190=CARTESIAN_POINT('',(-3.2116515403736514E+01,
   2.8601376124790601E+01,1.2793998150950651E+01));
#54200=VERTEX_POINT('',#54190);
#54210=EDGE_CURVE('',#54120,#54200,#54180,.T.);
#54220=ORIENTED_EDGE('',*,*,#54210,.F.);
#54230=EDGE_CURVE('',#54200,#50380,#50440,.T.);
#54240=ORIENTED_EDGE('',*,*,#54230,.F.);
#54250=ORIENTED_EDGE('',*,*,#50390,.F.);
#54260=EDGE_LOOP('',(#54250,#54240,#54220,#54140));
#54270=FACE_OUTER_BOUND('',#54260,.T.);
#54280=ADVANCED_FACE('',(#54270),#50220,.T.);
#54290=COLOUR_RGB('',9.4901967048645020E-01,9.4901967048645020E-01,
   1.0000000000000000E+00);
#54300=FILL_AREA_STYLE_COLOUR('',#54290);
#54310=FILL_AREA_STYLE('',(#54300));
#54320=SURFACE_STYLE_FILL_AREA(#54310);
#54330=SURFACE_SIDE_STYLE('',(#54320));
#54340=SURFACE_STYLE_USAGE(.BOTH.,#54330);
#54350=PRESENTATION_STYLE_ASSIGNMENT((#54340));
#54360=CARTESIAN_POINT('',(-3.4997595082704343E+01,
   2.2071376124790600E+01,1.1499999999999998E+01));
#54370=DIRECTION('',(0.0000000000000000E+00,-1.0000000000000000E+00,
   0.0000000000000000E+00));
#54380=DIRECTION('',(1.0000000000000000E+00,0.0000000000000000E+00,
   0.0000000000000000E+00));
#54390=AXIS2_PLACEMENT_3D('',#54360,#54370,#54380);
#54400=CYLINDRICAL_SURFACE('',#54390,5.0000000000000400E-01);
#54410=ORIENTED_EDGE('',*,*,#52930,.F.);
#54420=CARTESIAN_POINT('',(-3.4955488301517804E+01,
   2.2071376124790600E+01,1.1998223864320158E+01));
#54430=DIRECTION('',(0.0000000000000000E+00,-1.0000000000000000E+00,
   0.0000000000000000E+00));
#54440=VECTOR('',#54430,1.0000000000000000E+00);
#54450=LINE('',#54420,#54440);
#54460=CARTESIAN_POINT('',(-3.4955488301517804E+01,
   2.0921376124790594E+01,1.1998223864320158E+01));
#54470=VERTEX_POINT('',#54460);
#54480=EDGE_CURVE('',#52920,#54470,#54450,.T.);
#54490=ORIENTED_EDGE('',*,*,#54480,.F.);
#54500=CARTESIAN_POINT('',(-3.4997595082704343E+01,
   2.0879269343604062E+01,1.1500000000000000E+01));
#54510=DIRECTION('',(7.0710678118654535E-01,-7.0710678118654968E-01,
   0.0000000000000000E+00));
#54520=DIRECTION('',(-7.0710678118654968E-01,-7.0710678118654535E-01,
   0.0000000000000000E+00));
#54530=AXIS2_PLACEMENT_3D('',#54500,#54510,#54520);
#54540=ELLIPSE('',#54530,7.0710678118655101E-01,5.0000000000000400E-01);
#54550=EDGE_CURVE('',#26700,#54470,#54540,.T.);
#54560=ORIENTED_EDGE('',*,*,#54550,.T.);
#54570=ORIENTED_EDGE('',*,*,#26710,.T.);
#54580=EDGE_LOOP('',(#54570,#54560,#54490,#54410));
#54590=FACE_OUTER_BOUND('',#54580,.T.);
#54600=ADVANCED_FACE('',(#54590),#54400,.F.);
#54610=COLOUR_RGB('',5.0196081399917603E-01,1.0000000000000000E+00,
   5.0196081399917603E-01);
#54620=FILL_AREA_STYLE_COLOUR('',#54610);
#54630=FILL_AREA_STYLE('',(#54620));
#54640=SURFACE_STYLE_FILL_AREA(#54630);
#54650=SURFACE_SIDE_STYLE('',(#54640));
#54660=SURFACE_STYLE_USAGE(.BOTH.,#54650);
#54670=PRESENTATION_STYLE_ASSIGNMENT((#54660));
#54680=CARTESIAN_POINT('',(-3.4997595082704343E+01,
   2.2071376124790600E+01,1.4999999999999998E+01));
#54690=DIRECTION('',(0.0000000000000000E+00,-1.0000000000000000E+00,
   0.0000000000000000E+00));
#54700=DIRECTION('',(1.0000000000000000E+00,0.0000000000000000E+00,
   0.0000000000000000E+00));
#54710=AXIS2_PLACEMENT_3D('',#54680,#54690,#54700);
#54720=CYLINDRICAL_SURFACE('',#54710,5.0000000000000400E-01);
#54730=CARTESIAN_POINT('',(-3.4997595082704343E+01,
   2.5421376124790601E+01,1.4999999999999998E+01));
#54740=DIRECTION('',(0.0000000000000000E+00,-1.0000000000000000E+00,
   0.0000000000000000E+00));
#54750=DIRECTION('',(1.0000000000000000E+00,0.0000000000000000E+00,
   0.0000000000000000E+00));
#54760=AXIS2_PLACEMENT_3D('',#54730,#54740,#54750);
#54770=CIRCLE('',#54760,5.0000000000000400E-01);
#54780=CARTESIAN_POINT('',(-3.4644041692111067E+01,
   2.5421376124790601E+01,1.5353553390593275E+01));
#54790=VERTEX_POINT('',#54780);
#54800=CARTESIAN_POINT('',(-3.4955488301517804E+01,
   2.5421376124790601E+01,1.5498223864320158E+01));
#54810=VERTEX_POINT('',#54800);
#54820=EDGE_CURVE('',#54790,#54810,#54770,.T.);
#54830=ORIENTED_EDGE('',*,*,#54820,.F.);
#54840=CARTESIAN_POINT('',(-3.4955488301517804E+01,
   2.2071376124790600E+01,1.5498223864320158E+01));
#54850=DIRECTION('',(0.0000000000000000E+00,-1.0000000000000000E+00,
   0.0000000000000000E+00));
#54860=VECTOR('',#54850,1.0000000000000000E+00);
#54870=LINE('',#54840,#54860);
#54880=CARTESIAN_POINT('',(-3.4955488301517804E+01,
   2.0921376124790594E+01,1.5498223864320158E+01));
#54890=VERTEX_POINT('',#54880);
#54900=EDGE_CURVE('',#54810,#54890,#54870,.T.);
#54910=ORIENTED_EDGE('',*,*,#54900,.F.);
#54920=CARTESIAN_POINT('',(-3.4997595082704343E+01,
   2.0879269343604062E+01,1.5000000000000000E+01));
#54930=DIRECTION('',(7.0710678118654535E-01,-7.0710678118654968E-01,
   0.0000000000000000E+00));
#54940=DIRECTION('',(-7.0710678118654968E-01,-7.0710678118654535E-01,
   0.0000000000000000E+00));
#54950=AXIS2_PLACEMENT_3D('',#54920,#54930,#54940);
#54960=ELLIPSE('',#54950,7.0710678118655101E-01,5.0000000000000400E-01);
#54970=CARTESIAN_POINT('',(-3.4644041692111067E+01,
   2.1232822734197338E+01,1.5353553390593275E+01));
#54980=VERTEX_POINT('',#54970);
#54990=EDGE_CURVE('',#54980,#54890,#54960,.T.);
#55000=ORIENTED_EDGE('',*,*,#54990,.T.);
#55010=CARTESIAN_POINT('',(-3.4644041692111067E+01,
   0.0000000000000000E+00,1.5353553390593270E+01));
#55020=DIRECTION('',(0.0000000000000000E+00,-1.0000000000000000E+00,
   0.0000000000000000E+00));
#55030=VECTOR('',#55020,1.0000000000000000E+00);
#55040=LINE('',#55010,#55030);
#55050=EDGE_CURVE('',#54790,#54980,#55040,.T.);
#55060=ORIENTED_EDGE('',*,*,#55050,.T.);
#55070=EDGE_LOOP('',(#55060,#55000,#54910,#54830));
#55080=FACE_OUTER_BOUND('',#55070,.T.);
#55090=ADVANCED_FACE('',(#55080),#54720,.F.);
#55100=COLOUR_RGB('',5.0196081399917603E-01,1.0000000000000000E+00,
   5.0196081399917603E-01);
#55110=FILL_AREA_STYLE_COLOUR('',#55100);
#55120=FILL_AREA_STYLE('',(#55110));
#55130=SURFACE_STYLE_FILL_AREA(#55120);
#55140=SURFACE_SIDE_STYLE('',(#55130));
#55150=SURFACE_STYLE_USAGE(.BOTH.,#55140);
#55160=PRESENTATION_STYLE_ASSIGNMENT((#55150));
#55170=CARTESIAN_POINT('',(-3.4090488301517780E+01,
   2.1786376124790618E+01,9.6999999999999993E+00));
#55180=DIRECTION('',(7.0710678118654535E-01,-7.0710678118654968E-01,
   0.0000000000000000E+00));
#55190=DIRECTION('',(-7.0710678118654968E-01,-7.0710678118654535E-01,
   0.0000000000000000E+00));
#55200=AXIS2_PLACEMENT_3D('',#55170,#55180,#55190);
#55210=PLANE('',#55200);
#55220=ORIENTED_EDGE('',*,*,#54550,.F.);
#55230=CARTESIAN_POINT('',(-3.4955488301517804E+01,
   2.0921376124790608E+01,7.0000000000000000E+00));
#55240=DIRECTION('',(0.0000000000000000E+00,0.0000000000000000E+00,
   1.0000000000000000E+00));
#55250=VECTOR('',#55240,1.0000000000000000E+00);
#55260=LINE('',#55230,#55250);
#55270=EDGE_CURVE('',#9860,#54470,#55260,.T.);
#55280=ORIENTED_EDGE('',*,*,#55270,.T.);
#55290=ORIENTED_EDGE('',*,*,#9870,.F.);
#55300=ORIENTED_EDGE('',*,*,#20880,.F.);
#55310=ORIENTED_EDGE('',*,*,#51350,.F.);
#55320=ORIENTED_EDGE('',*,*,#53320,.F.);
#55330=ORIENTED_EDGE('',*,*,#51970,.T.);
#55340=ORIENTED_EDGE('',*,*,#26790,.F.);
#55350=EDGE_LOOP('',(#55340,#55330,#55320,#55310,#55300,#55290,#55280,
   #55220));
#55360=FACE_OUTER_BOUND('',#55350,.T.);
#55370=ADVANCED_FACE('',(#55360),#55210,.F.);
#55380=COLOUR_RGB('',5.0196081399917603E-01,1.0000000000000000E+00,
   5.0196081399917603E-01);
#55390=FILL_AREA_STYLE_COLOUR('',#55380);
#55400=FILL_AREA_STYLE('',(#55390));
#55410=SURFACE_STYLE_FILL_AREA(#55400);
#55420=SURFACE_SIDE_STYLE('',(#55410));
#55430=SURFACE_STYLE_USAGE(.BOTH.,#55420);
#55440=PRESENTATION_STYLE_ASSIGNMENT((#55430));
#55450=CARTESIAN_POINT('',(-3.4090488301517794E+01,
   2.2071376124790600E+01,1.4799999999999995E+01));
#55460=DIRECTION('',(7.0710678118655212E-01,-0.0000000000000000E+00,
   7.0710678118654302E-01));
#55470=DIRECTION('',(7.0710678118654302E-01,0.0000000000000000E+00,
   -7.0710678118655212E-01));
#55480=AXIS2_PLACEMENT_3D('',#55450,#55460,#55470);
#55490=PLANE('',#55480);
#55500=CARTESIAN_POINT('',(-2.7422569806281842E+01,
   0.0000000000000000E+00,8.1320815047639528E+00));
#55510=DIRECTION('',(2.5056280708574147E-01,-9.3511312653102330E-01,
   -2.5056280708574469E-01));
#55520=VECTOR('',#55510,1.0000000000000000E+00);
#55530=LINE('',#55500,#55520);
#55540=CARTESIAN_POINT('',(-3.4134907590252553E+01,
   2.5050785647341851E+01,1.4844419288734755E+01));
#55550=VERTEX_POINT('',#55540);
#55560=CARTESIAN_POINT('',(-3.4090488301517780E+01,
   2.4885010604947620E+01,1.4800000000000001E+01));
#55570=VERTEX_POINT('',#55560);
#55580=EDGE_CURVE('',#55550,#55570,#55530,.T.);
#55590=ORIENTED_EDGE('',*,*,#55580,.T.);
#55600=CARTESIAN_POINT('',(-3.4617870503397079E+01,
   2.4921376124790601E+01,1.5327382201879287E+01));
#55610=DIRECTION('',(7.0710678118655212E-01,0.0000000000000000E+00,
   7.0710678118654302E-01));
#55620=DIRECTION('',(7.0710678118654302E-01,0.0000000000000000E+00,
   -7.0710678118655212E-01));
#55630=AXIS2_PLACEMENT_3D('',#55600,#55610,#55620);
#55640=ELLIPSE('',#55630,7.0710678118653658E-01,4.9999999999998901E-01);
#55650=CARTESIAN_POINT('',(-3.4617870503397079E+01,
   2.5421376124790594E+01,1.5327382201879287E+01));
#55660=VERTEX_POINT('',#55650);
#55670=EDGE_CURVE('',#55550,#55660,#55640,.T.);
#55680=ORIENTED_EDGE('',*,*,#55670,.F.);
#55690=CARTESIAN_POINT('',(-3.3290488301517811E+01,
   2.5421376124790601E+01,1.4000000000000000E+01));
#55700=DIRECTION('',(7.0710678118654302E-01,0.0000000000000000E+00,
   -7.0710678118655212E-01));
#55710=VECTOR('',#55700,1.0000000000000000E+00);
#55720=LINE('',#55690,#55710);
#55730=EDGE_CURVE('',#54790,#55660,#55720,.T.);
#55740=ORIENTED_EDGE('',*,*,#55730,.T.);
#55750=ORIENTED_EDGE('',*,*,#55050,.F.);
#55760=CARTESIAN_POINT('',(-3.3290488301517804E+01,
   2.2586376124790586E+01,1.4000000000000000E+01));
#55770=DIRECTION('',(-5.7735026918962440E-01,-5.7735026918962096E-01,
   5.7735026918963195E-01));
#55780=VECTOR('',#55770,1.0000000000000000E+00);
#55790=LINE('',#55760,#55780);
#55800=CARTESIAN_POINT('',(-3.4090488301517780E+01,
   2.1786376124790618E+01,1.4800000000000001E+01));
#55810=VERTEX_POINT('',#55800);
#55820=EDGE_CURVE('',#55810,#54980,#55790,.T.);
#55830=ORIENTED_EDGE('',*,*,#55820,.T.);
#55840=CARTESIAN_POINT('',(-3.4090488301517780E+01,
   0.0000000000000000E+00,1.4800000000000001E+01));
#55850=DIRECTION('',(0.0000000000000000E+00,1.0000000000000000E+00,
   0.0000000000000000E+00));
#55860=VECTOR('',#55850,1.0000000000000000E+00);
#55870=LINE('',#55840,#55860);
#55880=EDGE_CURVE('',#55810,#55570,#55870,.T.);
#55890=ORIENTED_EDGE('',*,*,#55880,.F.);
#55900=EDGE_LOOP('',(#55890,#55830,#55750,#55740,#55680,#55590));
#55910=FACE_OUTER_BOUND('',#55900,.T.);
#55920=ADVANCED_FACE('',(#55910),#55490,.F.);
#55930=COLOUR_RGB('',5.0196081399917603E-01,1.0000000000000000E+00,
   5.0196081399917603E-01);
#55940=FILL_AREA_STYLE_COLOUR('',#55930);
#55950=FILL_AREA_STYLE('',(#55940));
#55960=SURFACE_STYLE_FILL_AREA(#55950);
#55970=SURFACE_SIDE_STYLE('',(#55960));
#55980=SURFACE_STYLE_USAGE(.BOTH.,#55970);
#55990=PRESENTATION_STYLE_ASSIGNMENT((#55980));
#56000=CARTESIAN_POINT('',(-3.1405488301517799E+01,
   2.8561376124790595E+01,7.0000000000000000E+00));
#56010=DIRECTION('',(0.0000000000000000E+00,-1.0000000000000000E+00,
   0.0000000000000000E+00));
#56020=DIRECTION('',(-1.0000000000000000E+00,0.0000000000000000E+00,
   0.0000000000000000E+00));
#56030=AXIS2_PLACEMENT_3D('',#56000,#56010,#56020);
#56040=CYLINDRICAL_SURFACE('',#56030,1.4499999999999993E+00);
#56050=CARTESIAN_POINT('',(-3.2855488301517795E+01,
   2.8561376124790595E+01,7.0000000000000000E+00));
#56060=DIRECTION('',(0.0000000000000000E+00,-1.0000000000000000E+00,
   0.0000000000000000E+00));
#56070=VECTOR('',#56060,1.0000000000000000E+00);
#56080=LINE('',#56050,#56070);
#56090=CARTESIAN_POINT('',(-3.2855488301517795E+01,
   2.9321376124790600E+01,7.0000000000000000E+00));
#56100=VERTEX_POINT('',#56090);
#56110=EDGE_CURVE('',#56100,#44230,#56080,.T.);
#56120=ORIENTED_EDGE('',*,*,#56110,.F.);
#56130=ORIENTED_EDGE('',*,*,#44280,.T.);
#56140=CARTESIAN_POINT('',(-2.9955488301517800E+01,
   2.8561376124790595E+01,7.0000000000000000E+00));
#56150=DIRECTION('',(0.0000000000000000E+00,-1.0000000000000000E+00,
   0.0000000000000000E+00));
#56160=VECTOR('',#56150,1.0000000000000000E+00);
#56170=LINE('',#56140,#56160);
#56180=CARTESIAN_POINT('',(-2.9955488301517800E+01,
   2.9321376124790600E+01,7.0000000000000000E+00));
#56190=VERTEX_POINT('',#56180);
#56200=EDGE_CURVE('',#56190,#44250,#56170,.T.);
#56210=ORIENTED_EDGE('',*,*,#56200,.T.);
#56220=CARTESIAN_POINT('',(-3.1405488301517799E+01,
   2.9321376124790600E+01,7.0000000000000018E+00));
#56230=DIRECTION('',(0.0000000000000000E+00,-1.0000000000000000E+00,
   0.0000000000000000E+00));
#56240=DIRECTION('',(-1.0000000000000000E+00,0.0000000000000000E+00,
   0.0000000000000000E+00));
#56250=AXIS2_PLACEMENT_3D('',#56220,#56230,#56240);
#56260=CIRCLE('',#56250,1.4499999999999993E+00);
#56270=EDGE_CURVE('',#56190,#56100,#56260,.T.);
#56280=ORIENTED_EDGE('',*,*,#56270,.F.);
#56290=EDGE_LOOP('',(#56280,#56210,#56130,#56120));
#56300=FACE_OUTER_BOUND('',#56290,.T.);
#56310=ADVANCED_FACE('',(#56300),#56040,.F.);
#56320=COLOUR_RGB('',5.0196081399917603E-01,1.0000000000000000E+00,
   5.0196081399917603E-01);
#56330=FILL_AREA_STYLE_COLOUR('',#56320);
#56340=FILL_AREA_STYLE('',(#56330));
#56350=SURFACE_STYLE_FILL_AREA(#56340);
#56360=SURFACE_SIDE_STYLE('',(#56350));
#56370=SURFACE_STYLE_USAGE(.BOTH.,#56360);
#56380=PRESENTATION_STYLE_ASSIGNMENT((#56370));
#56390=CARTESIAN_POINT('',(-3.1652975674933074E+01,
   2.8601376124790594E+01,7.2474873734152823E+00));
#56400=DIRECTION('',(7.0710678118654746E-01,0.0000000000000000E+00,
   -7.0710678118654757E-01));
#56410=DIRECTION('',(0.0000000000000000E+00,-1.0000000000000000E+00,
   0.0000000000000000E+00));
#56420=AXIS2_PLACEMENT_3D('',#56390,#56400,#56410);
#56430=PLANE('',#56420);
#56440=ORIENTED_EDGE('',*,*,#33400,.T.);
#56450=CARTESIAN_POINT('',(-8.4502159542249785E+01,
   2.8001376124790593E+01,-4.5601696493901422E+01));
#56460=DIRECTION('',(7.0710678118654757E-01,0.0000000000000000E+00,
   7.0710678118654746E-01));
#56470=VECTOR('',#56460,1.0000000000000000E+00);
#56480=LINE('',#56450,#56470);
#56490=CARTESIAN_POINT('',(-3.1350485798849824E+01,
   2.8001376124790593E+01,7.5499772494995199E+00));
#56500=VERTEX_POINT('',#56490);
#56510=EDGE_CURVE('',#18240,#56500,#56480,.T.);
#56520=ORIENTED_EDGE('',*,*,#56510,.F.);
#56530=CARTESIAN_POINT('',(-3.1350485798848844E+01,
   3.9321376124790604E+01,7.5499772494995110E+00));
#56540=DIRECTION('',(0.0000000000000000E+00,-1.0000000000000000E+00,
   0.0000000000000000E+00));
#56550=VECTOR('',#56540,1.0000000000000000E+00);
#56560=LINE('',#56530,#56550);
#56570=CARTESIAN_POINT('',(-3.1350485798850627E+01,
   2.8601376124790601E+01,7.5499772494995270E+00));
#56580=VERTEX_POINT('',#56570);
#56590=EDGE_CURVE('',#56580,#56500,#56560,.T.);
#56600=ORIENTED_EDGE('',*,*,#56590,.T.);
#56610=CARTESIAN_POINT('',(-8.4502159542249785E+01,
   2.8601376124790601E+01,-4.5601696493901422E+01));
#56620=DIRECTION('',(-7.0710678118654757E-01,0.0000000000000000E+00,
   -7.0710678118654746E-01));
#56630=VECTOR('',#56620,1.0000000000000000E+00);
#56640=LINE('',#56610,#56630);
#56650=EDGE_CURVE('',#56580,#33390,#56640,.T.);
#56660=ORIENTED_EDGE('',*,*,#56650,.F.);
#56670=EDGE_LOOP('',(#56660,#56600,#56520,#56440));
#56680=FACE_OUTER_BOUND('',#56670,.T.);
#56690=ADVANCED_FACE('',(#56680),#56430,.T.);
#56700=COLOUR_RGB('',9.4901967048645020E-01,9.4901967048645020E-01,
   1.0000000000000000E+00);
#56710=FILL_AREA_STYLE_COLOUR('',#56700);
#56720=FILL_AREA_STYLE('',(#56710));
#56730=SURFACE_STYLE_FILL_AREA(#56720);
#56740=SURFACE_SIDE_STYLE('',(#56730));
#56750=SURFACE_STYLE_USAGE(.BOTH.,#56740);
#56760=PRESENTATION_STYLE_ASSIGNMENT((#56750));
#56770=CARTESIAN_POINT('',(-3.0694461199299042E+01,
   2.8001376124790593E+01,8.2060018490493150E+00));
#56780=VERTEX_POINT('',#56770);
#56790=EDGE_CURVE('',#56500,#56780,#56480,.T.);
#56800=ORIENTED_EDGE('',*,*,#56790,.F.);
#56810=CARTESIAN_POINT('',(-3.0694461199299035E+01,
   2.7145319094080318E+01,8.2060018490493256E+00));
#56820=DIRECTION('',(0.0000000000000000E+00,1.0000000000000000E+00,
   0.0000000000000000E+00));
#56830=VECTOR('',#56820,1.0000000000000000E+00);
#56840=LINE('',#56810,#56830);
#56850=CARTESIAN_POINT('',(-3.0694461199299035E+01,
   2.8601376124790601E+01,8.2060018490493256E+00));
#56860=VERTEX_POINT('',#56850);
#56870=EDGE_CURVE('',#56780,#56860,#56840,.T.);
#56880=ORIENTED_EDGE('',*,*,#56870,.F.);
#56890=EDGE_CURVE('',#56860,#56580,#56640,.T.);
#56900=ORIENTED_EDGE('',*,*,#56890,.F.);
#56910=ORIENTED_EDGE('',*,*,#56590,.F.);
#56920=EDGE_LOOP('',(#56910,#56900,#56880,#56800));
#56930=FACE_OUTER_BOUND('',#56920,.T.);
#56940=ADVANCED_FACE('',(#56930),#56430,.T.);
#56950=COLOUR_RGB('',9.4901967048645020E-01,9.4901967048645020E-01,
   1.0000000000000000E+00);
#56960=FILL_AREA_STYLE_COLOUR('',#56950);
#56970=FILL_AREA_STYLE('',(#56960));
#56980=SURFACE_STYLE_FILL_AREA(#56970);
#56990=SURFACE_SIDE_STYLE('',(#56980));
#57000=SURFACE_STYLE_USAGE(.BOTH.,#56990);
#57010=PRESENTATION_STYLE_ASSIGNMENT((#57000));
#57020=CARTESIAN_POINT('',(-3.1355488301517802E+01,
   2.8601376124790601E+01,1.0500000000000000E+01));
#57030=DIRECTION('',(0.0000000000000000E+00,-1.0000000000000000E+00,
   0.0000000000000000E+00));
#57040=DIRECTION('',(1.0000000000000000E+00,0.0000000000000000E+00,
   0.0000000000000000E+00));
#57050=AXIS2_PLACEMENT_3D('',#57020,#57030,#57040);
#57060=CIRCLE('',#57050,5.5000000000000004E-01);
#57070=CARTESIAN_POINT('',(-3.0805488301517805E+01,
   2.8601376124790601E+01,1.0500000000000000E+01));
#57080=VERTEX_POINT('',#57070);
#57090=EDGE_CURVE('',#27680,#57080,#57060,.T.);
#57100=ORIENTED_EDGE('',*,*,#57090,.F.);
#57110=CARTESIAN_POINT('',(-8.4502159542249785E+01,
   2.8601376124790601E+01,1.0500000000000000E+01));
#57120=DIRECTION('',(-1.0000000000000000E+00,0.0000000000000000E+00,
   0.0000000000000000E+00));
#57130=VECTOR('',#57120,1.0000000000000000E+00);
#57140=LINE('',#57110,#57130);
#57150=EDGE_CURVE('',#57080,#49290,#57140,.T.);
#57160=ORIENTED_EDGE('',*,*,#57150,.F.);
#57170=ORIENTED_EDGE('',*,*,#49300,.T.);
#57180=EDGE_LOOP('',(#57170,#57160,#57100));
#57190=FACE_OUTER_BOUND('',#57180,.T.);
#57200=ADVANCED_FACE('',(#57190),#48110,.T.);
#57210=COLOUR_RGB('',9.4901967048645020E-01,9.4901967048645020E-01,
   1.0000000000000000E+00);
#57220=FILL_AREA_STYLE_COLOUR('',#57210);
#57230=FILL_AREA_STYLE('',(#57220));
#57240=SURFACE_STYLE_FILL_AREA(#57230);
#57250=SURFACE_SIDE_STYLE('',(#57240));
#57260=SURFACE_STYLE_USAGE(.BOTH.,#57250);
#57270=PRESENTATION_STYLE_ASSIGNMENT((#57260));
#57280=CARTESIAN_POINT('',(-3.1405488301517792E+01,
   2.7145319094080318E+01,7.0000000000000000E+00));
#57290=DIRECTION('',(0.0000000000000000E+00,1.0000000000000000E+00,
   0.0000000000000000E+00));
#57300=DIRECTION('',(-1.0000000000000000E+00,0.0000000000000000E+00,
   0.0000000000000000E+00));
#57310=AXIS2_PLACEMENT_3D('',#57280,#57290,#57300);
#57320=CYLINDRICAL_SURFACE('',#57310,1.3999999999999999E+00);
#57330=CARTESIAN_POINT('',(-3.0005488301517794E+01,
   2.7145319094080318E+01,7.0000000000000000E+00));
#57340=DIRECTION('',(0.0000000000000000E+00,1.0000000000000000E+00,
   0.0000000000000000E+00));
#57350=VECTOR('',#57340,1.0000000000000000E+00);
#57360=LINE('',#57330,#57350);
#57370=EDGE_CURVE('',#44100,#42720,#57360,.T.);
#57380=ORIENTED_EDGE('',*,*,#57370,.F.);
#57390=ORIENTED_EDGE('',*,*,#42730,.F.);
#57400=ORIENTED_EDGE('',*,*,#22840,.T.);
#57410=ORIENTED_EDGE('',*,*,#43190,.F.);
#57420=ORIENTED_EDGE('',*,*,#36550,.F.);
#57430=CARTESIAN_POINT('',(-3.1405488301517792E+01,
   2.8601376124790601E+01,7.0000000000000000E+00));
#57440=DIRECTION('',(0.0000000000000000E+00,1.0000000000000000E+00,
   0.0000000000000000E+00));
#57450=DIRECTION('',(-1.0000000000000000E+00,0.0000000000000000E+00,
   0.0000000000000000E+00));
#57460=AXIS2_PLACEMENT_3D('',#57430,#57440,#57450);
#57470=CIRCLE('',#57460,1.3999999999999999E+00);
#57480=CARTESIAN_POINT('',(-3.2805488301517791E+01,
   2.8601376124790601E+01,7.0000000000000000E+00));
#57490=VERTEX_POINT('',#57480);
#57500=EDGE_CURVE('',#36480,#57490,#57470,.T.);
#57510=ORIENTED_EDGE('',*,*,#57500,.F.);
#57520=CARTESIAN_POINT('',(-3.2805488301517791E+01,
   2.7145319094080318E+01,7.0000000000000000E+00));
#57530=DIRECTION('',(0.0000000000000000E+00,1.0000000000000000E+00,
   0.0000000000000000E+00));
#57540=VECTOR('',#57530,1.0000000000000000E+00);
#57550=LINE('',#57520,#57540);
#57560=EDGE_CURVE('',#44080,#57490,#57550,.T.);
#57570=ORIENTED_EDGE('',*,*,#57560,.T.);
#57580=ORIENTED_EDGE('',*,*,#44130,.T.);
#57590=EDGE_LOOP('',(#57580,#57570,#57510,#57420,#57410,#57400,#57390,
   #57380));
#57600=FACE_OUTER_BOUND('',#57590,.T.);
#57610=ADVANCED_FACE('',(#57600),#57320,.T.);
#57620=COLOUR_RGB('',9.4901967048645020E-01,9.4901967048645020E-01,
   1.0000000000000000E+00);
#57630=FILL_AREA_STYLE_COLOUR('',#57620);
#57640=FILL_AREA_STYLE('',(#57630));
#57650=SURFACE_STYLE_FILL_AREA(#57640);
#57660=SURFACE_SIDE_STYLE('',(#57650));
#57670=SURFACE_STYLE_USAGE(.BOTH.,#57660);
#57680=PRESENTATION_STYLE_ASSIGNMENT((#57670));
#57690=CARTESIAN_POINT('',(-3.2074229385564998E+01,
   2.8601376124790601E+01,7.6687410840472054E+00));
#57700=DIRECTION('',(0.0000000000000000E+00,1.0000000000000000E+00,
   0.0000000000000000E+00));
#57710=DIRECTION('',(7.0710678118654746E-01,0.0000000000000000E+00,
   -7.0710678118654757E-01));
#57720=AXIS2_PLACEMENT_3D('',#57690,#57700,#57710);
#57730=PLANE('',#57720);
#57740=ORIENTED_EDGE('',*,*,#56890,.T.);
#57750=EDGE_CURVE('',#57490,#56860,#57470,.T.);
#57760=ORIENTED_EDGE('',*,*,#57750,.T.);
#57770=ORIENTED_EDGE('',*,*,#57500,.T.);
#57780=ORIENTED_EDGE('',*,*,#36490,.T.);
#57790=ORIENTED_EDGE('',*,*,#33780,.T.);
#57800=CARTESIAN_POINT('',(-3.1355488301517802E+01,
   2.8601376124790601E+01,7.0000000000000000E+00));
#57810=DIRECTION('',(0.0000000000000000E+00,-1.0000000000000000E+00,
   0.0000000000000000E+00));
#57820=DIRECTION('',(1.0000000000000000E+00,0.0000000000000000E+00,
   0.0000000000000000E+00));
#57830=AXIS2_PLACEMENT_3D('',#57800,#57810,#57820);
#57840=CIRCLE('',#57830,5.5000000000000004E-01);
#57850=EDGE_CURVE('',#56580,#33770,#57840,.T.);
#57860=ORIENTED_EDGE('',*,*,#57850,.T.);
#57870=EDGE_LOOP('',(#57860,#57790,#57780,#57770,#57760,#57740));
#57880=FACE_OUTER_BOUND('',#57870,.T.);
#57890=ADVANCED_FACE('',(#57880),#57730,.T.);
#57900=COLOUR_RGB('',9.4901967048645020E-01,9.4901967048645020E-01,
   1.0000000000000000E+00);
#57910=FILL_AREA_STYLE_COLOUR('',#57900);
#57920=FILL_AREA_STYLE('',(#57910));
#57930=SURFACE_STYLE_FILL_AREA(#57920);
#57940=SURFACE_SIDE_STYLE('',(#57930));
#57950=SURFACE_STYLE_USAGE(.BOTH.,#57940);
#57960=PRESENTATION_STYLE_ASSIGNMENT((#57950));
#57970=CARTESIAN_POINT('',(-3.1158000928102481E+01,
   2.8001376124790593E+01,6.7525126265846822E+00));
#57980=DIRECTION('',(0.0000000000000000E+00,1.0000000000000000E+00,
   0.0000000000000000E+00));
#57990=DIRECTION('',(7.0710678118654746E-01,0.0000000000000000E+00,
   -7.0710678118654757E-01));
#58000=AXIS2_PLACEMENT_3D('',#57970,#57980,#57990);
#58010=PLANE('',#58000);
#58020=CARTESIAN_POINT('',(-8.4502159542249785E+01,
   2.8001376124790593E+01,-4.6591645987562615E+01));
#58030=DIRECTION('',(-7.0710678118654757E-01,0.0000000000000000E+00,
   -7.0710678118654746E-01));
#58040=VECTOR('',#58030,1.0000000000000000E+00);
#58050=LINE('',#58020,#58040);
#58060=CARTESIAN_POINT('',(-3.0199486452468442E+01,
   2.8001376124790593E+01,7.7110271022187193E+00));
#58070=VERTEX_POINT('',#58060);
#58080=CARTESIAN_POINT('',(-3.0814019159546973E+01,
   2.8001376124790593E+01,7.0964943951396995E+00));
#58090=VERTEX_POINT('',#58080);
#58100=EDGE_CURVE('',#58070,#58090,#58050,.T.);
#58110=ORIENTED_EDGE('',*,*,#58100,.T.);
#58120=CARTESIAN_POINT('',(-3.1405488301517792E+01,
   2.8001376124790593E+01,7.0000000000000000E+00));
#58130=DIRECTION('',(0.0000000000000000E+00,1.0000000000000000E+00,
   0.0000000000000000E+00));
#58140=DIRECTION('',(-1.0000000000000000E+00,0.0000000000000000E+00,
   0.0000000000000000E+00));
#58150=AXIS2_PLACEMENT_3D('',#58120,#58130,#58140);
#58160=CIRCLE('',#58150,1.3999999999999999E+00);
#58170=EDGE_CURVE('',#56780,#58070,#58160,.T.);
#58180=ORIENTED_EDGE('',*,*,#58170,.T.);
#58190=ORIENTED_EDGE('',*,*,#56790,.T.);
#58200=CARTESIAN_POINT('',(-3.1355488301517802E+01,
   2.8001376124790593E+01,7.0000000000000000E+00));
#58210=DIRECTION('',(0.0000000000000000E+00,-1.0000000000000000E+00,
   0.0000000000000000E+00));
#58220=DIRECTION('',(1.0000000000000000E+00,0.0000000000000000E+00,
   0.0000000000000000E+00));
#58230=AXIS2_PLACEMENT_3D('',#58200,#58210,#58220);
#58240=CIRCLE('',#58230,5.5000000000000004E-01);
#58250=EDGE_CURVE('',#58090,#56500,#58240,.T.);
#58260=ORIENTED_EDGE('',*,*,#58250,.T.);
#58270=EDGE_LOOP('',(#58260,#58190,#58180,#58110));
#58280=FACE_OUTER_BOUND('',#58270,.T.);
#58290=ADVANCED_FACE('',(#58280),#58010,.T.);
#58300=COLOUR_RGB('',9.4901967048645020E-01,9.4901967048645020E-01,
   1.0000000000000000E+00);
#58310=FILL_AREA_STYLE_COLOUR('',#58300);
#58320=FILL_AREA_STYLE('',(#58310));
#58330=SURFACE_STYLE_FILL_AREA(#58320);
#58340=SURFACE_SIDE_STYLE('',(#58330));
#58350=SURFACE_STYLE_USAGE(.BOTH.,#58340);
#58360=PRESENTATION_STYLE_ASSIGNMENT((#58350));
#58370=ORIENTED_EDGE('',*,*,#58250,.F.);
#58380=ORIENTED_EDGE('',*,*,#56510,.T.);
#58390=ORIENTED_EDGE('',*,*,#18480,.T.);
#58400=EDGE_CURVE('',#58090,#18410,#58050,.T.);
#58410=ORIENTED_EDGE('',*,*,#58400,.T.);
#58420=EDGE_LOOP('',(#58410,#58390,#58380,#58370));
#58430=FACE_OUTER_BOUND('',#58420,.T.);
#58440=ADVANCED_FACE('',(#58430),#58010,.T.);
#58450=COLOUR_RGB('',9.4901967048645020E-01,9.4901967048645020E-01,
   1.0000000000000000E+00);
#58460=FILL_AREA_STYLE_COLOUR('',#58450);
#58470=FILL_AREA_STYLE('',(#58460));
#58480=SURFACE_STYLE_FILL_AREA(#58470);
#58490=SURFACE_SIDE_STYLE('',(#58480));
#58500=SURFACE_STYLE_USAGE(.BOTH.,#58490);
#58510=PRESENTATION_STYLE_ASSIGNMENT((#58500));
#58520=CARTESIAN_POINT('',(-3.1158000928102481E+01,
   2.7601376124790594E+01,6.7525126265846822E+00));
#58530=DIRECTION('',(-7.0710678118654746E-01,0.0000000000000000E+00,
   7.0710678118654757E-01));
#58540=DIRECTION('',(0.0000000000000000E+00,1.0000000000000000E+00,
   0.0000000000000000E+00));
#58550=AXIS2_PLACEMENT_3D('',#58520,#58530,#58540);
#58560=PLANE('',#58550);
#58570=ORIENTED_EDGE('',*,*,#58100,.F.);
#58580=CARTESIAN_POINT('',(-3.0814019159547051E+01,
   3.9321376124790604E+01,7.0964943951401143E+00));
#58590=DIRECTION('',(0.0000000000000000E+00,-1.0000000000000000E+00,
   0.0000000000000000E+00));
#58600=VECTOR('',#58590,1.0000000000000000E+00);
#58610=LINE('',#58580,#58600);
#58620=EDGE_CURVE('',#42840,#58090,#58610,.T.);
#58630=ORIENTED_EDGE('',*,*,#58620,.T.);
#58640=ORIENTED_EDGE('',*,*,#42850,.F.);
#58650=CARTESIAN_POINT('',(-3.0199486452468442E+01,
   2.7145319094080318E+01,7.7110271022187193E+00));
#58660=DIRECTION('',(0.0000000000000000E+00,1.0000000000000000E+00,
   0.0000000000000000E+00));
#58670=VECTOR('',#58660,1.0000000000000000E+00);
#58680=LINE('',#58650,#58670);
#58690=EDGE_CURVE('',#58070,#42760,#58680,.T.);
#58700=ORIENTED_EDGE('',*,*,#58690,.T.);
#58710=EDGE_LOOP('',(#58700,#58640,#58630,#58570));
#58720=FACE_OUTER_BOUND('',#58710,.T.);
#58730=ADVANCED_FACE('',(#58720),#58560,.T.);
#58740=COLOUR_RGB('',9.4901967048645020E-01,9.4901967048645020E-01,
   1.0000000000000000E+00);
#58750=FILL_AREA_STYLE_COLOUR('',#58740);
#58760=FILL_AREA_STYLE('',(#58750));
#58770=SURFACE_STYLE_FILL_AREA(#58760);
#58780=SURFACE_SIDE_STYLE('',(#58770));
#58790=SURFACE_STYLE_USAGE(.BOTH.,#58780);
#58800=PRESENTATION_STYLE_ASSIGNMENT((#58790));
#58810=ORIENTED_EDGE('',*,*,#58400,.F.);
#58820=ORIENTED_EDGE('',*,*,#35070,.T.);
#58830=EDGE_CURVE('',#35000,#42840,#42820,.T.);
#58840=ORIENTED_EDGE('',*,*,#58830,.F.);
#58850=ORIENTED_EDGE('',*,*,#58620,.F.);
#58860=EDGE_LOOP('',(#58850,#58840,#58820,#58810));
#58870=FACE_OUTER_BOUND('',#58860,.T.);
#58880=ADVANCED_FACE('',(#58870),#58560,.T.);
#58890=COLOUR_RGB('',9.4901967048645020E-01,9.4901967048645020E-01,
   1.0000000000000000E+00);
#58900=FILL_AREA_STYLE_COLOUR('',#58890);
#58910=FILL_AREA_STYLE('',(#58900));
#58920=SURFACE_STYLE_FILL_AREA(#58910);
#58930=SURFACE_SIDE_STYLE('',(#58920));
#58940=SURFACE_STYLE_USAGE(.BOTH.,#58930);
#58950=PRESENTATION_STYLE_ASSIGNMENT((#58940));
#58960=ORIENTED_EDGE('',*,*,#49500,.F.);
#58970=ORIENTED_EDGE('',*,*,#47950,.T.);
#58980=CARTESIAN_POINT('',(-3.2611490150567114E+01,
   2.8601376124790601E+01,9.7889728977812371E+00));
#58990=VERTEX_POINT('',#58980);
#59000=EDGE_CURVE('',#47880,#58990,#47860,.T.);
#59010=ORIENTED_EDGE('',*,*,#59000,.F.);
#59020=CARTESIAN_POINT('',(-3.2611490150567114E+01,
   2.7145319094080318E+01,9.7889728977812371E+00));
#59030=DIRECTION('',(0.0000000000000000E+00,1.0000000000000000E+00,
   0.0000000000000000E+00));
#59040=VECTOR('',#59030,1.0000000000000000E+00);
#59050=LINE('',#59020,#59040);
#59060=EDGE_CURVE('',#49490,#58990,#59050,.T.);
#59070=ORIENTED_EDGE('',*,*,#59060,.T.);
#59080=EDGE_LOOP('',(#59070,#59010,#58970,#58960));
#59090=FACE_OUTER_BOUND('',#59080,.T.);
#59100=ADVANCED_FACE('',(#59090),#47730,.T.);
#59110=COLOUR_RGB('',9.4901967048645020E-01,9.4901967048645020E-01,
   1.0000000000000000E+00);
#59120=FILL_AREA_STYLE_COLOUR('',#59110);
#59130=FILL_AREA_STYLE('',(#59120));
#59140=SURFACE_STYLE_FILL_AREA(#59130);
#59150=SURFACE_SIDE_STYLE('',(#59140));
#59160=SURFACE_STYLE_USAGE(.BOTH.,#59150);
#59170=PRESENTATION_STYLE_ASSIGNMENT((#59160));
#59180=ORIENTED_EDGE('',*,*,#57850,.F.);
#59190=ORIENTED_EDGE('',*,*,#33850,.T.);
#59200=ORIENTED_EDGE('',*,*,#56650,.T.);
#59210=EDGE_LOOP('',(#59200,#59190,#59180));
#59220=FACE_OUTER_BOUND('',#59210,.T.);
#59230=ADVANCED_FACE('',(#59220),#57730,.T.);
#59240=COLOUR_RGB('',9.4901967048645020E-01,9.4901967048645020E-01,
   1.0000000000000000E+00);
#59250=FILL_AREA_STYLE_COLOUR('',#59240);
#59260=FILL_AREA_STYLE('',(#59250));
#59270=SURFACE_STYLE_FILL_AREA(#59260);
#59280=SURFACE_SIDE_STYLE('',(#59270));
#59290=SURFACE_STYLE_USAGE(.BOTH.,#59280);
#59300=PRESENTATION_STYLE_ASSIGNMENT((#59290));
#59310=ORIENTED_EDGE('',*,*,#42940,.F.);
#59320=ORIENTED_EDGE('',*,*,#58830,.T.);
#59330=ORIENTED_EDGE('',*,*,#46240,.T.);
#59340=EDGE_LOOP('',(#59330,#59320,#59310));
#59350=FACE_OUTER_BOUND('',#59340,.T.);
#59360=ADVANCED_FACE('',(#59350),#57730,.T.);
#59370=COLOUR_RGB('',9.4901967048645020E-01,9.4901967048645020E-01,
   1.0000000000000000E+00);
#59380=FILL_AREA_STYLE_COLOUR('',#59370);
#59390=FILL_AREA_STYLE('',(#59380));
#59400=SURFACE_STYLE_FILL_AREA(#59390);
#59410=SURFACE_SIDE_STYLE('',(#59400));
#59420=SURFACE_STYLE_USAGE(.BOTH.,#59410);
#59430=PRESENTATION_STYLE_ASSIGNMENT((#59420));
#59440=CARTESIAN_POINT('',(-3.2074229385564998E+01,
   2.8601376124790601E+01,1.4668741084047205E+01));
#59450=DIRECTION('',(0.0000000000000000E+00,1.0000000000000000E+00,
   0.0000000000000000E+00));
#59460=DIRECTION('',(7.0710678118654746E-01,0.0000000000000000E+00,
   -7.0710678118654757E-01));
#59470=AXIS2_PLACEMENT_3D('',#59440,#59450,#59460);
#59480=PLANE('',#59470);
#59490=ORIENTED_EDGE('',*,*,#54230,.T.);
#59500=CARTESIAN_POINT('',(-3.1405488301517792E+01,
   2.8601376124790601E+01,1.4000000000000000E+01));
#59510=DIRECTION('',(0.0000000000000000E+00,1.0000000000000000E+00,
   0.0000000000000000E+00));
#59520=DIRECTION('',(-1.0000000000000000E+00,0.0000000000000000E+00,
   0.0000000000000000E+00));
#59530=AXIS2_PLACEMENT_3D('',#59500,#59510,#59520);
#59540=CIRCLE('',#59530,1.3999999999999999E+00);
#59550=CARTESIAN_POINT('',(-3.0005488301517794E+01,
   2.8601376124790601E+01,1.4000000000000000E+01));
#59560=VERTEX_POINT('',#59550);
#59570=EDGE_CURVE('',#59560,#54200,#59540,.T.);
#59580=ORIENTED_EDGE('',*,*,#59570,.T.);
#59590=CARTESIAN_POINT('',(-3.0199486452468442E+01,
   2.8601376124790601E+01,1.4711027102218718E+01));
#59600=VERTEX_POINT('',#59590);
#59610=EDGE_CURVE('',#59600,#59560,#59540,.T.);
#59620=ORIENTED_EDGE('',*,*,#59610,.T.);
#59630=CARTESIAN_POINT('',(-8.4502159542249785E+01,
   2.8601376124790601E+01,-3.9591645987562615E+01));
#59640=DIRECTION('',(7.0710678118654757E-01,0.0000000000000000E+00,
   7.0710678118654746E-01));
#59650=VECTOR('',#59640,1.0000000000000000E+00);
#59660=LINE('',#59630,#59650);
#59670=CARTESIAN_POINT('',(-3.0814019159547051E+01,
   2.8601376124790601E+01,1.4096494395140114E+01));
#59680=VERTEX_POINT('',#59670);
#59690=EDGE_CURVE('',#59680,#59600,#59660,.T.);
#59700=ORIENTED_EDGE('',*,*,#59690,.T.);
#59710=CARTESIAN_POINT('',(-3.1355488301517802E+01,
   2.8601376124790601E+01,1.4000000000000000E+01));
#59720=DIRECTION('',(0.0000000000000000E+00,-1.0000000000000000E+00,
   0.0000000000000000E+00));
#59730=DIRECTION('',(1.0000000000000000E+00,0.0000000000000000E+00,
   0.0000000000000000E+00));
#59740=AXIS2_PLACEMENT_3D('',#59710,#59720,#59730);
#59750=CIRCLE('',#59740,5.5000000000000004E-01);
#59760=CARTESIAN_POINT('',(-3.0805488301517805E+01,
   2.8601376124790601E+01,1.4000000000000000E+01));
#59770=VERTEX_POINT('',#59760);
#59780=EDGE_CURVE('',#59770,#59680,#59750,.T.);
#59790=ORIENTED_EDGE('',*,*,#59780,.T.);
#59800=CARTESIAN_POINT('',(-3.1355488301517802E+01,
   2.8601376124790601E+01,1.4000000000000000E+01));
#59810=DIRECTION('',(0.0000000000000000E+00,-1.0000000000000000E+00,
   0.0000000000000000E+00));
#59820=DIRECTION('',(1.0000000000000000E+00,0.0000000000000000E+00,
   0.0000000000000000E+00));
#59830=AXIS2_PLACEMENT_3D('',#59800,#59810,#59820);
#59840=CIRCLE('',#59830,5.5000000000000004E-01);
#59850=EDGE_CURVE('',#50380,#59770,#59840,.T.);
#59860=ORIENTED_EDGE('',*,*,#59850,.T.);
#59870=EDGE_LOOP('',(#59860,#59790,#59700,#59620,#59580,#59490));
#59880=FACE_OUTER_BOUND('',#59870,.T.);
#59890=ADVANCED_FACE('',(#59880),#59480,.T.);
#59900=COLOUR_RGB('',9.4901967048645020E-01,9.4901967048645020E-01,
   1.0000000000000000E+00);
#59910=FILL_AREA_STYLE_COLOUR('',#59900);
#59920=FILL_AREA_STYLE('',(#59910));
#59930=SURFACE_STYLE_FILL_AREA(#59920);
#59940=SURFACE_SIDE_STYLE('',(#59930));
#59950=SURFACE_STYLE_USAGE(.BOTH.,#59940);
#59960=PRESENTATION_STYLE_ASSIGNMENT((#59950));
#59970=CARTESIAN_POINT('',(-3.1158000928102481E+01,
   2.8001376124790593E+01,1.3752512626584682E+01));
#59980=DIRECTION('',(0.0000000000000000E+00,1.0000000000000000E+00,
   0.0000000000000000E+00));
#59990=DIRECTION('',(7.0710678118654746E-01,0.0000000000000000E+00,
   -7.0710678118654757E-01));
#60000=AXIS2_PLACEMENT_3D('',#59970,#59980,#59990);
#60010=PLANE('',#60000);
#60020=ORIENTED_EDGE('',*,*,#49840,.T.);
#60030=CARTESIAN_POINT('',(-3.1355488301517802E+01,
   2.8001376124790593E+01,1.4000000000000000E+01));
#60040=DIRECTION('',(0.0000000000000000E+00,-1.0000000000000000E+00,
   0.0000000000000000E+00));
#60050=DIRECTION('',(1.0000000000000000E+00,0.0000000000000000E+00,
   0.0000000000000000E+00));
#60060=AXIS2_PLACEMENT_3D('',#60030,#60040,#60050);
#60070=CIRCLE('',#60060,5.5000000000000004E-01);
#60080=EDGE_CURVE('',#49810,#50300,#60070,.T.);
#60090=ORIENTED_EDGE('',*,*,#60080,.F.);
#60100=ORIENTED_EDGE('',*,*,#50310,.T.);
#60110=CARTESIAN_POINT('',(-8.4502159542249785E+01,
   2.8001376124790593E+01,1.4000000000000000E+01));
#60120=DIRECTION('',(-1.0000000000000000E+00,0.0000000000000000E+00,
   0.0000000000000000E+00));
#60130=VECTOR('',#60120,1.0000000000000000E+00);
#60140=LINE('',#60110,#60130);
#60150=EDGE_CURVE('',#50280,#49830,#60140,.T.);
#60160=ORIENTED_EDGE('',*,*,#60150,.F.);
#60170=EDGE_LOOP('',(#60160,#60100,#60090,#60020));
#60180=FACE_OUTER_BOUND('',#60170,.T.);
#60190=ADVANCED_FACE('',(#60180),#60010,.T.);
#60200=COLOUR_RGB('',9.4901967048645020E-01,9.4901967048645020E-01,
   1.0000000000000000E+00);
#60210=FILL_AREA_STYLE_COLOUR('',#60200);
#60220=FILL_AREA_STYLE('',(#60210));
#60230=SURFACE_STYLE_FILL_AREA(#60220);
#60240=SURFACE_SIDE_STYLE('',(#60230));
#60250=SURFACE_STYLE_USAGE(.BOTH.,#60240);
#60260=PRESENTATION_STYLE_ASSIGNMENT((#60250));
#60270=CARTESIAN_POINT('',(-3.1105488301517802E+01,
   2.0321376124790600E+01,1.0050000000000001E+01));
#60280=DIRECTION('',(0.0000000000000000E+00,0.0000000000000000E+00,
   -1.0000000000000000E+00));
#60290=DIRECTION('',(-1.0000000000000000E+00,0.0000000000000000E+00,
   0.0000000000000000E+00));
#60300=AXIS2_PLACEMENT_3D('',#60270,#60280,#60290);
#60310=PLANE('',#60300);
#60320=ORIENTED_EDGE('',*,*,#41360,.F.);
#60330=ORIENTED_EDGE('',*,*,#48480,.F.);
#60340=ORIENTED_EDGE('',*,*,#40270,.F.);
#60350=ORIENTED_EDGE('',*,*,#46860,.T.);
#60360=EDGE_LOOP('',(#60350,#60340,#60330,#60320));
#60370=FACE_OUTER_BOUND('',#60360,.T.);
#60380=ADVANCED_FACE('',(#60370),#60310,.T.);
#60390=COLOUR_RGB('',9.4901961088180542E-01,9.4901961088180542E-01,
   1.0000000000000000E+00);
#60400=FILL_AREA_STYLE_COLOUR('',#60390);
#60410=FILL_AREA_STYLE('',(#60400));
#60420=SURFACE_STYLE_FILL_AREA(#60410);
#60430=SURFACE_SIDE_STYLE('',(#60420));
#60440=SURFACE_STYLE_USAGE(.BOTH.,#60430);
#60450=PRESENTATION_STYLE_ASSIGNMENT((#60440));
#60460=CARTESIAN_POINT('',(-3.1355488301517802E+01,
   2.0821376124790600E+01,7.0000000000000000E+00));
#60470=DIRECTION('',(0.0000000000000000E+00,-1.0000000000000000E+00,
   0.0000000000000000E+00));
#60480=DIRECTION('',(1.0000000000000000E+00,0.0000000000000000E+00,
   0.0000000000000000E+00));
#60490=AXIS2_PLACEMENT_3D('',#60460,#60470,#60480);
#60500=CYLINDRICAL_SURFACE('',#60490,5.5000000000000004E-01);
#60510=CARTESIAN_POINT('',(-3.0805488301517801E+01,
   2.0821376124790600E+01,7.0000000000000000E+00));
#60520=DIRECTION('',(0.0000000000000000E+00,-1.0000000000000000E+00,
   0.0000000000000000E+00));
#60530=VECTOR('',#60520,1.0000000000000000E+00);
#60540=LINE('',#60510,#60530);
#60550=CARTESIAN_POINT('',(-3.0805488301517801E+01,
   2.0821376124790600E+01,7.0000000000000000E+00));
#60560=VERTEX_POINT('',#60550);
#60570=EDGE_CURVE('',#60560,#41710,#60540,.T.);
#60580=ORIENTED_EDGE('',*,*,#60570,.T.);
#60590=CARTESIAN_POINT('',(-3.1355488301517802E+01,
   2.0821376124790600E+01,7.0000000000000000E+00));
#60600=DIRECTION('',(0.0000000000000000E+00,-1.0000000000000000E+00,
   0.0000000000000000E+00));
#60610=DIRECTION('',(1.0000000000000000E+00,0.0000000000000000E+00,
   0.0000000000000000E+00));
#60620=AXIS2_PLACEMENT_3D('',#60590,#60600,#60610);
#60630=CIRCLE('',#60620,5.5000000000000004E-01);
#60640=CARTESIAN_POINT('',(-3.1905488301517803E+01,
   2.0821376124790600E+01,7.0000000000000000E+00));
#60650=VERTEX_POINT('',#60640);
#60660=EDGE_CURVE('',#60650,#60560,#60630,.T.);
#60670=ORIENTED_EDGE('',*,*,#60660,.T.);
#60680=CARTESIAN_POINT('',(-3.1905488301517803E+01,
   2.0821376124790600E+01,7.0000000000000000E+00));
#60690=DIRECTION('',(0.0000000000000000E+00,-1.0000000000000000E+00,
   0.0000000000000000E+00));
#60700=VECTOR('',#60690,1.0000000000000000E+00);
#60710=LINE('',#60680,#60700);
#60720=EDGE_CURVE('',#60650,#41640,#60710,.T.);
#60730=ORIENTED_EDGE('',*,*,#60720,.F.);
#60740=ORIENTED_EDGE('',*,*,#41790,.F.);
#60750=EDGE_LOOP('',(#60740,#60730,#60670,#60580));
#60760=FACE_OUTER_BOUND('',#60750,.T.);
#60770=ADVANCED_FACE('',(#60760),#60500,.T.);
#60780=COLOUR_RGB('',9.4901961088180542E-01,9.4901961088180542E-01,
   1.0000000000000000E+00);
#60790=FILL_AREA_STYLE_COLOUR('',#60780);
#60800=FILL_AREA_STYLE('',(#60790));
#60810=SURFACE_STYLE_FILL_AREA(#60800);
#60820=SURFACE_SIDE_STYLE('',(#60810));
#60830=SURFACE_STYLE_USAGE(.BOTH.,#60820);
#60840=PRESENTATION_STYLE_ASSIGNMENT((#60830));
#60850=CARTESIAN_POINT('',(-2.9886031253416185E+01,
   1.7321376124790600E+01,9.2269224911855865E+00));
#60860=DIRECTION('',(0.0000000000000000E+00,-1.0000000000000000E+00,
   0.0000000000000000E+00));
#60870=DIRECTION('',(1.0000000000000000E+00,0.0000000000000000E+00,
   0.0000000000000000E+00));
#60880=AXIS2_PLACEMENT_3D('',#60850,#60860,#60870);
#60890=PLANE('',#60880);
#60900=ORIENTED_EDGE('',*,*,#34850,.F.);
#60910=ORIENTED_EDGE('',*,*,#34230,.F.);
#60920=ORIENTED_EDGE('',*,*,#29130,.T.);
#60930=CARTESIAN_POINT('',(-8.4502159542249785E+01,
   1.7321376124790600E+01,7.1820508075688769E+00));
#60940=DIRECTION('',(1.0000000000000000E+00,0.0000000000000000E+00,
   0.0000000000000000E+00));
#60950=VECTOR('',#60940,1.0000000000000000E+00);
#60960=LINE('',#60930,#60950);
#60970=EDGE_CURVE('',#29040,#34450,#60960,.T.);
#60980=ORIENTED_EDGE('',*,*,#60970,.F.);
#60990=EDGE_LOOP('',(#60980,#60920,#60910,#60900));
#61000=FACE_OUTER_BOUND('',#60990,.T.);
#61010=ADVANCED_FACE('',(#61000),#60890,.T.);
#61020=COLOUR_RGB('',9.4901961088180542E-01,9.4901961088180542E-01,
   1.0000000000000000E+00);
#61030=FILL_AREA_STYLE_COLOUR('',#61020);
#61040=FILL_AREA_STYLE('',(#61030));
#61050=SURFACE_STYLE_FILL_AREA(#61040);
#61060=SURFACE_SIDE_STYLE('',(#61050));
#61070=SURFACE_STYLE_USAGE(.BOTH.,#61060);
#61080=PRESENTATION_STYLE_ASSIGNMENT((#61070));
#61090=CARTESIAN_POINT('',(-3.1355488301517802E+01,
   1.7821376124790600E+01,7.3160254037844386E+00));
#61100=DIRECTION('',(0.0000000000000000E+00,-2.5881904510252085E-01,
   9.6592582628906820E-01));
#61110=DIRECTION('',(0.0000000000000000E+00,9.6592582628906842E-01,
   2.5881904510252091E-01));
#61120=AXIS2_PLACEMENT_3D('',#61090,#61100,#61110);
#61130=PLANE('',#61120);
#61140=ORIENTED_EDGE('',*,*,#29050,.T.);
#61150=ORIENTED_EDGE('',*,*,#50750,.T.);
#61160=ORIENTED_EDGE('',*,*,#34480,.T.);
#61170=ORIENTED_EDGE('',*,*,#60970,.T.);
#61180=EDGE_LOOP('',(#61170,#61160,#61150,#61140));
#61190=FACE_OUTER_BOUND('',#61180,.T.);
#61200=ADVANCED_FACE('',(#61190),#61130,.T.);
#61210=COLOUR_RGB('',9.4901961088180542E-01,9.4901961088180542E-01,
   1.0000000000000000E+00);
#61220=FILL_AREA_STYLE_COLOUR('',#61210);
#61230=FILL_AREA_STYLE('',(#61220));
#61240=SURFACE_STYLE_FILL_AREA(#61230);
#61250=SURFACE_SIDE_STYLE('',(#61240));
#61260=SURFACE_STYLE_USAGE(.BOTH.,#61250);
#61270=PRESENTATION_STYLE_ASSIGNMENT((#61260));
#61280=ORIENTED_EDGE('',*,*,#27690,.T.);
#61290=CARTESIAN_POINT('',(-3.1405488301517792E+01,
   2.8601376124790601E+01,1.0500000000000000E+01));
#61300=DIRECTION('',(0.0000000000000000E+00,1.0000000000000000E+00,
   0.0000000000000000E+00));
#61310=DIRECTION('',(-1.0000000000000000E+00,0.0000000000000000E+00,
   0.0000000000000000E+00));
#61320=AXIS2_PLACEMENT_3D('',#61290,#61300,#61310);
#61330=CIRCLE('',#61320,1.3999999999999999E+00);
#61340=CARTESIAN_POINT('',(-3.0005488301517794E+01,
   2.8601376124790601E+01,1.0500000000000000E+01));
#61350=VERTEX_POINT('',#61340);
#61360=EDGE_CURVE('',#61350,#27600,#61330,.T.);
#61370=ORIENTED_EDGE('',*,*,#61360,.T.);
#61380=CARTESIAN_POINT('',(-3.0199486452468442E+01,
   2.8601376124790601E+01,1.1211027102218718E+01));
#61390=VERTEX_POINT('',#61380);
#61400=EDGE_CURVE('',#61390,#61350,#61330,.T.);
#61410=ORIENTED_EDGE('',*,*,#61400,.T.);
#61420=CARTESIAN_POINT('',(-8.4502159542249785E+01,
   2.8601376124790601E+01,-4.3091645987562615E+01));
#61430=DIRECTION('',(7.0710678118654757E-01,0.0000000000000000E+00,
   7.0710678118654746E-01));
#61440=VECTOR('',#61430,1.0000000000000000E+00);
#61450=LINE('',#61420,#61440);
#61460=CARTESIAN_POINT('',(-3.0814019159547051E+01,
   2.8601376124790601E+01,1.0596494395140114E+01));
#61470=VERTEX_POINT('',#61460);
#61480=EDGE_CURVE('',#61470,#61390,#61450,.T.);
#61490=ORIENTED_EDGE('',*,*,#61480,.T.);
#61500=CARTESIAN_POINT('',(-3.1355488301517802E+01,
   2.8601376124790601E+01,1.0500000000000000E+01));
#61510=DIRECTION('',(0.0000000000000000E+00,-1.0000000000000000E+00,
   0.0000000000000000E+00));
#61520=DIRECTION('',(1.0000000000000000E+00,0.0000000000000000E+00,
   0.0000000000000000E+00));
#61530=AXIS2_PLACEMENT_3D('',#61500,#61510,#61520);
#61540=CIRCLE('',#61530,5.5000000000000004E-01);
#61550=EDGE_CURVE('',#57080,#61470,#61540,.T.);
#61560=ORIENTED_EDGE('',*,*,#61550,.T.);
#61570=ORIENTED_EDGE('',*,*,#57090,.T.);
#61580=EDGE_LOOP('',(#61570,#61560,#61490,#61410,#61370,#61280));
#61590=FACE_OUTER_BOUND('',#61580,.T.);
#61600=ADVANCED_FACE('',(#61590),#48110,.T.);
#61610=COLOUR_RGB('',9.4901967048645020E-01,9.4901967048645020E-01,
   1.0000000000000000E+00);
#61620=FILL_AREA_STYLE_COLOUR('',#61610);
#61630=FILL_AREA_STYLE('',(#61620));
#61640=SURFACE_STYLE_FILL_AREA(#61630);
#61650=SURFACE_SIDE_STYLE('',(#61640));
#61660=SURFACE_STYLE_USAGE(.BOTH.,#61650);
#61670=PRESENTATION_STYLE_ASSIGNMENT((#61660));
#61680=CARTESIAN_POINT('',(-3.2611490150567121E+01,
   2.8001376124790593E+01,1.3288972897781235E+01));
#61690=VERTEX_POINT('',#61680);
#61700=EDGE_CURVE('',#61690,#49810,#49790,.T.);
#61710=ORIENTED_EDGE('',*,*,#61700,.F.);
#61720=ORIENTED_EDGE('',*,*,#50060,.T.);
#61730=CARTESIAN_POINT('',(-3.2611490150567114E+01,
   2.8601376124790601E+01,1.3288972897781237E+01));
#61740=VERTEX_POINT('',#61730);
#61750=EDGE_CURVE('',#49990,#61740,#49970,.T.);
#61760=ORIENTED_EDGE('',*,*,#61750,.F.);
#61770=CARTESIAN_POINT('',(-3.2611490150567114E+01,
   2.7145319094080318E+01,1.3288972897781237E+01));
#61780=DIRECTION('',(0.0000000000000000E+00,1.0000000000000000E+00,
   0.0000000000000000E+00));
#61790=VECTOR('',#61780,1.0000000000000000E+00);
#61800=LINE('',#61770,#61790);
#61810=EDGE_CURVE('',#61690,#61740,#61800,.T.);
#61820=ORIENTED_EDGE('',*,*,#61810,.T.);
#61830=EDGE_LOOP('',(#61820,#61760,#61720,#61710));
#61840=FACE_OUTER_BOUND('',#61830,.T.);
#61850=ADVANCED_FACE('',(#61840),#49750,.T.);
#61860=COLOUR_RGB('',9.4901967048645020E-01,9.4901967048645020E-01,
   1.0000000000000000E+00);
#61870=FILL_AREA_STYLE_COLOUR('',#61860);
#61880=FILL_AREA_STYLE('',(#61870));
#61890=SURFACE_STYLE_FILL_AREA(#61880);
#61900=SURFACE_SIDE_STYLE('',(#61890));
#61910=SURFACE_STYLE_USAGE(.BOTH.,#61900);
#61920=PRESENTATION_STYLE_ASSIGNMENT((#61910));
#61930=CARTESIAN_POINT('',(-3.1158000928102481E+01,
   2.7601376124790594E+01,1.7252512626584682E+01));
#61940=DIRECTION('',(-7.0710678118654746E-01,0.0000000000000000E+00,
   7.0710678118654757E-01));
#61950=DIRECTION('',(0.0000000000000000E+00,1.0000000000000000E+00,
   0.0000000000000000E+00));
#61960=AXIS2_PLACEMENT_3D('',#61930,#61940,#61950);
#61970=PLANE('',#61960);
#61980=CARTESIAN_POINT('',(-8.4502159542249785E+01,
   2.8001376124790593E+01,-3.6091645987562615E+01));
#61990=DIRECTION('',(-7.0710678118654757E-01,0.0000000000000000E+00,
   -7.0710678118654746E-01));
#62000=VECTOR('',#61990,1.0000000000000000E+00);
#62010=LINE('',#61980,#62000);
#62020=CARTESIAN_POINT('',(-3.0910513554687164E+01,
   2.8001376124790593E+01,1.7499999999999993E+01));
#62030=VERTEX_POINT('',#62020);
#62040=CARTESIAN_POINT('',(-3.1451982696657517E+01,
   2.8001376124790593E+01,1.6958530858029174E+01));
#62050=VERTEX_POINT('',#62040);
#62060=EDGE_CURVE('',#62030,#62050,#62010,.T.);
#62070=ORIENTED_EDGE('',*,*,#62060,.F.);
#62080=CARTESIAN_POINT('',(-3.1451982696657915E+01,
   3.9321376124790604E+01,1.6958530858029246E+01));
#62090=DIRECTION('',(0.0000000000000000E+00,-1.0000000000000000E+00,
   0.0000000000000000E+00));
#62100=VECTOR('',#62090,1.0000000000000000E+00);
#62110=LINE('',#62080,#62100);
#62120=CARTESIAN_POINT('',(-3.1451982696656941E+01,
   2.8601376124790601E+01,1.6958530858029071E+01));
#62130=VERTEX_POINT('',#62120);
#62140=EDGE_CURVE('',#62130,#62050,#62110,.T.);
#62150=ORIENTED_EDGE('',*,*,#62140,.T.);
#62160=CARTESIAN_POINT('',(-8.4502159542249785E+01,
   2.8601376124790601E+01,-3.6091645987562615E+01));
#62170=DIRECTION('',(7.0710678118654757E-01,0.0000000000000000E+00,
   7.0710678118654746E-01));
#62180=VECTOR('',#62170,1.0000000000000000E+00);
#62190=LINE('',#62160,#62180);
#62200=CARTESIAN_POINT('',(-3.0910513554687164E+01,
   2.8601376124790601E+01,1.7499999999999993E+01));
#62210=VERTEX_POINT('',#62200);
#62220=EDGE_CURVE('',#62130,#62210,#62190,.T.);
#62230=ORIENTED_EDGE('',*,*,#62220,.F.);
#62240=CARTESIAN_POINT('',(-3.0910513554687164E+01,
   -2.2653715864353234E+01,1.7500000000000000E+01));
#62250=DIRECTION('',(-0.0000000000000000E+00,-1.0000000000000000E+00,
   0.0000000000000000E+00));
#62260=VECTOR('',#62250,1.0000000000000000E+00);
#62270=LINE('',#62240,#62260);
#62280=EDGE_CURVE('',#62210,#62030,#62270,.T.);
#62290=ORIENTED_EDGE('',*,*,#62280,.F.);
#62300=EDGE_LOOP('',(#62290,#62230,#62150,#62070));
#62310=FACE_OUTER_BOUND('',#62300,.T.);
#62320=ADVANCED_FACE('',(#62310),#61970,.T.);
#62330=COLOUR_RGB('',9.4901967048645020E-01,9.4901967048645020E-01,
   1.0000000000000000E+00);
#62340=FILL_AREA_STYLE_COLOUR('',#62330);
#62350=FILL_AREA_STYLE('',(#62340));
#62360=SURFACE_STYLE_FILL_AREA(#62350);
#62370=SURFACE_SIDE_STYLE('',(#62360));
#62380=SURFACE_STYLE_USAGE(.BOTH.,#62370);
#62390=PRESENTATION_STYLE_ASSIGNMENT((#62380));
#62400=CARTESIAN_POINT('',(-3.1652975674933074E+01,
   2.8601376124790594E+01,1.7747487373415282E+01));
#62410=DIRECTION('',(7.0710678118654746E-01,0.0000000000000000E+00,
   -7.0710678118654757E-01));
#62420=DIRECTION('',(0.0000000000000000E+00,-1.0000000000000000E+00,
   0.0000000000000000E+00));
#62430=AXIS2_PLACEMENT_3D('',#62400,#62410,#62420);
#62440=PLANE('',#62430);
#62450=CARTESIAN_POINT('',(-8.4502159542249785E+01,
   2.8001376124790593E+01,-3.5101696493901422E+01));
#62460=DIRECTION('',(7.0710678118654757E-01,0.0000000000000000E+00,
   7.0710678118654746E-01));
#62470=VECTOR('',#62460,1.0000000000000000E+00);
#62480=LINE('',#62450,#62470);
#62490=CARTESIAN_POINT('',(-3.1905465551017315E+01,
   2.8001376124790593E+01,1.7494997497331042E+01));
#62500=VERTEX_POINT('',#62490);
#62510=CARTESIAN_POINT('',(-3.1900463048348364E+01,
   2.8001376124790593E+01,1.7499999999999993E+01));
#62520=VERTEX_POINT('',#62510);
#62530=EDGE_CURVE('',#62500,#62520,#62480,.T.);
#62540=ORIENTED_EDGE('',*,*,#62530,.F.);
#62550=CARTESIAN_POINT('',(-3.1900463048348364E+01,
   -2.2653715864353234E+01,1.7500000000000000E+01));
#62560=DIRECTION('',(-0.0000000000000000E+00,1.0000000000000000E+00,
   0.0000000000000000E+00));
#62570=VECTOR('',#62560,1.0000000000000000E+00);
#62580=LINE('',#62550,#62570);
#62590=CARTESIAN_POINT('',(-3.1900463048348364E+01,
   2.8601376124790601E+01,1.7499999999999993E+01));
#62600=VERTEX_POINT('',#62590);
#62610=EDGE_CURVE('',#62520,#62600,#62580,.T.);
#62620=ORIENTED_EDGE('',*,*,#62610,.F.);
#62630=CARTESIAN_POINT('',(-8.4502159542249785E+01,
   2.8601376124790601E+01,-3.5101696493901422E+01));
#62640=DIRECTION('',(-7.0710678118654757E-01,0.0000000000000000E+00,
   -7.0710678118654746E-01));
#62650=VECTOR('',#62640,1.0000000000000000E+00);
#62660=LINE('',#62630,#62650);
#62670=CARTESIAN_POINT('',(-3.1905465551017315E+01,
   2.8601376124790601E+01,1.7494997497331042E+01));
#62680=VERTEX_POINT('',#62670);
#62690=EDGE_CURVE('',#62600,#62680,#62660,.T.);
#62700=ORIENTED_EDGE('',*,*,#62690,.F.);
#62710=CARTESIAN_POINT('',(-3.1905465551017315E+01,
   3.9321376124790604E+01,1.7494997497331042E+01));
#62720=DIRECTION('',(0.0000000000000000E+00,-1.0000000000000000E+00,
   0.0000000000000000E+00));
#62730=VECTOR('',#62720,1.0000000000000000E+00);
#62740=LINE('',#62710,#62730);
#62750=EDGE_CURVE('',#62680,#62500,#62740,.T.);
#62760=ORIENTED_EDGE('',*,*,#62750,.F.);
#62770=EDGE_LOOP('',(#62760,#62700,#62620,#62540));
#62780=FACE_OUTER_BOUND('',#62770,.T.);
#62790=ADVANCED_FACE('',(#62780),#62440,.T.);
#62800=COLOUR_RGB('',9.4901967048645020E-01,9.4901967048645020E-01,
   1.0000000000000000E+00);
#62810=FILL_AREA_STYLE_COLOUR('',#62800);
#62820=FILL_AREA_STYLE('',(#62810));
#62830=SURFACE_STYLE_FILL_AREA(#62820);
#62840=SURFACE_SIDE_STYLE('',(#62830));
#62850=SURFACE_STYLE_USAGE(.BOTH.,#62840);
#62860=PRESENTATION_STYLE_ASSIGNMENT((#62850));
#62870=CARTESIAN_POINT('',(-3.1355488301517802E+01,
   1.7821376124790600E+01,1.0816025403784439E+01));
#62880=DIRECTION('',(0.0000000000000000E+00,-2.5881904510252085E-01,
   9.6592582628906820E-01));
#62890=DIRECTION('',(0.0000000000000000E+00,9.6592582628906842E-01,
   2.5881904510252091E-01));
#62900=AXIS2_PLACEMENT_3D('',#62870,#62880,#62890);
#62910=PLANE('',#62900);
#62920=ORIENTED_EDGE('',*,*,#41120,.T.);
#62930=ORIENTED_EDGE('',*,*,#38900,.T.);
#62940=ORIENTED_EDGE('',*,*,#40490,.T.);
#62950=ORIENTED_EDGE('',*,*,#44500,.T.);
#62960=EDGE_LOOP('',(#62950,#62940,#62930,#62920));
#62970=FACE_OUTER_BOUND('',#62960,.T.);
#62980=ADVANCED_FACE('',(#62970),#62910,.T.);
#62990=COLOUR_RGB('',9.4901961088180542E-01,9.4901961088180542E-01,
   1.0000000000000000E+00);
#63000=FILL_AREA_STYLE_COLOUR('',#62990);
#63010=FILL_AREA_STYLE('',(#63000));
#63020=SURFACE_STYLE_FILL_AREA(#63010);
#63030=SURFACE_SIDE_STYLE('',(#63020));
#63040=SURFACE_STYLE_USAGE(.BOTH.,#63030);
#63050=PRESENTATION_STYLE_ASSIGNMENT((#63040));
#63060=CARTESIAN_POINT('',(-3.1355488301517802E+01,
   1.7821376124790600E+01,1.3683974596215561E+01));
#63070=DIRECTION('',(0.0000000000000000E+00,2.5881904510252085E-01,
   9.6592582628906820E-01));
#63080=DIRECTION('',(0.0000000000000000E+00,9.6592582628906842E-01,
   -2.5881904510252091E-01));
#63090=AXIS2_PLACEMENT_3D('',#63060,#63070,#63080);
#63100=PLANE('',#63090);
#63110=CARTESIAN_POINT('',(-3.1105488301517802E+01,
   -2.2653715864353234E+01,2.4529242808282063E+01));
#63120=DIRECTION('',(0.0000000000000000E+00,-9.6592582628906831E-01,
   2.5881904510252091E-01));
#63130=VECTOR('',#63120,1.0000000000000000E+00);
#63140=LINE('',#63110,#63130);
#63150=CARTESIAN_POINT('',(-3.1105488301517802E+01,
   1.8321376124790607E+01,1.3550000000000001E+01));
#63160=VERTEX_POINT('',#63150);
#63170=CARTESIAN_POINT('',(-3.1105488301517802E+01,
   1.7321376124790600E+01,1.3817949192431124E+01));
#63180=VERTEX_POINT('',#63170);
#63190=EDGE_CURVE('',#63160,#63180,#63140,.T.);
#63200=ORIENTED_EDGE('',*,*,#63190,.T.);
#63210=CARTESIAN_POINT('',(-8.4502159542249785E+01,
   1.8321376124790607E+01,1.3550000000000001E+01));
#63220=DIRECTION('',(1.0000000000000000E+00,0.0000000000000000E+00,
   0.0000000000000000E+00));
#63230=VECTOR('',#63220,1.0000000000000000E+00);
#63240=LINE('',#63210,#63230);
#63250=CARTESIAN_POINT('',(-3.1605488301517802E+01,
   1.8321376124790607E+01,1.3550000000000001E+01));
#63260=VERTEX_POINT('',#63250);
#63270=EDGE_CURVE('',#63260,#63160,#63240,.T.);
#63280=ORIENTED_EDGE('',*,*,#63270,.T.);
#63290=CARTESIAN_POINT('',(-3.1605488301517795E+01,
   -2.2653715864353234E+01,2.4529242808282063E+01));
#63300=DIRECTION('',(0.0000000000000000E+00,9.6592582628906831E-01,
   -2.5881904510252091E-01));
#63310=VECTOR('',#63300,1.0000000000000000E+00);
#63320=LINE('',#63290,#63310);
#63330=CARTESIAN_POINT('',(-3.1605488301517795E+01,
   1.7321376124790607E+01,1.3817949192431120E+01));
#63340=VERTEX_POINT('',#63330);
#63350=EDGE_CURVE('',#63340,#63260,#63320,.T.);
#63360=ORIENTED_EDGE('',*,*,#63350,.T.);
#63370=CARTESIAN_POINT('',(-8.4502159542249785E+01,
   1.7321376124790600E+01,1.3817949192431124E+01));
#63380=DIRECTION('',(-1.0000000000000000E+00,0.0000000000000000E+00,
   0.0000000000000000E+00));
#63390=VECTOR('',#63380,1.0000000000000000E+00);
#63400=LINE('',#63370,#63390);
#63410=EDGE_CURVE('',#63180,#63340,#63400,.T.);
#63420=ORIENTED_EDGE('',*,*,#63410,.T.);
#63430=EDGE_LOOP('',(#63420,#63360,#63280,#63200));
#63440=FACE_OUTER_BOUND('',#63430,.T.);
#63450=ADVANCED_FACE('',(#63440),#63100,.F.);
#63460=COLOUR_RGB('',9.4901961088180542E-01,9.4901961088180542E-01,
   1.0000000000000000E+00);
#63470=FILL_AREA_STYLE_COLOUR('',#63460);
#63480=FILL_AREA_STYLE('',(#63470));
#63490=SURFACE_STYLE_FILL_AREA(#63480);
#63500=SURFACE_SIDE_STYLE('',(#63490));
#63510=SURFACE_STYLE_USAGE(.BOTH.,#63500);
#63520=PRESENTATION_STYLE_ASSIGNMENT((#63510));
#63530=CARTESIAN_POINT('',(-3.4644041692111067E+01,
   2.2071376124790600E+01,1.6146446609406730E+01));
#63540=DIRECTION('',(7.0710678118654302E-01,0.0000000000000000E+00,
   -7.0710678118655201E-01));
#63550=DIRECTION('',(-7.0710678118655201E-01,0.0000000000000000E+00,
   -7.0710678118654302E-01));
#63560=AXIS2_PLACEMENT_3D('',#63530,#63540,#63550);
#63570=PLANE('',#63560);
#63580=CARTESIAN_POINT('',(0.0000000000000000E+00,2.5421376124790594E+01
   ,5.0790488301517350E+01));
#63590=DIRECTION('',(-7.0710678118655201E-01,0.0000000000000000E+00,
   -7.0710678118654302E-01));
#63600=VECTOR('',#63590,1.0000000000000000E+00);
#63610=LINE('',#63580,#63600);
#63620=CARTESIAN_POINT('',(-3.4617870503397079E+01,
   2.5421376124790594E+01,1.6172617798120719E+01));
#63630=VERTEX_POINT('',#63620);
#63640=EDGE_CURVE('',#63630,#27970,#63610,.T.);
#63650=ORIENTED_EDGE('',*,*,#63640,.T.);
#63660=CARTESIAN_POINT('',(-3.4617870503397079E+01,
   2.4921376124790594E+01,1.6172617798120719E+01));
#63670=DIRECTION('',(7.0710678118654302E-01,0.0000000000000000E+00,
   -7.0710678118655201E-01));
#63680=DIRECTION('',(-7.0710678118655201E-01,0.0000000000000000E+00,
   -7.0710678118654302E-01));
#63690=AXIS2_PLACEMENT_3D('',#63660,#63670,#63680);
#63700=ELLIPSE('',#63690,7.0710678118652770E-01,4.9999999999998912E-01);
#63710=CARTESIAN_POINT('',(-3.4134907590252553E+01,
   2.5050785647341851E+01,1.6655580711265237E+01));
#63720=VERTEX_POINT('',#63710);
#63730=EDGE_CURVE('',#63630,#63720,#63700,.T.);
#63740=ORIENTED_EDGE('',*,*,#63730,.F.);
#63750=CARTESIAN_POINT('',(-2.7422569806281828E+01,
   0.0000000000000000E+00,2.3367918495235866E+01));
#63760=DIRECTION('',(-2.5056280708574180E-01,9.3511312653102474E-01,
   -2.5056280708573864E-01));
#63770=VECTOR('',#63760,1.0000000000000000E+00);
#63780=LINE('',#63750,#63770);
#63790=CARTESIAN_POINT('',(-3.4090488301517780E+01,
   2.4885010604947620E+01,1.6699999999999999E+01));
#63800=VERTEX_POINT('',#63790);
#63810=EDGE_CURVE('',#63800,#63720,#63780,.T.);
#63820=ORIENTED_EDGE('',*,*,#63810,.T.);
#63830=CARTESIAN_POINT('',(-3.4090488301517787E+01,
   0.0000000000000000E+00,1.6699999999999999E+01));
#63840=DIRECTION('',(0.0000000000000000E+00,1.0000000000000000E+00,
   0.0000000000000000E+00));
#63850=VECTOR('',#63840,1.0000000000000000E+00);
#63860=LINE('',#63830,#63850);
#63870=CARTESIAN_POINT('',(-3.4090488301517780E+01,
   2.1786376124790618E+01,1.6699999999999999E+01));
#63880=VERTEX_POINT('',#63870);
#63890=EDGE_CURVE('',#63880,#63800,#63860,.T.);
#63900=ORIENTED_EDGE('',*,*,#63890,.T.);
#63910=CARTESIAN_POINT('',(0.0000000000000000E+00,5.5876864426308202E+01
   ,5.0790488301517357E+01));
#63920=DIRECTION('',(5.7735026918962939E-01,5.7735026918962584E-01,
   5.7735026918962207E-01));
#63930=VECTOR('',#63920,1.0000000000000000E+00);
#63940=LINE('',#63910,#63930);
#63950=EDGE_CURVE('',#27990,#63880,#63940,.T.);
#63960=ORIENTED_EDGE('',*,*,#63950,.T.);
#63970=ORIENTED_EDGE('',*,*,#28000,.T.);
#63980=EDGE_LOOP('',(#63970,#63960,#63900,#63820,#63740,#63650));
#63990=FACE_OUTER_BOUND('',#63980,.T.);
#64000=ADVANCED_FACE('',(#63990),#63570,.F.);
#64010=COLOUR_RGB('',5.0196081399917603E-01,1.0000000000000000E+00,
   5.0196081399917603E-01);
#64020=FILL_AREA_STYLE_COLOUR('',#64010);
#64030=FILL_AREA_STYLE('',(#64020));
#64040=SURFACE_STYLE_FILL_AREA(#64030);
#64050=SURFACE_SIDE_STYLE('',(#64040));
#64060=SURFACE_STYLE_USAGE(.BOTH.,#64050);
#64070=PRESENTATION_STYLE_ASSIGNMENT((#64060));
#64080=ORIENTED_EDGE('',*,*,#59850,.F.);
#64090=CARTESIAN_POINT('',(-8.4502159542249785E+01,
   2.8601376124790601E+01,1.4000000000000000E+01));
#64100=DIRECTION('',(-1.0000000000000000E+00,0.0000000000000000E+00,
   0.0000000000000000E+00));
#64110=VECTOR('',#64100,1.0000000000000000E+00);
#64120=LINE('',#64090,#64110);
#64130=EDGE_CURVE('',#59770,#50460,#64120,.T.);
#64140=ORIENTED_EDGE('',*,*,#64130,.F.);
#64150=ORIENTED_EDGE('',*,*,#50470,.T.);
#64160=EDGE_LOOP('',(#64150,#64140,#64080));
#64170=FACE_OUTER_BOUND('',#64160,.T.);
#64180=ADVANCED_FACE('',(#64170),#59480,.T.);
#64190=COLOUR_RGB('',9.4901967048645020E-01,9.4901967048645020E-01,
   1.0000000000000000E+00);
#64200=FILL_AREA_STYLE_COLOUR('',#64190);
#64210=FILL_AREA_STYLE('',(#64200));
#64220=SURFACE_STYLE_FILL_AREA(#64210);
#64230=SURFACE_SIDE_STYLE('',(#64220));
#64240=SURFACE_STYLE_USAGE(.BOTH.,#64230);
#64250=PRESENTATION_STYLE_ASSIGNMENT((#64240));
#64260=CARTESIAN_POINT('',(-2.9886031253416185E+01,
   2.0321376124790600E+01,1.2726922491185586E+01));
#64270=DIRECTION('',(0.0000000000000000E+00,-1.0000000000000000E+00,
   0.0000000000000000E+00));
#64280=DIRECTION('',(1.0000000000000000E+00,0.0000000000000000E+00,
   0.0000000000000000E+00));
#64290=AXIS2_PLACEMENT_3D('',#64260,#64270,#64280);
#64300=PLANE('',#64290);
#64310=ORIENTED_EDGE('',*,*,#40560,.T.);
#64320=ORIENTED_EDGE('',*,*,#39040,.F.);
#64330=ORIENTED_EDGE('',*,*,#41030,.T.);
#64340=ORIENTED_EDGE('',*,*,#46790,.T.);
#64350=CARTESIAN_POINT('',(-3.1355488301517802E+01,
   2.0321376124790600E+01,1.0500000000000000E+01));
#64360=DIRECTION('',(0.0000000000000000E+00,-1.0000000000000000E+00,
   0.0000000000000000E+00));
#64370=DIRECTION('',(1.0000000000000000E+00,0.0000000000000000E+00,
   0.0000000000000000E+00));
#64380=AXIS2_PLACEMENT_3D('',#64350,#64360,#64370);
#64390=CIRCLE('',#64380,5.5000000000000004E-01);
#64400=EDGE_CURVE('',#35630,#35800,#64390,.T.);
#64410=ORIENTED_EDGE('',*,*,#64400,.T.);
#64420=ORIENTED_EDGE('',*,*,#46890,.T.);
#64430=EDGE_LOOP('',(#64420,#64410,#64340,#64330,#64320,#64310));
#64440=FACE_OUTER_BOUND('',#64430,.T.);
#64450=ADVANCED_FACE('',(#64440),#64300,.T.);
#64460=COLOUR_RGB('',9.4901961088180542E-01,9.4901961088180542E-01,
   1.0000000000000000E+00);
#64470=FILL_AREA_STYLE_COLOUR('',#64460);
#64480=FILL_AREA_STYLE('',(#64470));
#64490=SURFACE_STYLE_FILL_AREA(#64480);
#64500=SURFACE_SIDE_STYLE('',(#64490));
#64510=SURFACE_STYLE_USAGE(.BOTH.,#64500);
#64520=PRESENTATION_STYLE_ASSIGNMENT((#64510));
#64530=CARTESIAN_POINT('',(-3.1355488301517802E+01,
   2.0821376124790600E+01,1.4000000000000000E+01));
#64540=DIRECTION('',(0.0000000000000000E+00,-1.0000000000000000E+00,
   0.0000000000000000E+00));
#64550=DIRECTION('',(1.0000000000000000E+00,0.0000000000000000E+00,
   0.0000000000000000E+00));
#64560=AXIS2_PLACEMENT_3D('',#64530,#64540,#64550);
#64570=CYLINDRICAL_SURFACE('',#64560,5.5000000000000004E-01);
#64580=CARTESIAN_POINT('',(-3.0805488301517801E+01,
   2.0821376124790600E+01,1.4000000000000000E+01));
#64590=DIRECTION('',(0.0000000000000000E+00,-1.0000000000000000E+00,
   0.0000000000000000E+00));
#64600=VECTOR('',#64590,1.0000000000000000E+00);
#64610=LINE('',#64580,#64600);
#64620=CARTESIAN_POINT('',(-3.0805488301517801E+01,
   2.0821376124790600E+01,1.4000000000000000E+01));
#64630=VERTEX_POINT('',#64620);
#64640=CARTESIAN_POINT('',(-3.0805488301517801E+01,
   2.0321376124790600E+01,1.4000000000000000E+01));
#64650=VERTEX_POINT('',#64640);
#64660=EDGE_CURVE('',#64630,#64650,#64610,.T.);
#64670=ORIENTED_EDGE('',*,*,#64660,.T.);
#64680=CARTESIAN_POINT('',(-3.1355488301517802E+01,
   2.0821376124790600E+01,1.4000000000000000E+01));
#64690=DIRECTION('',(0.0000000000000000E+00,-1.0000000000000000E+00,
   0.0000000000000000E+00));
#64700=DIRECTION('',(1.0000000000000000E+00,0.0000000000000000E+00,
   0.0000000000000000E+00));
#64710=AXIS2_PLACEMENT_3D('',#64680,#64690,#64700);
#64720=CIRCLE('',#64710,5.5000000000000004E-01);
#64730=CARTESIAN_POINT('',(-3.1905488301517803E+01,
   2.0821376124790600E+01,1.4000000000000000E+01));
#64740=VERTEX_POINT('',#64730);
#64750=EDGE_CURVE('',#64740,#64630,#64720,.T.);
#64760=ORIENTED_EDGE('',*,*,#64750,.T.);
#64770=CARTESIAN_POINT('',(-3.1905488301517803E+01,
   2.0821376124790600E+01,1.4000000000000000E+01));
#64780=DIRECTION('',(0.0000000000000000E+00,-1.0000000000000000E+00,
   0.0000000000000000E+00));
#64790=VECTOR('',#64780,1.0000000000000000E+00);
#64800=LINE('',#64770,#64790);
#64810=CARTESIAN_POINT('',(-3.1905488301517803E+01,
   2.0321376124790600E+01,1.4000000000000000E+01));
#64820=VERTEX_POINT('',#64810);
#64830=EDGE_CURVE('',#64740,#64820,#64800,.T.);
#64840=ORIENTED_EDGE('',*,*,#64830,.F.);
#64850=CARTESIAN_POINT('',(-3.1355488301517802E+01,
   2.0321376124790600E+01,1.4000000000000000E+01));
#64860=DIRECTION('',(0.0000000000000000E+00,-1.0000000000000000E+00,
   0.0000000000000000E+00));
#64870=DIRECTION('',(1.0000000000000000E+00,0.0000000000000000E+00,
   0.0000000000000000E+00));
#64880=AXIS2_PLACEMENT_3D('',#64850,#64860,#64870);
#64890=CIRCLE('',#64880,5.5000000000000004E-01);
#64900=EDGE_CURVE('',#64820,#64650,#64890,.T.);
#64910=ORIENTED_EDGE('',*,*,#64900,.F.);
#64920=EDGE_LOOP('',(#64910,#64840,#64760,#64670));
#64930=FACE_OUTER_BOUND('',#64920,.T.);
#64940=ADVANCED_FACE('',(#64930),#64570,.T.);
#64950=COLOUR_RGB('',9.4901961088180542E-01,9.4901961088180542E-01,
   1.0000000000000000E+00);
#64960=FILL_AREA_STYLE_COLOUR('',#64950);
#64970=FILL_AREA_STYLE('',(#64960));
#64980=SURFACE_STYLE_FILL_AREA(#64970);
#64990=SURFACE_SIDE_STYLE('',(#64980));
#65000=SURFACE_STYLE_USAGE(.BOTH.,#64990);
#65010=PRESENTATION_STYLE_ASSIGNMENT((#65000));
#65020=CARTESIAN_POINT('',(-2.9886031253416185E+01,
   2.0321376124790600E+01,1.2726922491185586E+01));
#65030=DIRECTION('',(0.0000000000000000E+00,-1.0000000000000000E+00,
   0.0000000000000000E+00));
#65040=DIRECTION('',(1.0000000000000000E+00,0.0000000000000000E+00,
   0.0000000000000000E+00));
#65050=AXIS2_PLACEMENT_3D('',#65020,#65030,#65040);
#65060=PLANE('',#65050);
#65070=CARTESIAN_POINT('',(-8.4502159542249785E+01,
   2.0321376124790600E+01,1.4000000000000000E+01));
#65080=DIRECTION('',(1.0000000000000000E+00,0.0000000000000000E+00,
   0.0000000000000000E+00));
#65090=VECTOR('',#65080,1.0000000000000000E+00);
#65100=LINE('',#65070,#65090);
#65110=CARTESIAN_POINT('',(-3.1605488301517802E+01,
   2.0321376124790600E+01,1.4000000000000000E+01));
#65120=VERTEX_POINT('',#65110);
#65130=EDGE_CURVE('',#64820,#65120,#65100,.T.);
#65140=ORIENTED_EDGE('',*,*,#65130,.F.);
#65150=CARTESIAN_POINT('',(-3.1605488301517802E+01,
   2.0321376124790600E+01,1.5500000000000000E+01));
#65160=DIRECTION('',(0.0000000000000000E+00,0.0000000000000000E+00,
   -1.0000000000000000E+00));
#65170=VECTOR('',#65160,1.0000000000000000E+00);
#65180=LINE('',#65150,#65170);
#65190=CARTESIAN_POINT('',(-3.1605488301517802E+01,
   2.0321376124790600E+01,1.3550000000000001E+01));
#65200=VERTEX_POINT('',#65190);
#65210=EDGE_CURVE('',#65120,#65200,#65180,.T.);
#65220=ORIENTED_EDGE('',*,*,#65210,.F.);
#65230=CARTESIAN_POINT('',(-8.4502159542249785E+01,
   2.0321376124790600E+01,1.3550000000000001E+01));
#65240=DIRECTION('',(1.0000000000000000E+00,0.0000000000000000E+00,
   0.0000000000000000E+00));
#65250=VECTOR('',#65240,1.0000000000000000E+00);
#65260=LINE('',#65230,#65250);
#65270=CARTESIAN_POINT('',(-3.1105488301517802E+01,
   2.0321376124790600E+01,1.3550000000000001E+01));
#65280=VERTEX_POINT('',#65270);
#65290=EDGE_CURVE('',#65200,#65280,#65260,.T.);
#65300=ORIENTED_EDGE('',*,*,#65290,.F.);
#65310=CARTESIAN_POINT('',(-3.1105488301517802E+01,
   2.0321376124790600E+01,1.5500000000000000E+01));
#65320=DIRECTION('',(0.0000000000000000E+00,0.0000000000000000E+00,
   -1.0000000000000000E+00));
#65330=VECTOR('',#65320,1.0000000000000000E+00);
#65340=LINE('',#65310,#65330);
#65350=CARTESIAN_POINT('',(-3.1105488301517802E+01,
   2.0321376124790600E+01,1.4000000000000000E+01));
#65360=VERTEX_POINT('',#65350);
#65370=EDGE_CURVE('',#65360,#65280,#65340,.T.);
#65380=ORIENTED_EDGE('',*,*,#65370,.T.);
#65390=EDGE_CURVE('',#65360,#64650,#65100,.T.);
#65400=ORIENTED_EDGE('',*,*,#65390,.F.);
#65410=ORIENTED_EDGE('',*,*,#64900,.T.);
#65420=EDGE_LOOP('',(#65410,#65400,#65380,#65300,#65220,#65140));
#65430=FACE_OUTER_BOUND('',#65420,.T.);
#65440=ADVANCED_FACE('',(#65430),#65060,.T.);
#65450=COLOUR_RGB('',9.4901961088180542E-01,9.4901961088180542E-01,
   1.0000000000000000E+00);
#65460=FILL_AREA_STYLE_COLOUR('',#65450);
#65470=FILL_AREA_STYLE('',(#65460));
#65480=SURFACE_STYLE_FILL_AREA(#65470);
#65490=SURFACE_SIDE_STYLE('',(#65480));
#65500=SURFACE_STYLE_USAGE(.BOTH.,#65490);
#65510=PRESENTATION_STYLE_ASSIGNMENT((#65500));
#65520=CARTESIAN_POINT('',(-3.1105488301517802E+01,
   2.0321376124790600E+01,1.3550000000000001E+01));
#65530=DIRECTION('',(0.0000000000000000E+00,0.0000000000000000E+00,
   -1.0000000000000000E+00));
#65540=DIRECTION('',(-1.0000000000000000E+00,0.0000000000000000E+00,
   0.0000000000000000E+00));
#65550=AXIS2_PLACEMENT_3D('',#65520,#65530,#65540);
#65560=PLANE('',#65550);
#65570=CARTESIAN_POINT('',(-3.1605488301517802E+01,
   -2.2653715864353234E+01,1.3550000000000001E+01));
#65580=DIRECTION('',(0.0000000000000000E+00,-1.0000000000000000E+00,
   0.0000000000000000E+00));
#65590=VECTOR('',#65580,1.0000000000000000E+00);
#65600=LINE('',#65570,#65590);
#65610=EDGE_CURVE('',#65200,#63260,#65600,.T.);
#65620=ORIENTED_EDGE('',*,*,#65610,.F.);
#65630=ORIENTED_EDGE('',*,*,#63270,.F.);
#65640=CARTESIAN_POINT('',(-3.1105488301517802E+01,
   -2.2653715864353234E+01,1.3550000000000001E+01));
#65650=DIRECTION('',(0.0000000000000000E+00,1.0000000000000000E+00,
   0.0000000000000000E+00));
#65660=VECTOR('',#65650,1.0000000000000000E+00);
#65670=LINE('',#65640,#65660);
#65680=EDGE_CURVE('',#63160,#65280,#65670,.T.);
#65690=ORIENTED_EDGE('',*,*,#65680,.F.);
#65700=ORIENTED_EDGE('',*,*,#65290,.T.);
#65710=EDGE_LOOP('',(#65700,#65690,#65630,#65620));
#65720=FACE_OUTER_BOUND('',#65710,.T.);
#65730=ADVANCED_FACE('',(#65720),#65560,.T.);
#65740=COLOUR_RGB('',9.4901961088180542E-01,9.4901961088180542E-01,
   1.0000000000000000E+00);
#65750=FILL_AREA_STYLE_COLOUR('',#65740);
#65760=FILL_AREA_STYLE('',(#65750));
#65770=SURFACE_STYLE_FILL_AREA(#65760);
#65780=SURFACE_SIDE_STYLE('',(#65770));
#65790=SURFACE_STYLE_USAGE(.BOTH.,#65780);
#65800=PRESENTATION_STYLE_ASSIGNMENT((#65790));
#65810=CARTESIAN_POINT('',(-3.1605488301517802E+01,
   2.0321376124790600E+01,1.3550000000000001E+01));
#65820=DIRECTION('',(-1.0000000000000000E+00,0.0000000000000000E+00,
   0.0000000000000000E+00));
#65830=DIRECTION('',(0.0000000000000000E+00,0.0000000000000000E+00,
   1.0000000000000000E+00));
#65840=AXIS2_PLACEMENT_3D('',#65810,#65820,#65830);
#65850=PLANE('',#65840);
#65860=CARTESIAN_POINT('',(-3.1605488301517802E+01,
   2.0321376124790600E+01,1.9000000000000000E+01));
#65870=DIRECTION('',(0.0000000000000000E+00,0.0000000000000000E+00,
   1.0000000000000000E+00));
#65880=VECTOR('',#65870,1.0000000000000000E+00);
#65890=LINE('',#65860,#65880);
#65900=CARTESIAN_POINT('',(-3.1605488301517802E+01,
   2.0321376124790600E+01,1.4449999999999999E+01));
#65910=VERTEX_POINT('',#65900);
#65920=EDGE_CURVE('',#65120,#65910,#65890,.T.);
#65930=ORIENTED_EDGE('',*,*,#65920,.F.);
#65940=CARTESIAN_POINT('',(-3.1605488301517802E+01,
   -2.2653715864353234E+01,1.4449999999999999E+01));
#65950=DIRECTION('',(0.0000000000000000E+00,1.0000000000000000E+00,
   0.0000000000000000E+00));
#65960=VECTOR('',#65950,1.0000000000000000E+00);
#65970=LINE('',#65940,#65960);
#65980=CARTESIAN_POINT('',(-3.1605488301517802E+01,
   1.8321376124790600E+01,1.4449999999999999E+01));
#65990=VERTEX_POINT('',#65980);
#66000=EDGE_CURVE('',#65990,#65910,#65970,.T.);
#66010=ORIENTED_EDGE('',*,*,#66000,.T.);
#66020=CARTESIAN_POINT('',(-3.1605488301517795E+01,
   -2.2653715864353234E+01,3.4707571917179383E+00));
#66030=DIRECTION('',(0.0000000000000000E+00,-9.6592582628906831E-01,
   -2.5881904510252091E-01));
#66040=VECTOR('',#66030,1.0000000000000000E+00);
#66050=LINE('',#66020,#66040);
#66060=CARTESIAN_POINT('',(-3.1605488301517802E+01,
   1.7321376124790600E+01,1.4182050807568878E+01));
#66070=VERTEX_POINT('',#66060);
#66080=EDGE_CURVE('',#65990,#66070,#66050,.T.);
#66090=ORIENTED_EDGE('',*,*,#66080,.F.);
#66100=CARTESIAN_POINT('',(-3.1605488301517802E+01,
   1.7321376124790600E+01,1.5500000000000000E+01));
#66110=DIRECTION('',(0.0000000000000000E+00,0.0000000000000000E+00,
   -1.0000000000000000E+00));
#66120=VECTOR('',#66110,1.0000000000000000E+00);
#66130=LINE('',#66100,#66120);
#66140=EDGE_CURVE('',#66070,#63340,#66130,.T.);
#66150=ORIENTED_EDGE('',*,*,#66140,.F.);
#66160=ORIENTED_EDGE('',*,*,#63350,.F.);
#66170=ORIENTED_EDGE('',*,*,#65610,.T.);
#66180=ORIENTED_EDGE('',*,*,#65210,.T.);
#66190=EDGE_LOOP('',(#66180,#66170,#66160,#66150,#66090,#66010,#65930));
#66200=FACE_OUTER_BOUND('',#66190,.T.);
#66210=ADVANCED_FACE('',(#66200),#65850,.T.);
#66220=COLOUR_RGB('',9.4901961088180542E-01,9.4901961088180542E-01,
   1.0000000000000000E+00);
#66230=FILL_AREA_STYLE_COLOUR('',#66220);
#66240=FILL_AREA_STYLE('',(#66230));
#66250=SURFACE_STYLE_FILL_AREA(#66240);
#66260=SURFACE_SIDE_STYLE('',(#66250));
#66270=SURFACE_STYLE_USAGE(.BOTH.,#66260);
#66280=PRESENTATION_STYLE_ASSIGNMENT((#66270));
#66290=CARTESIAN_POINT('',(-3.1605488301517802E+01,
   2.0321376124790600E+01,1.4449999999999999E+01));
#66300=DIRECTION('',(0.0000000000000000E+00,0.0000000000000000E+00,
   1.0000000000000000E+00));
#66310=DIRECTION('',(1.0000000000000000E+00,0.0000000000000000E+00,
   0.0000000000000000E+00));
#66320=AXIS2_PLACEMENT_3D('',#66290,#66300,#66310);
#66330=PLANE('',#66320);
#66340=CARTESIAN_POINT('',(-3.1105488301517802E+01,
   -2.2653715864353234E+01,1.4449999999999999E+01));
#66350=DIRECTION('',(0.0000000000000000E+00,-1.0000000000000000E+00,
   0.0000000000000000E+00));
#66360=VECTOR('',#66350,1.0000000000000000E+00);
#66370=LINE('',#66340,#66360);
#66380=CARTESIAN_POINT('',(-3.1105488301517802E+01,
   2.0321376124790600E+01,1.4449999999999999E+01));
#66390=VERTEX_POINT('',#66380);
#66400=CARTESIAN_POINT('',(-3.1105488301517802E+01,
   1.8321376124790607E+01,1.4449999999999999E+01));
#66410=VERTEX_POINT('',#66400);
#66420=EDGE_CURVE('',#66390,#66410,#66370,.T.);
#66430=ORIENTED_EDGE('',*,*,#66420,.F.);
#66440=CARTESIAN_POINT('',(-8.4502159542249785E+01,
   1.8321376124790607E+01,1.4449999999999999E+01));
#66450=DIRECTION('',(-1.0000000000000000E+00,0.0000000000000000E+00,
   0.0000000000000000E+00));
#66460=VECTOR('',#66450,1.0000000000000000E+00);
#66470=LINE('',#66440,#66460);
#66480=EDGE_CURVE('',#66410,#65990,#66470,.T.);
#66490=ORIENTED_EDGE('',*,*,#66480,.F.);
#66500=ORIENTED_EDGE('',*,*,#66000,.F.);
#66510=CARTESIAN_POINT('',(-8.4502159542249785E+01,
   2.0321376124790600E+01,1.4449999999999999E+01));
#66520=DIRECTION('',(-1.0000000000000000E+00,0.0000000000000000E+00,
   0.0000000000000000E+00));
#66530=VECTOR('',#66520,1.0000000000000000E+00);
#66540=LINE('',#66510,#66530);
#66550=EDGE_CURVE('',#66390,#65910,#66540,.T.);
#66560=ORIENTED_EDGE('',*,*,#66550,.T.);
#66570=EDGE_LOOP('',(#66560,#66500,#66490,#66430));
#66580=FACE_OUTER_BOUND('',#66570,.T.);
#66590=ADVANCED_FACE('',(#66580),#66330,.T.);
#66600=COLOUR_RGB('',9.4901961088180542E-01,9.4901961088180542E-01,
   1.0000000000000000E+00);
#66610=FILL_AREA_STYLE_COLOUR('',#66600);
#66620=FILL_AREA_STYLE('',(#66610));
#66630=SURFACE_STYLE_FILL_AREA(#66620);
#66640=SURFACE_SIDE_STYLE('',(#66630));
#66650=SURFACE_STYLE_USAGE(.BOTH.,#66640);
#66660=PRESENTATION_STYLE_ASSIGNMENT((#66650));
#66670=CARTESIAN_POINT('',(-3.4177964823400686E+01,
   2.4029245874728044E+01,1.3199999999999999E+01));
#66680=DIRECTION('',(0.0000000000000000E+00,0.0000000000000000E+00,
   1.0000000000000000E+00));
#66690=DIRECTION('',(1.0000000000000000E+00,0.0000000000000000E+00,
   0.0000000000000000E+00));
#66700=AXIS2_PLACEMENT_3D('',#66670,#66680,#66690);
#66710=PLANE('',#66700);
#66720=CARTESIAN_POINT('',(-3.3805488301517798E+01,
   2.3821376124790600E+01,1.3199999999999999E+01));
#66730=DIRECTION('',(-2.5881904510253184E-01,9.6592582628906531E-01,
   0.0000000000000000E+00));
#66740=VECTOR('',#66730,1.0000000000000000E+00);
#66750=LINE('',#66720,#66740);
#66760=CARTESIAN_POINT('',(-3.3805488301517798E+01,
   2.3821376124790600E+01,1.3199999999999999E+01));
#66770=VERTEX_POINT('',#66760);
#66780=EDGE_CURVE('',#66770,#48910,#66750,.T.);
#66790=ORIENTED_EDGE('',*,*,#66780,.T.);
#66800=CARTESIAN_POINT('',(-3.3805488301517798E+01,
   2.3821376124790600E+01,1.3199999999999999E+01));
#66810=DIRECTION('',(1.0000000000000000E+00,0.0000000000000000E+00,
   0.0000000000000000E+00));
#66820=VECTOR('',#66810,1.0000000000000000E+00);
#66830=LINE('',#66800,#66820);
#66840=CARTESIAN_POINT('',(-3.3520488301517801E+01,
   2.3821376124790600E+01,1.3199999999999999E+01));
#66850=VERTEX_POINT('',#66840);
#66860=EDGE_CURVE('',#66770,#66850,#66830,.T.);
#66870=ORIENTED_EDGE('',*,*,#66860,.F.);
#66880=CARTESIAN_POINT('',(-3.3520488301517801E+01,
   2.3821376124790600E+01,1.3199999999999999E+01));
#66890=DIRECTION('',(0.0000000000000000E+00,-1.0000000000000000E+00,
   0.0000000000000000E+00));
#66900=VECTOR('',#66890,1.0000000000000000E+00);
#66910=LINE('',#66880,#66900);
#66920=CARTESIAN_POINT('',(-3.3520488301517801E+01,
   2.2071376124790600E+01,1.3199999999999999E+01));
#66930=VERTEX_POINT('',#66920);
#66940=EDGE_CURVE('',#66850,#66930,#66910,.T.);
#66950=ORIENTED_EDGE('',*,*,#66940,.F.);
#66960=CARTESIAN_POINT('',(-3.3805488301517798E+01,
   2.2071376124790600E+01,1.3199999999999999E+01));
#66970=DIRECTION('',(1.0000000000000000E+00,0.0000000000000000E+00,
   0.0000000000000000E+00));
#66980=VECTOR('',#66970,1.0000000000000000E+00);
#66990=LINE('',#66960,#66980);
#67000=CARTESIAN_POINT('',(-3.3805488301517798E+01,
   2.2071376124790600E+01,1.3199999999999999E+01));
#67010=VERTEX_POINT('',#67000);
#67020=EDGE_CURVE('',#67010,#66930,#66990,.T.);
#67030=ORIENTED_EDGE('',*,*,#67020,.T.);
#67040=CARTESIAN_POINT('',(0.0000000000000000E+00,5.5876864426308202E+01
   ,1.3199999999999999E+01));
#67050=DIRECTION('',(7.0710678118654968E-01,7.0710678118654535E-01,
   0.0000000000000000E+00));
#67060=VECTOR('',#67050,1.0000000000000000E+00);
#67070=LINE('',#67040,#67060);
#67080=EDGE_CURVE('',#48990,#67010,#67070,.T.);
#67090=ORIENTED_EDGE('',*,*,#67080,.T.);
#67100=ORIENTED_EDGE('',*,*,#49000,.F.);
#67110=EDGE_LOOP('',(#67100,#67090,#67030,#66950,#66870,#66790));
#67120=FACE_OUTER_BOUND('',#67110,.T.);
#67130=ADVANCED_FACE('',(#67120),#66710,.T.);
#67140=COLOUR_RGB('',5.0196081399917603E-01,1.0000000000000000E+00,
   5.0196081399917603E-01);
#67150=FILL_AREA_STYLE_COLOUR('',#67140);
#67160=FILL_AREA_STYLE('',(#67150));
#67170=SURFACE_STYLE_FILL_AREA(#67160);
#67180=SURFACE_SIDE_STYLE('',(#67170));
#67190=SURFACE_STYLE_USAGE(.BOTH.,#67180);
#67200=PRESENTATION_STYLE_ASSIGNMENT((#67190));
#67210=CARTESIAN_POINT('',(-3.3520488301517801E+01,
   2.3821376124790600E+01,1.4000000000000000E+01));
#67220=DIRECTION('',(-0.0000000000000000E+00,1.0000000000000000E+00,
   0.0000000000000000E+00));
#67230=DIRECTION('',(1.0000000000000000E+00,0.0000000000000000E+00,
   0.0000000000000000E+00));
#67240=AXIS2_PLACEMENT_3D('',#67210,#67220,#67230);
#67250=PLANE('',#67240);
#67260=ORIENTED_EDGE('',*,*,#66860,.T.);
#67270=CARTESIAN_POINT('',(-3.3805488301517798E+01,
   2.3821376124790600E+01,1.4000000000000000E+01));
#67280=DIRECTION('',(0.0000000000000000E+00,0.0000000000000000E+00,
   -1.0000000000000000E+00));
#67290=VECTOR('',#67280,1.0000000000000000E+00);
#67300=LINE('',#67270,#67290);
#67310=CARTESIAN_POINT('',(-3.3805488301517791E+01,
   2.3821376124790600E+01,1.4799999999999995E+01));
#67320=VERTEX_POINT('',#67310);
#67330=EDGE_CURVE('',#67320,#66770,#67300,.T.);
#67340=ORIENTED_EDGE('',*,*,#67330,.T.);
#67350=CARTESIAN_POINT('',(-3.3805488301517798E+01,
   2.3821376124790600E+01,1.4800000000000001E+01));
#67360=DIRECTION('',(1.0000000000000000E+00,0.0000000000000000E+00,
   0.0000000000000000E+00));
#67370=VECTOR('',#67360,1.0000000000000000E+00);
#67380=LINE('',#67350,#67370);
#67390=CARTESIAN_POINT('',(-3.3520488301517801E+01,
   2.3821376124790600E+01,1.4800000000000001E+01));
#67400=VERTEX_POINT('',#67390);
#67410=EDGE_CURVE('',#67320,#67400,#67380,.T.);
#67420=ORIENTED_EDGE('',*,*,#67410,.F.);
#67430=CARTESIAN_POINT('',(-3.3520488301517801E+01,
   2.3821376124790600E+01,1.4000000000000000E+01));
#67440=DIRECTION('',(0.0000000000000000E+00,0.0000000000000000E+00,
   -1.0000000000000000E+00));
#67450=VECTOR('',#67440,1.0000000000000000E+00);
#67460=LINE('',#67430,#67450);
#67470=EDGE_CURVE('',#67400,#66850,#67460,.T.);
#67480=ORIENTED_EDGE('',*,*,#67470,.F.);
#67490=EDGE_LOOP('',(#67480,#67420,#67340,#67260));
#67500=FACE_OUTER_BOUND('',#67490,.T.);
#67510=ADVANCED_FACE('',(#67500),#67250,.F.);
#67520=COLOUR_RGB('',5.0196081399917603E-01,1.0000000000000000E+00,
   5.0196081399917603E-01);
#67530=FILL_AREA_STYLE_COLOUR('',#67520);
#67540=FILL_AREA_STYLE('',(#67530));
#67550=SURFACE_STYLE_FILL_AREA(#67540);
#67560=SURFACE_SIDE_STYLE('',(#67550));
#67570=SURFACE_STYLE_USAGE(.BOTH.,#67560);
#67580=PRESENTATION_STYLE_ASSIGNMENT((#67570));
#67590=CARTESIAN_POINT('',(0.0000000000000000E+00,0.0000000000000000E+00
   ,1.4800000000000001E+01));
#67600=DIRECTION('',(0.0000000000000000E+00,0.0000000000000000E+00,
   1.0000000000000000E+00));
#67610=DIRECTION('',(1.0000000000000000E+00,0.0000000000000000E+00,
   0.0000000000000000E+00));
#67620=AXIS2_PLACEMENT_3D('',#67590,#67600,#67610);
#67630=PLANE('',#67620);
#67640=CARTESIAN_POINT('',(0.0000000000000000E+00,5.5876864426308202E+01
   ,1.4800000000000001E+01));
#67650=DIRECTION('',(7.0710678118654968E-01,7.0710678118654535E-01,
   0.0000000000000000E+00));
#67660=VECTOR('',#67650,1.0000000000000000E+00);
#67670=LINE('',#67640,#67660);
#67680=CARTESIAN_POINT('',(-3.3805488301517805E+01,
   2.2071376124790600E+01,1.4799999999999995E+01));
#67690=VERTEX_POINT('',#67680);
#67700=EDGE_CURVE('',#55810,#67690,#67670,.T.);
#67710=ORIENTED_EDGE('',*,*,#67700,.F.);
#67720=CARTESIAN_POINT('',(-3.3805488301517798E+01,
   2.2071376124790600E+01,1.4800000000000001E+01));
#67730=DIRECTION('',(1.0000000000000000E+00,0.0000000000000000E+00,
   0.0000000000000000E+00));
#67740=VECTOR('',#67730,1.0000000000000000E+00);
#67750=LINE('',#67720,#67740);
#67760=CARTESIAN_POINT('',(-3.3520488301517801E+01,
   2.2071376124790600E+01,1.4800000000000001E+01));
#67770=VERTEX_POINT('',#67760);
#67780=EDGE_CURVE('',#67690,#67770,#67750,.T.);
#67790=ORIENTED_EDGE('',*,*,#67780,.F.);
#67800=CARTESIAN_POINT('',(-3.3520488301517801E+01,
   2.3821376124790600E+01,1.4800000000000001E+01));
#67810=DIRECTION('',(0.0000000000000000E+00,-1.0000000000000000E+00,
   0.0000000000000000E+00));
#67820=VECTOR('',#67810,1.0000000000000000E+00);
#67830=LINE('',#67800,#67820);
#67840=EDGE_CURVE('',#67400,#67770,#67830,.T.);
#67850=ORIENTED_EDGE('',*,*,#67840,.T.);
#67860=ORIENTED_EDGE('',*,*,#67410,.T.);
#67870=CARTESIAN_POINT('',(-3.3805488301517798E+01,
   2.3821376124790600E+01,1.4800000000000001E+01));
#67880=DIRECTION('',(-2.5881904510253184E-01,9.6592582628906531E-01,
   0.0000000000000000E+00));
#67890=VECTOR('',#67880,1.0000000000000000E+00);
#67900=LINE('',#67870,#67890);
#67910=EDGE_CURVE('',#67320,#55570,#67900,.T.);
#67920=ORIENTED_EDGE('',*,*,#67910,.F.);
#67930=ORIENTED_EDGE('',*,*,#55880,.T.);
#67940=EDGE_LOOP('',(#67930,#67920,#67860,#67850,#67790,#67710));
#67950=FACE_OUTER_BOUND('',#67940,.T.);
#67960=ADVANCED_FACE('',(#67950),#67630,.F.);
#67970=COLOUR_RGB('',5.0196081399917603E-01,1.0000000000000000E+00,
   5.0196081399917603E-01);
#67980=FILL_AREA_STYLE_COLOUR('',#67970);
#67990=FILL_AREA_STYLE('',(#67980));
#68000=SURFACE_STYLE_FILL_AREA(#67990);
#68010=SURFACE_SIDE_STYLE('',(#68000));
#68020=SURFACE_STYLE_USAGE(.BOTH.,#68010);
#68030=PRESENTATION_STYLE_ASSIGNMENT((#68020));
#68040=CARTESIAN_POINT('',(-3.4644041692111067E+01,
   2.5421376124790601E+01,1.3199999999999999E+01));
#68050=DIRECTION('',(-0.0000000000000000E+00,1.0000000000000000E+00,
   0.0000000000000000E+00));
#68060=DIRECTION('',(1.0000000000000000E+00,0.0000000000000000E+00,
   0.0000000000000000E+00));
#68070=AXIS2_PLACEMENT_3D('',#68040,#68050,#68060);
#68080=PLANE('',#68070);
#68090=ORIENTED_EDGE('',*,*,#48750,.F.);
#68100=CARTESIAN_POINT('',(-3.4997595082704343E+01,
   2.5421376124790601E+01,1.2999999999999998E+01));
#68110=DIRECTION('',(0.0000000000000000E+00,-1.0000000000000000E+00,
   0.0000000000000000E+00));
#68120=DIRECTION('',(1.0000000000000000E+00,0.0000000000000000E+00,
   0.0000000000000000E+00));
#68130=AXIS2_PLACEMENT_3D('',#68100,#68110,#68120);
#68140=CIRCLE('',#68130,5.0000000000000000E-01);
#68150=CARTESIAN_POINT('',(-3.4955488301517804E+01,
   2.5421376124790601E+01,1.2501776135679844E+01));
#68160=VERTEX_POINT('',#68150);
#68170=EDGE_CURVE('',#68160,#48740,#68140,.T.);
#68180=ORIENTED_EDGE('',*,*,#68170,.T.);
#68190=CARTESIAN_POINT('',(-3.4955488301517804E+01,
   2.5421376124790601E+01,1.0500000000000000E+01));
#68200=DIRECTION('',(0.0000000000000000E+00,0.0000000000000000E+00,
   1.0000000000000000E+00));
#68210=VECTOR('',#68200,1.0000000000000000E+00);
#68220=LINE('',#68190,#68210);
#68230=EDGE_CURVE('',#68160,#54810,#68220,.T.);
#68240=ORIENTED_EDGE('',*,*,#68230,.F.);
#68250=ORIENTED_EDGE('',*,*,#54820,.T.);
#68260=ORIENTED_EDGE('',*,*,#55730,.F.);
#68270=CARTESIAN_POINT('',(-3.4617870503397079E+01,
   2.5421376124790594E+01,1.3199999999999999E+01));
#68280=DIRECTION('',(0.0000000000000000E+00,0.0000000000000000E+00,
   1.0000000000000000E+00));
#68290=VECTOR('',#68280,1.0000000000000000E+00);
#68300=LINE('',#68270,#68290);
#68310=EDGE_CURVE('',#48720,#55660,#68300,.T.);
#68320=ORIENTED_EDGE('',*,*,#68310,.T.);
#68330=EDGE_LOOP('',(#68320,#68260,#68250,#68240,#68180,#68090));
#68340=FACE_OUTER_BOUND('',#68330,.T.);
#68350=ADVANCED_FACE('',(#68340),#68080,.F.);
#68360=COLOUR_RGB('',5.0196081399917603E-01,1.0000000000000000E+00,
   5.0196081399917603E-01);
#68370=FILL_AREA_STYLE_COLOUR('',#68360);
#68380=FILL_AREA_STYLE('',(#68370));
#68390=SURFACE_STYLE_FILL_AREA(#68380);
#68400=SURFACE_SIDE_STYLE('',(#68390));
#68410=SURFACE_STYLE_USAGE(.BOTH.,#68400);
#68420=PRESENTATION_STYLE_ASSIGNMENT((#68410));
#68430=CARTESIAN_POINT('',(-3.4617870503397079E+01,
   2.4921376124790601E+01,1.3199999999999999E+01));
#68440=DIRECTION('',(0.0000000000000000E+00,0.0000000000000000E+00,
   1.0000000000000000E+00));
#68450=DIRECTION('',(1.0000000000000000E+00,0.0000000000000000E+00,
   0.0000000000000000E+00));
#68460=AXIS2_PLACEMENT_3D('',#68430,#68440,#68450);
#68470=CYLINDRICAL_SURFACE('',#68460,4.9999999999998912E-01);
#68480=ORIENTED_EDGE('',*,*,#55670,.T.);
#68490=CARTESIAN_POINT('',(-3.4134907590252553E+01,
   2.5050785647341851E+01,1.4000000000000000E+01));
#68500=DIRECTION('',(0.0000000000000000E+00,0.0000000000000000E+00,
   1.0000000000000000E+00));
#68510=VECTOR('',#68500,1.0000000000000000E+00);
#68520=LINE('',#68490,#68510);
#68530=EDGE_CURVE('',#48830,#55550,#68520,.T.);
#68540=ORIENTED_EDGE('',*,*,#68530,.T.);
#68550=ORIENTED_EDGE('',*,*,#48840,.T.);
#68560=ORIENTED_EDGE('',*,*,#68310,.F.);
#68570=EDGE_LOOP('',(#68560,#68550,#68540,#68480));
#68580=FACE_OUTER_BOUND('',#68570,.T.);
#68590=ADVANCED_FACE('',(#68580),#68470,.F.);
#68600=COLOUR_RGB('',5.0196081399917603E-01,1.0000000000000000E+00,
   5.0196081399917603E-01);
#68610=FILL_AREA_STYLE_COLOUR('',#68600);
#68620=FILL_AREA_STYLE('',(#68610));
#68630=SURFACE_STYLE_FILL_AREA(#68620);
#68640=SURFACE_SIDE_STYLE('',(#68630));
#68650=SURFACE_STYLE_USAGE(.BOTH.,#68640);
#68660=PRESENTATION_STYLE_ASSIGNMENT((#68650));
#68670=CARTESIAN_POINT('',(-3.3520488301517801E+01,
   2.2071376124790600E+01,1.4000000000000000E+01));
#68680=DIRECTION('',(-0.0000000000000000E+00,-1.0000000000000000E+00,
   -0.0000000000000000E+00));
#68690=DIRECTION('',(-1.0000000000000000E+00,0.0000000000000000E+00,
   0.0000000000000000E+00));
#68700=AXIS2_PLACEMENT_3D('',#68670,#68680,#68690);
#68710=PLANE('',#68700);
#68720=ORIENTED_EDGE('',*,*,#67020,.F.);
#68730=CARTESIAN_POINT('',(-3.3520488301517801E+01,
   2.2071376124790600E+01,1.4000000000000000E+01));
#68740=DIRECTION('',(0.0000000000000000E+00,0.0000000000000000E+00,
   1.0000000000000000E+00));
#68750=VECTOR('',#68740,1.0000000000000000E+00);
#68760=LINE('',#68730,#68750);
#68770=EDGE_CURVE('',#66930,#67770,#68760,.T.);
#68780=ORIENTED_EDGE('',*,*,#68770,.F.);
#68790=ORIENTED_EDGE('',*,*,#67780,.T.);
#68800=CARTESIAN_POINT('',(-3.3805488301517805E+01,
   2.2071376124790600E+01,1.4000000000000000E+01));
#68810=DIRECTION('',(0.0000000000000000E+00,0.0000000000000000E+00,
   1.0000000000000000E+00));
#68820=VECTOR('',#68810,1.0000000000000000E+00);
#68830=LINE('',#68800,#68820);
#68840=EDGE_CURVE('',#67010,#67690,#68830,.T.);
#68850=ORIENTED_EDGE('',*,*,#68840,.T.);
#68860=EDGE_LOOP('',(#68850,#68790,#68780,#68720));
#68870=FACE_OUTER_BOUND('',#68860,.T.);
#68880=ADVANCED_FACE('',(#68870),#68710,.F.);
#68890=COLOUR_RGB('',5.0196081399917603E-01,1.0000000000000000E+00,
   5.0196081399917603E-01);
#68900=FILL_AREA_STYLE_COLOUR('',#68890);
#68910=FILL_AREA_STYLE('',(#68900));
#68920=SURFACE_STYLE_FILL_AREA(#68910);
#68930=SURFACE_SIDE_STYLE('',(#68920));
#68940=SURFACE_STYLE_USAGE(.BOTH.,#68930);
#68950=PRESENTATION_STYLE_ASSIGNMENT((#68940));
#68960=CARTESIAN_POINT('',(-3.3805488301517798E+01,
   2.3821376124790600E+01,1.4000000000000000E+01));
#68970=DIRECTION('',(9.6592582628906531E-01,2.5881904510253184E-01,
   0.0000000000000000E+00));
#68980=DIRECTION('',(2.5881904510253184E-01,-9.6592582628906531E-01,
   0.0000000000000000E+00));
#68990=AXIS2_PLACEMENT_3D('',#68960,#68970,#68980);
#69000=PLANE('',#68990);
#69010=ORIENTED_EDGE('',*,*,#48920,.F.);
#69020=ORIENTED_EDGE('',*,*,#68530,.F.);
#69030=ORIENTED_EDGE('',*,*,#55580,.F.);
#69040=ORIENTED_EDGE('',*,*,#67910,.T.);
#69050=ORIENTED_EDGE('',*,*,#67330,.F.);
#69060=ORIENTED_EDGE('',*,*,#66780,.F.);
#69070=EDGE_LOOP('',(#69060,#69050,#69040,#69030,#69020,#69010));
#69080=FACE_OUTER_BOUND('',#69070,.T.);
#69090=ADVANCED_FACE('',(#69080),#69000,.F.);
#69100=COLOUR_RGB('',5.0196081399917603E-01,1.0000000000000000E+00,
   5.0196081399917603E-01);
#69110=FILL_AREA_STYLE_COLOUR('',#69100);
#69120=FILL_AREA_STYLE('',(#69110));
#69130=SURFACE_STYLE_FILL_AREA(#69120);
#69140=SURFACE_SIDE_STYLE('',(#69130));
#69150=SURFACE_STYLE_USAGE(.BOTH.,#69140);
#69160=PRESENTATION_STYLE_ASSIGNMENT((#69150));
#69170=CARTESIAN_POINT('',(-3.4644041692111067E+01,
   2.1232822734197338E+01,1.3199999999999999E+01));
#69180=DIRECTION('',(7.0710678118654535E-01,-7.0710678118654968E-01,
   0.0000000000000000E+00));
#69190=DIRECTION('',(-7.0710678118654968E-01,-7.0710678118654535E-01,
   0.0000000000000000E+00));
#69200=AXIS2_PLACEMENT_3D('',#69170,#69180,#69190);
#69210=PLANE('',#69200);
#69220=ORIENTED_EDGE('',*,*,#67080,.F.);
#69230=ORIENTED_EDGE('',*,*,#68840,.F.);
#69240=ORIENTED_EDGE('',*,*,#67700,.T.);
#69250=ORIENTED_EDGE('',*,*,#55820,.F.);
#69260=ORIENTED_EDGE('',*,*,#54990,.F.);
#69270=CARTESIAN_POINT('',(-3.4955488301517804E+01,
   2.0921376124790608E+01,1.0500000000000000E+01));
#69280=DIRECTION('',(0.0000000000000000E+00,0.0000000000000000E+00,
   1.0000000000000000E+00));
#69290=VECTOR('',#69280,1.0000000000000000E+00);
#69300=LINE('',#69270,#69290);
#69310=CARTESIAN_POINT('',(-3.4955488301517804E+01,
   2.0921376124790608E+01,1.2501776135679844E+01));
#69320=VERTEX_POINT('',#69310);
#69330=EDGE_CURVE('',#69320,#54890,#69300,.T.);
#69340=ORIENTED_EDGE('',*,*,#69330,.T.);
#69350=CARTESIAN_POINT('',(-3.4997595082704343E+01,
   2.0879269343604062E+01,1.2999999999999998E+01));
#69360=DIRECTION('',(7.0710678118654535E-01,-7.0710678118654968E-01,
   0.0000000000000000E+00));
#69370=DIRECTION('',(-7.0710678118654968E-01,-7.0710678118654535E-01,
   0.0000000000000000E+00));
#69380=AXIS2_PLACEMENT_3D('',#69350,#69360,#69370);
#69390=ELLIPSE('',#69380,7.0710678118654535E-01,5.0000000000000000E-01);
#69400=EDGE_CURVE('',#69320,#49070,#69390,.T.);
#69410=ORIENTED_EDGE('',*,*,#69400,.F.);
#69420=ORIENTED_EDGE('',*,*,#49080,.F.);
#69430=EDGE_LOOP('',(#69420,#69410,#69340,#69260,#69250,#69240,#69230,
   #69220));
#69440=FACE_OUTER_BOUND('',#69430,.T.);
#69450=ADVANCED_FACE('',(#69440),#69210,.F.);
#69460=COLOUR_RGB('',5.0196081399917603E-01,1.0000000000000000E+00,
   5.0196081399917603E-01);
#69470=FILL_AREA_STYLE_COLOUR('',#69460);
#69480=FILL_AREA_STYLE('',(#69470));
#69490=SURFACE_STYLE_FILL_AREA(#69480);
#69500=SURFACE_SIDE_STYLE('',(#69490));
#69510=SURFACE_STYLE_USAGE(.BOTH.,#69500);
#69520=PRESENTATION_STYLE_ASSIGNMENT((#69510));
#69530=CARTESIAN_POINT('',(-3.3404787720672857E+01,
   2.8950785647341856E+01,1.0500000000000000E+01));
#69540=DIRECTION('',(-9.6592582628906809E-01,2.5881904510252168E-01,
   0.0000000000000000E+00));
#69550=DIRECTION('',(2.5881904510252168E-01,9.6592582628906809E-01,
   0.0000000000000000E+00));
#69560=AXIS2_PLACEMENT_3D('',#69530,#69540,#69550);
#69570=PLANE('',#69560);
#69580=CARTESIAN_POINT('',(-3.3404787720672857E+01,
   2.8950785647341856E+01,2.6500000000000000E+01));
#69590=DIRECTION('',(-2.5881904510252168E-01,-9.6592582628906809E-01,
   0.0000000000000000E+00));
#69600=VECTOR('',#69590,1.0000000000000000E+00);
#69610=LINE('',#69580,#69600);
#69620=CARTESIAN_POINT('',(-3.3404787720672857E+01,
   2.8950785647341856E+01,2.6500000000000000E+01));
#69630=VERTEX_POINT('',#69620);
#69640=CARTESIAN_POINT('',(-3.4216515555783623E+01,
   2.5921376124790601E+01,2.6500000000000000E+01));
#69650=VERTEX_POINT('',#69640);
#69660=EDGE_CURVE('',#69630,#69650,#69610,.T.);
#69670=ORIENTED_EDGE('',*,*,#69660,.F.);
#69680=CARTESIAN_POINT('',(-3.4216515555783623E+01,
   2.5921376124790601E+01,2.1000000000000000E+01));
#69690=DIRECTION('',(0.0000000000000000E+00,0.0000000000000000E+00,
   -1.0000000000000000E+00));
#69700=VECTOR('',#69690,1.0000000000000000E+00);
#69710=LINE('',#69680,#69700);
#69720=EDGE_CURVE('',#69650,#3820,#69710,.T.);
#69730=ORIENTED_EDGE('',*,*,#69720,.F.);
#69740=ORIENTED_EDGE('',*,*,#3830,.T.);
#69750=CARTESIAN_POINT('',(-3.3404787720672857E+01,
   2.8950785647341856E+01,2.1000000000000000E+01));
#69760=DIRECTION('',(0.0000000000000000E+00,0.0000000000000000E+00,
   -1.0000000000000000E+00));
#69770=VECTOR('',#69760,1.0000000000000000E+00);
#69780=LINE('',#69750,#69770);
#69790=EDGE_CURVE('',#69630,#3740,#69780,.T.);
#69800=ORIENTED_EDGE('',*,*,#69790,.T.);
#69810=EDGE_LOOP('',(#69800,#69740,#69730,#69670));
#69820=FACE_OUTER_BOUND('',#69810,.T.);
#69830=ADVANCED_FACE('',(#69820),#69570,.T.);
#69840=COLOUR_RGB('',5.0196081399917603E-01,1.0000000000000000E+00,
   5.0196081399917603E-01);
#69850=FILL_AREA_STYLE_COLOUR('',#69840);
#69860=FILL_AREA_STYLE('',(#69850));
#69870=SURFACE_STYLE_FILL_AREA(#69860);
#69880=SURFACE_SIDE_STYLE('',(#69870));
#69890=SURFACE_STYLE_USAGE(.BOTH.,#69880);
#69900=PRESENTATION_STYLE_ASSIGNMENT((#69890));
#69910=CARTESIAN_POINT('',(-3.1158000928102481E+01,
   2.8001376124790593E+01,2.4252512626584682E+01));
#69920=DIRECTION('',(0.0000000000000000E+00,1.0000000000000000E+00,
   0.0000000000000000E+00));
#69930=DIRECTION('',(7.0710678118654746E-01,0.0000000000000000E+00,
   -7.0710678118654757E-01));
#69940=AXIS2_PLACEMENT_3D('',#69910,#69920,#69930);
#69950=PLANE('',#69940);
#69960=CARTESIAN_POINT('',(-8.4502159542249785E+01,
   2.8001376124790593E+01,-2.8101696493901422E+01));
#69970=DIRECTION('',(7.0710678118654757E-01,0.0000000000000000E+00,
   7.0710678118654746E-01));
#69980=VECTOR('',#69970,1.0000000000000000E+00);
#69990=LINE('',#69960,#69980);
#70000=CARTESIAN_POINT('',(-3.1905465551017315E+01,
   2.8001376124790593E+01,2.4494997497331045E+01));
#70010=VERTEX_POINT('',#70000);
#70020=CARTESIAN_POINT('',(-3.1900463048348364E+01,
   2.8001376124790593E+01,2.4500000000000000E+01));
#70030=VERTEX_POINT('',#70020);
#70040=EDGE_CURVE('',#70010,#70030,#69990,.T.);
#70050=ORIENTED_EDGE('',*,*,#70040,.T.);
#70060=CARTESIAN_POINT('',(-3.1355488301517802E+01,
   2.8001376124790593E+01,2.4500000000000000E+01));
#70070=DIRECTION('',(0.0000000000000000E+00,-1.0000000000000000E+00,
   0.0000000000000000E+00));
#70080=DIRECTION('',(1.0000000000000000E+00,0.0000000000000000E+00,
   0.0000000000000000E+00));
#70090=AXIS2_PLACEMENT_3D('',#70060,#70070,#70080);
#70100=CIRCLE('',#70090,5.5000000000000004E-01);
#70110=CARTESIAN_POINT('',(-3.1451982696657517E+01,
   2.8001376124790593E+01,2.3958530858029174E+01));
#70120=VERTEX_POINT('',#70110);
#70130=EDGE_CURVE('',#70010,#70120,#70100,.T.);
#70140=ORIENTED_EDGE('',*,*,#70130,.F.);
#70150=CARTESIAN_POINT('',(-8.4502159542249785E+01,
   2.8001376124790593E+01,-2.9091645987562615E+01));
#70160=DIRECTION('',(-7.0710678118654757E-01,0.0000000000000000E+00,
   -7.0710678118654746E-01));
#70170=VECTOR('',#70160,1.0000000000000000E+00);
#70180=LINE('',#70150,#70170);
#70190=CARTESIAN_POINT('',(-3.0910513554687164E+01,
   2.8001376124790593E+01,2.4500000000000000E+01));
#70200=VERTEX_POINT('',#70190);
#70210=EDGE_CURVE('',#70200,#70120,#70180,.T.);
#70220=ORIENTED_EDGE('',*,*,#70210,.T.);
#70230=CARTESIAN_POINT('',(-8.4502159542249785E+01,
   2.8001376124790593E+01,2.4500000000000000E+01));
#70240=DIRECTION('',(1.0000000000000000E+00,-0.0000000000000000E+00,
   0.0000000000000000E+00));
#70250=VECTOR('',#70240,1.0000000000000000E+00);
#70260=LINE('',#70230,#70250);
#70270=EDGE_CURVE('',#70030,#70200,#70260,.T.);
#70280=ORIENTED_EDGE('',*,*,#70270,.T.);
#70290=EDGE_LOOP('',(#70280,#70220,#70140,#70050));
#70300=FACE_OUTER_BOUND('',#70290,.T.);
#70310=ADVANCED_FACE('',(#70300),#69950,.T.);
#70320=COLOUR_RGB('',9.4901967048645020E-01,9.4901967048645020E-01,
   1.0000000000000000E+00);
#70330=FILL_AREA_STYLE_COLOUR('',#70320);
#70340=FILL_AREA_STYLE('',(#70330));
#70350=SURFACE_STYLE_FILL_AREA(#70340);
#70360=SURFACE_SIDE_STYLE('',(#70350));
#70370=SURFACE_STYLE_USAGE(.BOTH.,#70360);
#70380=PRESENTATION_STYLE_ASSIGNMENT((#70370));
#70390=CARTESIAN_POINT('',(-3.0780488301517799E+01,
   2.7601376124790601E+01,1.4000000000000000E+01));
#70400=DIRECTION('',(-0.0000000000000000E+00,1.0000000000000000E+00,
   0.0000000000000000E+00));
#70410=DIRECTION('',(1.0000000000000000E+00,0.0000000000000000E+00,
   0.0000000000000000E+00));
#70420=AXIS2_PLACEMENT_3D('',#70390,#70400,#70410);
#70430=PLANE('',#70420);
#70440=CARTESIAN_POINT('',(-3.1405488301517799E+01,
   2.7601376124790601E+01,1.4000000000000000E+01));
#70450=DIRECTION('',(0.0000000000000000E+00,-1.0000000000000000E+00,
   0.0000000000000000E+00));
#70460=DIRECTION('',(-1.0000000000000000E+00,0.0000000000000000E+00,
   0.0000000000000000E+00));
#70470=AXIS2_PLACEMENT_3D('',#70440,#70450,#70460);
#70480=CIRCLE('',#70470,1.4499999999999993E+00);
#70490=CARTESIAN_POINT('',(-3.2855488301517795E+01,
   2.7601376124790601E+01,1.4000000000000000E+01));
#70500=VERTEX_POINT('',#70490);
#70510=CARTESIAN_POINT('',(-2.9955488301517800E+01,
   2.7601376124790601E+01,1.4000000000000000E+01));
#70520=VERTEX_POINT('',#70510);
#70530=EDGE_CURVE('',#70500,#70520,#70480,.T.);
#70540=ORIENTED_EDGE('',*,*,#70530,.F.);
#70550=EDGE_CURVE('',#70520,#70500,#70480,.T.);
#70560=ORIENTED_EDGE('',*,*,#70550,.F.);
#70570=EDGE_LOOP('',(#70560,#70540));
#70580=FACE_OUTER_BOUND('',#70570,.T.);
#70590=CARTESIAN_POINT('',(-3.1405488301517792E+01,
   2.7601376124790601E+01,1.4000000000000000E+01));
#70600=DIRECTION('',(0.0000000000000000E+00,1.0000000000000000E+00,
   0.0000000000000000E+00));
#70610=DIRECTION('',(-1.0000000000000000E+00,0.0000000000000000E+00,
   0.0000000000000000E+00));
#70620=AXIS2_PLACEMENT_3D('',#70590,#70600,#70610);
#70630=CIRCLE('',#70620,1.3999999999999999E+00);
#70640=CARTESIAN_POINT('',(-3.2805488301517791E+01,
   2.7601376124790601E+01,1.4000000000000000E+01));
#70650=VERTEX_POINT('',#70640);
#70660=CARTESIAN_POINT('',(-3.0005488301517794E+01,
   2.7601376124790601E+01,1.4000000000000000E+01));
#70670=VERTEX_POINT('',#70660);
#70680=EDGE_CURVE('',#70650,#70670,#70630,.T.);
#70690=ORIENTED_EDGE('',*,*,#70680,.F.);
#70700=EDGE_CURVE('',#70670,#70650,#70630,.T.);
#70710=ORIENTED_EDGE('',*,*,#70700,.F.);
#70720=EDGE_LOOP('',(#70710,#70690));
#70730=FACE_BOUND('',#70720,.T.);
#70740=ADVANCED_FACE('',(#70580,#70730),#70430,.T.);
#70750=COLOUR_RGB('',5.0196081399917603E-01,1.0000000000000000E+00,
   5.0196081399917603E-01);
#70760=FILL_AREA_STYLE_COLOUR('',#70750);
#70770=FILL_AREA_STYLE('',(#70760));
#70780=SURFACE_STYLE_FILL_AREA(#70770);
#70790=SURFACE_SIDE_STYLE('',(#70780));
#70800=SURFACE_STYLE_USAGE(.BOTH.,#70790);
#70810=PRESENTATION_STYLE_ASSIGNMENT((#70800));
#70820=CARTESIAN_POINT('',(-3.2116515403736514E+01,
   2.8001376124790593E+01,1.6293998150950650E+01));
#70830=VERTEX_POINT('',#70820);
#70840=EDGE_CURVE('',#62050,#70830,#62010,.T.);
#70850=ORIENTED_EDGE('',*,*,#70840,.F.);
#70860=CARTESIAN_POINT('',(-3.2116515403736514E+01,
   2.7145319094080318E+01,1.6293998150950650E+01));
#70870=DIRECTION('',(0.0000000000000000E+00,1.0000000000000000E+00,
   0.0000000000000000E+00));
#70880=VECTOR('',#70870,1.0000000000000000E+00);
#70890=LINE('',#70860,#70880);
#70900=CARTESIAN_POINT('',(-3.2116515403736514E+01,
   2.8601376124790601E+01,1.6293998150950650E+01));
#70910=VERTEX_POINT('',#70900);
#70920=EDGE_CURVE('',#70830,#70910,#70890,.T.);
#70930=ORIENTED_EDGE('',*,*,#70920,.F.);
#70940=EDGE_CURVE('',#70910,#62130,#62190,.T.);
#70950=ORIENTED_EDGE('',*,*,#70940,.F.);
#70960=ORIENTED_EDGE('',*,*,#62140,.F.);
#70970=EDGE_LOOP('',(#70960,#70950,#70930,#70850));
#70980=FACE_OUTER_BOUND('',#70970,.T.);
#70990=ADVANCED_FACE('',(#70980),#61970,.T.);
#71000=COLOUR_RGB('',9.4901967048645020E-01,9.4901967048645020E-01,
   1.0000000000000000E+00);
#71010=FILL_AREA_STYLE_COLOUR('',#71000);
#71020=FILL_AREA_STYLE('',(#71010));
#71030=SURFACE_STYLE_FILL_AREA(#71020);
#71040=SURFACE_SIDE_STYLE('',(#71030));
#71050=SURFACE_STYLE_USAGE(.BOTH.,#71040);
#71060=PRESENTATION_STYLE_ASSIGNMENT((#71050));
#71070=CARTESIAN_POINT('',(-3.1405488301517799E+01,
   2.8561376124790595E+01,1.0500000000000000E+01));
#71080=DIRECTION('',(0.0000000000000000E+00,-1.0000000000000000E+00,
   0.0000000000000000E+00));
#71090=DIRECTION('',(-1.0000000000000000E+00,0.0000000000000000E+00,
   0.0000000000000000E+00));
#71100=AXIS2_PLACEMENT_3D('',#71070,#71080,#71090);
#71110=CYLINDRICAL_SURFACE('',#71100,1.4499999999999993E+00);
#71120=CARTESIAN_POINT('',(-3.2855488301517795E+01,
   2.8561376124790595E+01,1.0500000000000000E+01));
#71130=DIRECTION('',(0.0000000000000000E+00,-1.0000000000000000E+00,
   0.0000000000000000E+00));
#71140=VECTOR('',#71130,1.0000000000000000E+00);
#71150=LINE('',#71120,#71140);
#71160=CARTESIAN_POINT('',(-3.2855488301517795E+01,
   2.9321376124790600E+01,1.0500000000000000E+01));
#71170=VERTEX_POINT('',#71160);
#71180=CARTESIAN_POINT('',(-3.2855488301517795E+01,
   2.7601376124790601E+01,1.0500000000000000E+01));
#71190=VERTEX_POINT('',#71180);
#71200=EDGE_CURVE('',#71170,#71190,#71150,.T.);
#71210=ORIENTED_EDGE('',*,*,#71200,.F.);
#71220=CARTESIAN_POINT('',(-3.1405488301517799E+01,
   2.7601376124790601E+01,1.0500000000000000E+01));
#71230=DIRECTION('',(0.0000000000000000E+00,-1.0000000000000000E+00,
   0.0000000000000000E+00));
#71240=DIRECTION('',(-1.0000000000000000E+00,0.0000000000000000E+00,
   0.0000000000000000E+00));
#71250=AXIS2_PLACEMENT_3D('',#71220,#71230,#71240);
#71260=CIRCLE('',#71250,1.4499999999999993E+00);
#71270=CARTESIAN_POINT('',(-2.9955488301517800E+01,
   2.7601376124790601E+01,1.0500000000000000E+01));
#71280=VERTEX_POINT('',#71270);
#71290=EDGE_CURVE('',#71280,#71190,#71260,.T.);
#71300=ORIENTED_EDGE('',*,*,#71290,.T.);
#71310=CARTESIAN_POINT('',(-2.9955488301517800E+01,
   2.8561376124790595E+01,1.0500000000000000E+01));
#71320=DIRECTION('',(0.0000000000000000E+00,-1.0000000000000000E+00,
   0.0000000000000000E+00));
#71330=VECTOR('',#71320,1.0000000000000000E+00);
#71340=LINE('',#71310,#71330);
#71350=CARTESIAN_POINT('',(-2.9955488301517800E+01,
   2.9321376124790600E+01,1.0500000000000000E+01));
#71360=VERTEX_POINT('',#71350);
#71370=EDGE_CURVE('',#71360,#71280,#71340,.T.);
#71380=ORIENTED_EDGE('',*,*,#71370,.T.);
#71390=CARTESIAN_POINT('',(-3.1405488301517799E+01,
   2.9321376124790600E+01,1.0500000000000000E+01));
#71400=DIRECTION('',(0.0000000000000000E+00,-1.0000000000000000E+00,
   0.0000000000000000E+00));
#71410=DIRECTION('',(-1.0000000000000000E+00,0.0000000000000000E+00,
   0.0000000000000000E+00));
#71420=AXIS2_PLACEMENT_3D('',#71390,#71400,#71410);
#71430=CIRCLE('',#71420,1.4499999999999993E+00);
#71440=EDGE_CURVE('',#71360,#71170,#71430,.T.);
#71450=ORIENTED_EDGE('',*,*,#71440,.F.);
#71460=EDGE_LOOP('',(#71450,#71380,#71300,#71210));
#71470=FACE_OUTER_BOUND('',#71460,.T.);
#71480=ADVANCED_FACE('',(#71470),#71110,.F.);
#71490=COLOUR_RGB('',5.0196081399917603E-01,1.0000000000000000E+00,
   5.0196081399917603E-01);
#71500=FILL_AREA_STYLE_COLOUR('',#71490);
#71510=FILL_AREA_STYLE('',(#71500));
#71520=SURFACE_STYLE_FILL_AREA(#71510);
#71530=SURFACE_SIDE_STYLE('',(#71520));
#71540=SURFACE_STYLE_USAGE(.BOTH.,#71530);
#71550=PRESENTATION_STYLE_ASSIGNMENT((#71540));
#71560=CARTESIAN_POINT('',(-3.1652975674933074E+01,
   2.8601376124790594E+01,1.0747487373415282E+01));
#71570=DIRECTION('',(7.0710678118654746E-01,0.0000000000000000E+00,
   -7.0710678118654757E-01));
#71580=DIRECTION('',(0.0000000000000000E+00,-1.0000000000000000E+00,
   0.0000000000000000E+00));
#71590=AXIS2_PLACEMENT_3D('',#71560,#71570,#71580);
#71600=PLANE('',#71590);
#71610=ORIENTED_EDGE('',*,*,#47810,.T.);
#71620=CARTESIAN_POINT('',(-8.4502159542249785E+01,
   2.8001376124790593E+01,-4.2101696493901422E+01));
#71630=DIRECTION('',(7.0710678118654757E-01,0.0000000000000000E+00,
   7.0710678118654746E-01));
#71640=VECTOR('',#71630,1.0000000000000000E+00);
#71650=LINE('',#71620,#71640);
#71660=CARTESIAN_POINT('',(-3.1350485798849824E+01,
   2.8001376124790593E+01,1.1049977249499520E+01));
#71670=VERTEX_POINT('',#71660);
#71680=EDGE_CURVE('',#36120,#71670,#71650,.T.);
#71690=ORIENTED_EDGE('',*,*,#71680,.F.);
#71700=CARTESIAN_POINT('',(-3.1350485798848844E+01,
   3.9321376124790604E+01,1.1049977249499511E+01));
#71710=DIRECTION('',(0.0000000000000000E+00,-1.0000000000000000E+00,
   0.0000000000000000E+00));
#71720=VECTOR('',#71710,1.0000000000000000E+00);
#71730=LINE('',#71700,#71720);
#71740=CARTESIAN_POINT('',(-3.1350485798850627E+01,
   2.8601376124790601E+01,1.1049977249499527E+01));
#71750=VERTEX_POINT('',#71740);
#71760=EDGE_CURVE('',#71750,#71670,#71730,.T.);
#71770=ORIENTED_EDGE('',*,*,#71760,.T.);
#71780=CARTESIAN_POINT('',(-8.4502159542249785E+01,
   2.8601376124790601E+01,-4.2101696493901422E+01));
#71790=DIRECTION('',(-7.0710678118654757E-01,0.0000000000000000E+00,
   -7.0710678118654746E-01));
#71800=VECTOR('',#71790,1.0000000000000000E+00);
#71810=LINE('',#71780,#71800);
#71820=EDGE_CURVE('',#71750,#47800,#71810,.T.);
#71830=ORIENTED_EDGE('',*,*,#71820,.F.);
#71840=EDGE_LOOP('',(#71830,#71770,#71690,#71610));
#71850=FACE_OUTER_BOUND('',#71840,.T.);
#71860=ADVANCED_FACE('',(#71850),#71600,.T.);
#71870=COLOUR_RGB('',9.4901967048645020E-01,9.4901967048645020E-01,
   1.0000000000000000E+00);
#71880=FILL_AREA_STYLE_COLOUR('',#71870);
#71890=FILL_AREA_STYLE('',(#71880));
#71900=SURFACE_STYLE_FILL_AREA(#71890);
#71910=SURFACE_SIDE_STYLE('',(#71900));
#71920=SURFACE_STYLE_USAGE(.BOTH.,#71910);
#71930=PRESENTATION_STYLE_ASSIGNMENT((#71920));
#71940=CARTESIAN_POINT('',(-3.0694461199299042E+01,
   2.8001376124790593E+01,1.1706001849049315E+01));
#71950=VERTEX_POINT('',#71940);
#71960=EDGE_CURVE('',#71670,#71950,#71650,.T.);
#71970=ORIENTED_EDGE('',*,*,#71960,.F.);
#71980=CARTESIAN_POINT('',(-3.0694461199299035E+01,
   2.7145319094080318E+01,1.1706001849049326E+01));
#71990=DIRECTION('',(0.0000000000000000E+00,1.0000000000000000E+00,
   0.0000000000000000E+00));
#72000=VECTOR('',#71990,1.0000000000000000E+00);
#72010=LINE('',#71980,#72000);
#72020=CARTESIAN_POINT('',(-3.0694461199299035E+01,
   2.8601376124790601E+01,1.1706001849049326E+01));
#72030=VERTEX_POINT('',#72020);
#72040=EDGE_CURVE('',#71950,#72030,#72010,.T.);
#72050=ORIENTED_EDGE('',*,*,#72040,.F.);
#72060=EDGE_CURVE('',#72030,#71750,#71810,.T.);
#72070=ORIENTED_EDGE('',*,*,#72060,.F.);
#72080=ORIENTED_EDGE('',*,*,#71760,.F.);
#72090=EDGE_LOOP('',(#72080,#72070,#72050,#71970));
#72100=FACE_OUTER_BOUND('',#72090,.T.);
#72110=ADVANCED_FACE('',(#72100),#71600,.T.);
#72120=COLOUR_RGB('',9.4901967048645020E-01,9.4901967048645020E-01,
   1.0000000000000000E+00);
#72130=FILL_AREA_STYLE_COLOUR('',#72120);
#72140=FILL_AREA_STYLE('',(#72130));
#72150=SURFACE_STYLE_FILL_AREA(#72140);
#72160=SURFACE_SIDE_STYLE('',(#72150));
#72170=SURFACE_STYLE_USAGE(.BOTH.,#72160);
#72180=PRESENTATION_STYLE_ASSIGNMENT((#72170));
#72190=CARTESIAN_POINT('',(-3.0780488301517799E+01,
   2.7601376124790601E+01,1.0500000000000000E+01));
#72200=DIRECTION('',(-0.0000000000000000E+00,1.0000000000000000E+00,
   0.0000000000000000E+00));
#72210=DIRECTION('',(1.0000000000000000E+00,0.0000000000000000E+00,
   0.0000000000000000E+00));
#72220=AXIS2_PLACEMENT_3D('',#72190,#72200,#72210);
#72230=PLANE('',#72220);
#72240=EDGE_CURVE('',#71190,#71280,#71260,.T.);
#72250=ORIENTED_EDGE('',*,*,#72240,.F.);
#72260=ORIENTED_EDGE('',*,*,#71290,.F.);
#72270=EDGE_LOOP('',(#72260,#72250));
#72280=FACE_OUTER_BOUND('',#72270,.T.);
#72290=CARTESIAN_POINT('',(-3.1405488301517792E+01,
   2.7601376124790601E+01,1.0500000000000000E+01));
#72300=DIRECTION('',(0.0000000000000000E+00,1.0000000000000000E+00,
   0.0000000000000000E+00));
#72310=DIRECTION('',(-1.0000000000000000E+00,0.0000000000000000E+00,
   0.0000000000000000E+00));
#72320=AXIS2_PLACEMENT_3D('',#72290,#72300,#72310);
#72330=CIRCLE('',#72320,1.3999999999999999E+00);
#72340=CARTESIAN_POINT('',(-3.2805488301517791E+01,
   2.7601376124790601E+01,1.0500000000000000E+01));
#72350=VERTEX_POINT('',#72340);
#72360=CARTESIAN_POINT('',(-3.0005488301517794E+01,
   2.7601376124790601E+01,1.0500000000000000E+01));
#72370=VERTEX_POINT('',#72360);
#72380=EDGE_CURVE('',#72350,#72370,#72330,.T.);
#72390=ORIENTED_EDGE('',*,*,#72380,.F.);
#72400=EDGE_CURVE('',#72370,#72350,#72330,.T.);
#72410=ORIENTED_EDGE('',*,*,#72400,.F.);
#72420=EDGE_LOOP('',(#72410,#72390));
#72430=FACE_BOUND('',#72420,.T.);
#72440=ADVANCED_FACE('',(#72280,#72430),#72230,.T.);
#72450=COLOUR_RGB('',5.0196081399917603E-01,1.0000000000000000E+00,
   5.0196081399917603E-01);
#72460=FILL_AREA_STYLE_COLOUR('',#72450);
#72470=FILL_AREA_STYLE('',(#72460));
#72480=SURFACE_STYLE_FILL_AREA(#72470);
#72490=SURFACE_SIDE_STYLE('',(#72480));
#72500=SURFACE_STYLE_USAGE(.BOTH.,#72490);
#72510=PRESENTATION_STYLE_ASSIGNMENT((#72500));
#72520=CARTESIAN_POINT('',(-3.1405488301517792E+01,
   2.7145319094080318E+01,1.0500000000000000E+01));
#72530=DIRECTION('',(0.0000000000000000E+00,1.0000000000000000E+00,
   0.0000000000000000E+00));
#72540=DIRECTION('',(-1.0000000000000000E+00,0.0000000000000000E+00,
   0.0000000000000000E+00));
#72550=AXIS2_PLACEMENT_3D('',#72520,#72530,#72540);
#72560=CYLINDRICAL_SURFACE('',#72550,1.3999999999999999E+00);
#72570=CARTESIAN_POINT('',(-3.0005488301517794E+01,
   2.7145319094080318E+01,1.0500000000000000E+01));
#72580=DIRECTION('',(0.0000000000000000E+00,1.0000000000000000E+00,
   0.0000000000000000E+00));
#72590=VECTOR('',#72580,1.0000000000000000E+00);
#72600=LINE('',#72570,#72590);
#72610=EDGE_CURVE('',#72370,#61350,#72600,.T.);
#72620=ORIENTED_EDGE('',*,*,#72610,.F.);
#72630=ORIENTED_EDGE('',*,*,#61360,.F.);
#72640=ORIENTED_EDGE('',*,*,#27610,.T.);
#72650=ORIENTED_EDGE('',*,*,#49570,.F.);
#72660=ORIENTED_EDGE('',*,*,#59060,.F.);
#72670=CARTESIAN_POINT('',(-3.1405488301517792E+01,
   2.8601376124790601E+01,1.0500000000000000E+01));
#72680=DIRECTION('',(0.0000000000000000E+00,1.0000000000000000E+00,
   0.0000000000000000E+00));
#72690=DIRECTION('',(-1.0000000000000000E+00,0.0000000000000000E+00,
   0.0000000000000000E+00));
#72700=AXIS2_PLACEMENT_3D('',#72670,#72680,#72690);
#72710=CIRCLE('',#72700,1.3999999999999999E+00);
#72720=CARTESIAN_POINT('',(-3.2805488301517791E+01,
   2.8601376124790601E+01,1.0500000000000000E+01));
#72730=VERTEX_POINT('',#72720);
#72740=EDGE_CURVE('',#58990,#72730,#72710,.T.);
#72750=ORIENTED_EDGE('',*,*,#72740,.F.);
#72760=CARTESIAN_POINT('',(-3.2805488301517791E+01,
   2.7145319094080318E+01,1.0500000000000000E+01));
#72770=DIRECTION('',(0.0000000000000000E+00,1.0000000000000000E+00,
   0.0000000000000000E+00));
#72780=VECTOR('',#72770,1.0000000000000000E+00);
#72790=LINE('',#72760,#72780);
#72800=EDGE_CURVE('',#72350,#72730,#72790,.T.);
#72810=ORIENTED_EDGE('',*,*,#72800,.T.);
#72820=ORIENTED_EDGE('',*,*,#72400,.T.);
#72830=EDGE_LOOP('',(#72820,#72810,#72750,#72660,#72650,#72640,#72630,
   #72620));
#72840=FACE_OUTER_BOUND('',#72830,.T.);
#72850=ADVANCED_FACE('',(#72840),#72560,.T.);
#72860=COLOUR_RGB('',9.4901967048645020E-01,9.4901967048645020E-01,
   1.0000000000000000E+00);
#72870=FILL_AREA_STYLE_COLOUR('',#72860);
#72880=FILL_AREA_STYLE('',(#72870));
#72890=SURFACE_STYLE_FILL_AREA(#72880);
#72900=SURFACE_SIDE_STYLE('',(#72890));
#72910=SURFACE_STYLE_USAGE(.BOTH.,#72900);
#72920=PRESENTATION_STYLE_ASSIGNMENT((#72910));
#72930=CARTESIAN_POINT('',(-3.2074229385564998E+01,
   2.8601376124790601E+01,1.1168741084047205E+01));
#72940=DIRECTION('',(0.0000000000000000E+00,1.0000000000000000E+00,
   0.0000000000000000E+00));
#72950=DIRECTION('',(7.0710678118654746E-01,0.0000000000000000E+00,
   -7.0710678118654757E-01));
#72960=AXIS2_PLACEMENT_3D('',#72930,#72940,#72950);
#72970=PLANE('',#72960);
#72980=ORIENTED_EDGE('',*,*,#72060,.T.);
#72990=EDGE_CURVE('',#72730,#72030,#72710,.T.);
#73000=ORIENTED_EDGE('',*,*,#72990,.T.);
#73010=ORIENTED_EDGE('',*,*,#72740,.T.);
#73020=ORIENTED_EDGE('',*,*,#59000,.T.);
#73030=ORIENTED_EDGE('',*,*,#48190,.T.);
#73040=CARTESIAN_POINT('',(-3.1355488301517802E+01,
   2.8601376124790601E+01,1.0500000000000000E+01));
#73050=DIRECTION('',(0.0000000000000000E+00,-1.0000000000000000E+00,
   0.0000000000000000E+00));
#73060=DIRECTION('',(1.0000000000000000E+00,0.0000000000000000E+00,
   0.0000000000000000E+00));
#73070=AXIS2_PLACEMENT_3D('',#73040,#73050,#73060);
#73080=CIRCLE('',#73070,5.5000000000000004E-01);
#73090=EDGE_CURVE('',#71750,#48180,#73080,.T.);
#73100=ORIENTED_EDGE('',*,*,#73090,.T.);
#73110=EDGE_LOOP('',(#73100,#73030,#73020,#73010,#73000,#72980));
#73120=FACE_OUTER_BOUND('',#73110,.T.);
#73130=ADVANCED_FACE('',(#73120),#72970,.T.);
#73140=COLOUR_RGB('',9.4901967048645020E-01,9.4901967048645020E-01,
   1.0000000000000000E+00);
#73150=FILL_AREA_STYLE_COLOUR('',#73140);
#73160=FILL_AREA_STYLE('',(#73150));
#73170=SURFACE_STYLE_FILL_AREA(#73160);
#73180=SURFACE_SIDE_STYLE('',(#73170));
#73190=SURFACE_STYLE_USAGE(.BOTH.,#73180);
#73200=PRESENTATION_STYLE_ASSIGNMENT((#73190));
#73210=CARTESIAN_POINT('',(-3.1158000928102481E+01,
   2.8001376124790593E+01,1.0252512626584682E+01));
#73220=DIRECTION('',(0.0000000000000000E+00,1.0000000000000000E+00,
   0.0000000000000000E+00));
#73230=DIRECTION('',(7.0710678118654746E-01,0.0000000000000000E+00,
   -7.0710678118654757E-01));
#73240=AXIS2_PLACEMENT_3D('',#73210,#73220,#73230);
#73250=PLANE('',#73240);
#73260=CARTESIAN_POINT('',(-8.4502159542249785E+01,
   2.8001376124790593E+01,-4.3091645987562615E+01));
#73270=DIRECTION('',(-7.0710678118654757E-01,0.0000000000000000E+00,
   -7.0710678118654746E-01));
#73280=VECTOR('',#73270,1.0000000000000000E+00);
#73290=LINE('',#73260,#73280);
#73300=CARTESIAN_POINT('',(-3.0199486452468442E+01,
   2.8001376124790593E+01,1.1211027102218718E+01));
#73310=VERTEX_POINT('',#73300);
#73320=CARTESIAN_POINT('',(-3.0814019159546973E+01,
   2.8001376124790593E+01,1.0596494395139700E+01));
#73330=VERTEX_POINT('',#73320);
#73340=EDGE_CURVE('',#73310,#73330,#73290,.T.);
#73350=ORIENTED_EDGE('',*,*,#73340,.T.);
#73360=CARTESIAN_POINT('',(-3.1405488301517792E+01,
   2.8001376124790593E+01,1.0500000000000000E+01));
#73370=DIRECTION('',(0.0000000000000000E+00,1.0000000000000000E+00,
   0.0000000000000000E+00));
#73380=DIRECTION('',(-1.0000000000000000E+00,0.0000000000000000E+00,
   0.0000000000000000E+00));
#73390=AXIS2_PLACEMENT_3D('',#73360,#73370,#73380);
#73400=CIRCLE('',#73390,1.3999999999999999E+00);
#73410=EDGE_CURVE('',#71950,#73310,#73400,.T.);
#73420=ORIENTED_EDGE('',*,*,#73410,.T.);
#73430=ORIENTED_EDGE('',*,*,#71960,.T.);
#73440=CARTESIAN_POINT('',(-3.1355488301517802E+01,
   2.8001376124790593E+01,1.0500000000000000E+01));
#73450=DIRECTION('',(0.0000000000000000E+00,-1.0000000000000000E+00,
   0.0000000000000000E+00));
#73460=DIRECTION('',(1.0000000000000000E+00,0.0000000000000000E+00,
   0.0000000000000000E+00));
#73470=AXIS2_PLACEMENT_3D('',#73440,#73450,#73460);
#73480=CIRCLE('',#73470,5.5000000000000004E-01);
#73490=EDGE_CURVE('',#73330,#71670,#73480,.T.);
#73500=ORIENTED_EDGE('',*,*,#73490,.T.);
#73510=EDGE_LOOP('',(#73500,#73430,#73420,#73350));
#73520=FACE_OUTER_BOUND('',#73510,.T.);
#73530=ADVANCED_FACE('',(#73520),#73250,.T.);
#73540=COLOUR_RGB('',9.4901967048645020E-01,9.4901967048645020E-01,
   1.0000000000000000E+00);
#73550=FILL_AREA_STYLE_COLOUR('',#73540);
#73560=FILL_AREA_STYLE('',(#73550));
#73570=SURFACE_STYLE_FILL_AREA(#73560);
#73580=SURFACE_SIDE_STYLE('',(#73570));
#73590=SURFACE_STYLE_USAGE(.BOTH.,#73580);
#73600=PRESENTATION_STYLE_ASSIGNMENT((#73590));
#73610=ORIENTED_EDGE('',*,*,#73490,.F.);
#73620=ORIENTED_EDGE('',*,*,#71680,.T.);
#73630=ORIENTED_EDGE('',*,*,#36300,.T.);
#73640=EDGE_CURVE('',#73330,#36230,#73290,.T.);
#73650=ORIENTED_EDGE('',*,*,#73640,.T.);
#73660=EDGE_LOOP('',(#73650,#73630,#73620,#73610));
#73670=FACE_OUTER_BOUND('',#73660,.T.);
#73680=ADVANCED_FACE('',(#73670),#73250,.T.);
#73690=COLOUR_RGB('',9.4901967048645020E-01,9.4901967048645020E-01,
   1.0000000000000000E+00);
#73700=FILL_AREA_STYLE_COLOUR('',#73690);
#73710=FILL_AREA_STYLE('',(#73700));
#73720=SURFACE_STYLE_FILL_AREA(#73710);
#73730=SURFACE_SIDE_STYLE('',(#73720));
#73740=SURFACE_STYLE_USAGE(.BOTH.,#73730);
#73750=PRESENTATION_STYLE_ASSIGNMENT((#73740));
#73760=CARTESIAN_POINT('',(-3.1158000928102481E+01,
   2.7601376124790594E+01,1.0252512626584682E+01));
#73770=DIRECTION('',(-7.0710678118654746E-01,0.0000000000000000E+00,
   7.0710678118654757E-01));
#73780=DIRECTION('',(0.0000000000000000E+00,1.0000000000000000E+00,
   0.0000000000000000E+00));
#73790=AXIS2_PLACEMENT_3D('',#73760,#73770,#73780);
#73800=PLANE('',#73790);
#73810=ORIENTED_EDGE('',*,*,#73340,.F.);
#73820=CARTESIAN_POINT('',(-3.0814019159547051E+01,
   3.9321376124790604E+01,1.0596494395140114E+01));
#73830=DIRECTION('',(0.0000000000000000E+00,-1.0000000000000000E+00,
   0.0000000000000000E+00));
#73840=VECTOR('',#73830,1.0000000000000000E+00);
#73850=LINE('',#73820,#73840);
#73860=EDGE_CURVE('',#61470,#73330,#73850,.T.);
#73870=ORIENTED_EDGE('',*,*,#73860,.T.);
#73880=ORIENTED_EDGE('',*,*,#61480,.F.);
#73890=CARTESIAN_POINT('',(-3.0199486452468442E+01,
   2.7145319094080318E+01,1.1211027102218718E+01));
#73900=DIRECTION('',(0.0000000000000000E+00,1.0000000000000000E+00,
   0.0000000000000000E+00));
#73910=VECTOR('',#73900,1.0000000000000000E+00);
#73920=LINE('',#73890,#73910);
#73930=EDGE_CURVE('',#73310,#61390,#73920,.T.);
#73940=ORIENTED_EDGE('',*,*,#73930,.T.);
#73950=EDGE_LOOP('',(#73940,#73880,#73870,#73810));
#73960=FACE_OUTER_BOUND('',#73950,.T.);
#73970=ADVANCED_FACE('',(#73960),#73800,.T.);
#73980=COLOUR_RGB('',9.4901967048645020E-01,9.4901967048645020E-01,
   1.0000000000000000E+00);
#73990=FILL_AREA_STYLE_COLOUR('',#73980);
#74000=FILL_AREA_STYLE('',(#73990));
#74010=SURFACE_STYLE_FILL_AREA(#74000);
#74020=SURFACE_SIDE_STYLE('',(#74010));
#74030=SURFACE_STYLE_USAGE(.BOTH.,#74020);
#74040=PRESENTATION_STYLE_ASSIGNMENT((#74030));
#74050=ORIENTED_EDGE('',*,*,#73640,.F.);
#74060=ORIENTED_EDGE('',*,*,#49360,.T.);
#74070=EDGE_CURVE('',#49290,#61470,#61450,.T.);
#74080=ORIENTED_EDGE('',*,*,#74070,.F.);
#74090=ORIENTED_EDGE('',*,*,#73860,.F.);
#74100=EDGE_LOOP('',(#74090,#74080,#74060,#74050));
#74110=FACE_OUTER_BOUND('',#74100,.T.);
#74120=ADVANCED_FACE('',(#74110),#73800,.T.);
#74130=COLOUR_RGB('',9.4901967048645020E-01,9.4901967048645020E-01,
   1.0000000000000000E+00);
#74140=FILL_AREA_STYLE_COLOUR('',#74130);
#74150=FILL_AREA_STYLE('',(#74140));
#74160=SURFACE_STYLE_FILL_AREA(#74150);
#74170=SURFACE_SIDE_STYLE('',(#74160));
#74180=SURFACE_STYLE_USAGE(.BOTH.,#74170);
#74190=PRESENTATION_STYLE_ASSIGNMENT((#74180));
#74200=ORIENTED_EDGE('',*,*,#61700,.T.);
#74210=CARTESIAN_POINT('',(-3.1405488301517792E+01,
   2.8001376124790593E+01,1.4000000000000000E+01));
#74220=DIRECTION('',(0.0000000000000000E+00,1.0000000000000000E+00,
   0.0000000000000000E+00));
#74230=DIRECTION('',(-1.0000000000000000E+00,0.0000000000000000E+00,
   0.0000000000000000E+00));
#74240=AXIS2_PLACEMENT_3D('',#74210,#74220,#74230);
#74250=CIRCLE('',#74240,1.3999999999999999E+00);
#74260=EDGE_CURVE('',#54120,#61690,#74250,.T.);
#74270=ORIENTED_EDGE('',*,*,#74260,.T.);
#74280=ORIENTED_EDGE('',*,*,#54130,.T.);
#74290=ORIENTED_EDGE('',*,*,#60080,.T.);
#74300=EDGE_LOOP('',(#74290,#74280,#74270,#74200));
#74310=FACE_OUTER_BOUND('',#74300,.T.);
#74320=ADVANCED_FACE('',(#74310),#60010,.T.);
#74330=COLOUR_RGB('',9.4901967048645020E-01,9.4901967048645020E-01,
   1.0000000000000000E+00);
#74340=FILL_AREA_STYLE_COLOUR('',#74330);
#74350=FILL_AREA_STYLE('',(#74340));
#74360=SURFACE_STYLE_FILL_AREA(#74350);
#74370=SURFACE_SIDE_STYLE('',(#74360));
#74380=SURFACE_STYLE_USAGE(.BOTH.,#74370);
#74390=PRESENTATION_STYLE_ASSIGNMENT((#74380));
#74400=ORIENTED_EDGE('',*,*,#73090,.F.);
#74410=ORIENTED_EDGE('',*,*,#48260,.T.);
#74420=ORIENTED_EDGE('',*,*,#71820,.T.);
#74430=EDGE_LOOP('',(#74420,#74410,#74400));
#74440=FACE_OUTER_BOUND('',#74430,.T.);
#74450=ADVANCED_FACE('',(#74440),#72970,.T.);
#74460=COLOUR_RGB('',9.4901967048645020E-01,9.4901967048645020E-01,
   1.0000000000000000E+00);
#74470=FILL_AREA_STYLE_COLOUR('',#74460);
#74480=FILL_AREA_STYLE('',(#74470));
#74490=SURFACE_STYLE_FILL_AREA(#74480);
#74500=SURFACE_SIDE_STYLE('',(#74490));
#74510=SURFACE_STYLE_USAGE(.BOTH.,#74500);
#74520=PRESENTATION_STYLE_ASSIGNMENT((#74510));
#74530=ORIENTED_EDGE('',*,*,#61550,.F.);
#74540=ORIENTED_EDGE('',*,*,#74070,.T.);
#74550=ORIENTED_EDGE('',*,*,#57150,.T.);
#74560=EDGE_LOOP('',(#74550,#74540,#74530));
#74570=FACE_OUTER_BOUND('',#74560,.T.);
#74580=ADVANCED_FACE('',(#74570),#72970,.T.);
#74590=COLOUR_RGB('',9.4901967048645020E-01,9.4901967048645020E-01,
   1.0000000000000000E+00);
#74600=FILL_AREA_STYLE_COLOUR('',#74590);
#74610=FILL_AREA_STYLE('',(#74600));
#74620=SURFACE_STYLE_FILL_AREA(#74610);
#74630=SURFACE_SIDE_STYLE('',(#74620));
#74640=SURFACE_STYLE_USAGE(.BOTH.,#74630);
#74650=PRESENTATION_STYLE_ASSIGNMENT((#74640));
#74660=CARTESIAN_POINT('',(-2.9886031253416185E+01,
   2.0321376124790600E+01,1.9726922491185586E+01));
#74670=DIRECTION('',(0.0000000000000000E+00,-1.0000000000000000E+00,
   0.0000000000000000E+00));
#74680=DIRECTION('',(1.0000000000000000E+00,0.0000000000000000E+00,
   0.0000000000000000E+00));
#74690=AXIS2_PLACEMENT_3D('',#74660,#74670,#74680);
#74700=PLANE('',#74690);
#74710=CARTESIAN_POINT('',(-3.1105488301517802E+01,
   2.0321376124790600E+01,2.2500000000000000E+01));
#74720=DIRECTION('',(0.0000000000000000E+00,0.0000000000000000E+00,
   -1.0000000000000000E+00));
#74730=VECTOR('',#74720,1.0000000000000000E+00);
#74740=LINE('',#74710,#74730);
#74750=CARTESIAN_POINT('',(-3.1105488301517802E+01,
   2.0321376124790600E+01,1.7949999999999999E+01));
#74760=VERTEX_POINT('',#74750);
#74770=CARTESIAN_POINT('',(-3.1105488301517802E+01,
   2.0321376124790600E+01,1.7500000000000000E+01));
#74780=VERTEX_POINT('',#74770);
#74790=EDGE_CURVE('',#74760,#74780,#74740,.T.);
#74800=ORIENTED_EDGE('',*,*,#74790,.T.);
#74810=CARTESIAN_POINT('',(-8.4502159542249785E+01,
   2.0321376124790600E+01,1.7949999999999999E+01));
#74820=DIRECTION('',(-1.0000000000000000E+00,0.0000000000000000E+00,
   0.0000000000000000E+00));
#74830=VECTOR('',#74820,1.0000000000000000E+00);
#74840=LINE('',#74810,#74830);
#74850=CARTESIAN_POINT('',(-3.1605488301517802E+01,
   2.0321376124790600E+01,1.7949999999999999E+01));
#74860=VERTEX_POINT('',#74850);
#74870=EDGE_CURVE('',#74760,#74860,#74840,.T.);
#74880=ORIENTED_EDGE('',*,*,#74870,.F.);
#74890=CARTESIAN_POINT('',(-3.1605488301517802E+01,
   2.0321376124790600E+01,2.2500000000000000E+01));
#74900=DIRECTION('',(0.0000000000000000E+00,0.0000000000000000E+00,
   1.0000000000000000E+00));
#74910=VECTOR('',#74900,1.0000000000000000E+00);
#74920=LINE('',#74890,#74910);
#74930=CARTESIAN_POINT('',(-3.1605488301517802E+01,
   2.0321376124790600E+01,1.7500000000000000E+01));
#74940=VERTEX_POINT('',#74930);
#74950=EDGE_CURVE('',#74940,#74860,#74920,.T.);
#74960=ORIENTED_EDGE('',*,*,#74950,.T.);
#74970=CARTESIAN_POINT('',(-8.4502159542249785E+01,
   2.0321376124790600E+01,1.7500000000000000E+01));
#74980=DIRECTION('',(1.0000000000000000E+00,0.0000000000000000E+00,
   0.0000000000000000E+00));
#74990=VECTOR('',#74980,1.0000000000000000E+00);
#75000=LINE('',#74970,#74990);
#75010=CARTESIAN_POINT('',(-3.1905488301517803E+01,
   2.0321376124790600E+01,1.7500000000000000E+01));
#75020=VERTEX_POINT('',#75010);
#75030=EDGE_CURVE('',#75020,#74940,#75000,.T.);
#75040=ORIENTED_EDGE('',*,*,#75030,.T.);
#75050=CARTESIAN_POINT('',(-3.1355488301517802E+01,
   2.0321376124790600E+01,1.7500000000000000E+01));
#75060=DIRECTION('',(0.0000000000000000E+00,-1.0000000000000000E+00,
   0.0000000000000000E+00));
#75070=DIRECTION('',(1.0000000000000000E+00,0.0000000000000000E+00,
   0.0000000000000000E+00));
#75080=AXIS2_PLACEMENT_3D('',#75050,#75060,#75070);
#75090=CIRCLE('',#75080,5.5000000000000004E-01);
#75100=CARTESIAN_POINT('',(-3.0805488301517801E+01,
   2.0321376124790600E+01,1.7500000000000000E+01));
#75110=VERTEX_POINT('',#75100);
#75120=EDGE_CURVE('',#75110,#75020,#75090,.T.);
#75130=ORIENTED_EDGE('',*,*,#75120,.T.);
#75140=EDGE_CURVE('',#74780,#75110,#75000,.T.);
#75150=ORIENTED_EDGE('',*,*,#75140,.T.);
#75160=EDGE_LOOP('',(#75150,#75130,#75040,#74960,#74880,#74800));
#75170=FACE_OUTER_BOUND('',#75160,.T.);
#75180=ADVANCED_FACE('',(#75170),#74700,.T.);
#75190=COLOUR_RGB('',9.4901961088180542E-01,9.4901961088180542E-01,
   1.0000000000000000E+00);
#75200=FILL_AREA_STYLE_COLOUR('',#75190);
#75210=FILL_AREA_STYLE('',(#75200));
#75220=SURFACE_STYLE_FILL_AREA(#75210);
#75230=SURFACE_SIDE_STYLE('',(#75220));
#75240=SURFACE_STYLE_USAGE(.BOTH.,#75230);
#75250=PRESENTATION_STYLE_ASSIGNMENT((#75240));
#75260=CARTESIAN_POINT('',(-3.2074229385564998E+01,
   2.8601376124790601E+01,1.8168741084047205E+01));
#75270=DIRECTION('',(0.0000000000000000E+00,1.0000000000000000E+00,
   0.0000000000000000E+00));
#75280=DIRECTION('',(7.0710678118654746E-01,0.0000000000000000E+00,
   -7.0710678118654757E-01));
#75290=AXIS2_PLACEMENT_3D('',#75260,#75270,#75280);
#75300=PLANE('',#75290);
#75310=ORIENTED_EDGE('',*,*,#70940,.T.);
#75320=CARTESIAN_POINT('',(-3.1405488301517792E+01,
   2.8601376124790601E+01,1.7500000000000000E+01));
#75330=DIRECTION('',(0.0000000000000000E+00,1.0000000000000000E+00,
   0.0000000000000000E+00));
#75340=DIRECTION('',(-1.0000000000000000E+00,0.0000000000000000E+00,
   0.0000000000000000E+00));
#75350=AXIS2_PLACEMENT_3D('',#75320,#75330,#75340);
#75360=CIRCLE('',#75350,1.3999999999999999E+00);
#75370=CARTESIAN_POINT('',(-3.0005488301517794E+01,
   2.8601376124790601E+01,1.7500000000000000E+01));
#75380=VERTEX_POINT('',#75370);
#75390=EDGE_CURVE('',#75380,#70910,#75360,.T.);
#75400=ORIENTED_EDGE('',*,*,#75390,.T.);
#75410=CARTESIAN_POINT('',(-3.0199486452468442E+01,
   2.8601376124790601E+01,1.8211027102218718E+01));
#75420=VERTEX_POINT('',#75410);
#75430=EDGE_CURVE('',#75420,#75380,#75360,.T.);
#75440=ORIENTED_EDGE('',*,*,#75430,.T.);
#75450=CARTESIAN_POINT('',(-8.4502159542249785E+01,
   2.8601376124790601E+01,-3.6091645987562615E+01));
#75460=DIRECTION('',(7.0710678118654757E-01,0.0000000000000000E+00,
   7.0710678118654746E-01));
#75470=VECTOR('',#75460,1.0000000000000000E+00);
#75480=LINE('',#75450,#75470);
#75490=CARTESIAN_POINT('',(-3.0814019159547051E+01,
   2.8601376124790601E+01,1.7596494395140112E+01));
#75500=VERTEX_POINT('',#75490);
#75510=EDGE_CURVE('',#75500,#75420,#75480,.T.);
#75520=ORIENTED_EDGE('',*,*,#75510,.T.);
#75530=CARTESIAN_POINT('',(-3.1355488301517802E+01,
   2.8601376124790601E+01,1.7500000000000000E+01));
#75540=DIRECTION('',(0.0000000000000000E+00,-1.0000000000000000E+00,
   0.0000000000000000E+00));
#75550=DIRECTION('',(1.0000000000000000E+00,0.0000000000000000E+00,
   0.0000000000000000E+00));
#75560=AXIS2_PLACEMENT_3D('',#75530,#75540,#75550);
#75570=CIRCLE('',#75560,5.5000000000000004E-01);
#75580=CARTESIAN_POINT('',(-3.0805488301517805E+01,
   2.8601376124790601E+01,1.7500000000000000E+01));
#75590=VERTEX_POINT('',#75580);
#75600=EDGE_CURVE('',#75590,#75500,#75570,.T.);
#75610=ORIENTED_EDGE('',*,*,#75600,.T.);
#75620=CARTESIAN_POINT('',(-3.1355488301517802E+01,
   2.8601376124790601E+01,1.7500000000000000E+01));
#75630=DIRECTION('',(0.0000000000000000E+00,-1.0000000000000000E+00,
   0.0000000000000000E+00));
#75640=DIRECTION('',(1.0000000000000000E+00,0.0000000000000000E+00,
   0.0000000000000000E+00));
#75650=AXIS2_PLACEMENT_3D('',#75620,#75630,#75640);
#75660=CIRCLE('',#75650,5.5000000000000004E-01);
#75670=EDGE_CURVE('',#62130,#75590,#75660,.T.);
#75680=ORIENTED_EDGE('',*,*,#75670,.T.);
#75690=EDGE_LOOP('',(#75680,#75610,#75520,#75440,#75400,#75310));
#75700=FACE_OUTER_BOUND('',#75690,.T.);
#75710=ADVANCED_FACE('',(#75700),#75300,.T.);
#75720=COLOUR_RGB('',9.4901967048645020E-01,9.4901967048645020E-01,
   1.0000000000000000E+00);
#75730=FILL_AREA_STYLE_COLOUR('',#75720);
#75740=FILL_AREA_STYLE('',(#75730));
#75750=SURFACE_STYLE_FILL_AREA(#75740);
#75760=SURFACE_SIDE_STYLE('',(#75750));
#75770=SURFACE_STYLE_USAGE(.BOTH.,#75760);
#75780=PRESENTATION_STYLE_ASSIGNMENT((#75770));
#75790=CARTESIAN_POINT('',(-3.4997595082704343E+01,
   2.2071376124790600E+01,1.2999999999999998E+01));
#75800=DIRECTION('',(0.0000000000000000E+00,-1.0000000000000000E+00,
   0.0000000000000000E+00));
#75810=DIRECTION('',(1.0000000000000000E+00,0.0000000000000000E+00,
   0.0000000000000000E+00));
#75820=AXIS2_PLACEMENT_3D('',#75790,#75800,#75810);
#75830=CYLINDRICAL_SURFACE('',#75820,5.0000000000000000E-01);
#75840=ORIENTED_EDGE('',*,*,#49140,.F.);
#75850=ORIENTED_EDGE('',*,*,#69400,.T.);
#75860=CARTESIAN_POINT('',(-3.4955488301517804E+01,
   2.2071376124790600E+01,1.2501776135679844E+01));
#75870=DIRECTION('',(0.0000000000000000E+00,-1.0000000000000000E+00,
   0.0000000000000000E+00));
#75880=VECTOR('',#75870,1.0000000000000000E+00);
#75890=LINE('',#75860,#75880);
#75900=EDGE_CURVE('',#68160,#69320,#75890,.T.);
#75910=ORIENTED_EDGE('',*,*,#75900,.T.);
#75920=ORIENTED_EDGE('',*,*,#68170,.F.);
#75930=EDGE_LOOP('',(#75920,#75910,#75850,#75840));
#75940=FACE_OUTER_BOUND('',#75930,.T.);
#75950=ADVANCED_FACE('',(#75940),#75830,.F.);
#75960=COLOUR_RGB('',5.0196081399917603E-01,1.0000000000000000E+00,
   5.0196081399917603E-01);
#75970=FILL_AREA_STYLE_COLOUR('',#75960);
#75980=FILL_AREA_STYLE('',(#75970));
#75990=SURFACE_STYLE_FILL_AREA(#75980);
#76000=SURFACE_SIDE_STYLE('',(#75990));
#76010=SURFACE_STYLE_USAGE(.BOTH.,#76000);
#76020=PRESENTATION_STYLE_ASSIGNMENT((#76010));
#76030=CARTESIAN_POINT('',(-3.1605488301517802E+01,
   2.0321376124790600E+01,1.7949999999999999E+01));
#76040=DIRECTION('',(0.0000000000000000E+00,0.0000000000000000E+00,
   1.0000000000000000E+00));
#76050=DIRECTION('',(1.0000000000000000E+00,0.0000000000000000E+00,
   0.0000000000000000E+00));
#76060=AXIS2_PLACEMENT_3D('',#76030,#76040,#76050);
#76070=PLANE('',#76060);
#76080=CARTESIAN_POINT('',(-3.1105488301517802E+01,
   -2.2653715864353234E+01,1.7949999999999999E+01));
#76090=DIRECTION('',(0.0000000000000000E+00,-1.0000000000000000E+00,
   0.0000000000000000E+00));
#76100=VECTOR('',#76090,1.0000000000000000E+00);
#76110=LINE('',#76080,#76100);
#76120=CARTESIAN_POINT('',(-3.1105488301517802E+01,
   1.8321376124790607E+01,1.7949999999999999E+01));
#76130=VERTEX_POINT('',#76120);
#76140=EDGE_CURVE('',#74760,#76130,#76110,.T.);
#76150=ORIENTED_EDGE('',*,*,#76140,.F.);
#76160=CARTESIAN_POINT('',(-8.4502159542249785E+01,
   1.8321376124790607E+01,1.7949999999999999E+01));
#76170=DIRECTION('',(-1.0000000000000000E+00,0.0000000000000000E+00,
   0.0000000000000000E+00));
#76180=VECTOR('',#76170,1.0000000000000000E+00);
#76190=LINE('',#76160,#76180);
#76200=CARTESIAN_POINT('',(-3.1605488301517802E+01,
   1.8321376124790600E+01,1.7949999999999999E+01));
#76210=VERTEX_POINT('',#76200);
#76220=EDGE_CURVE('',#76130,#76210,#76190,.T.);
#76230=ORIENTED_EDGE('',*,*,#76220,.F.);
#76240=CARTESIAN_POINT('',(-3.1605488301517802E+01,
   -2.2653715864353234E+01,1.7949999999999999E+01));
#76250=DIRECTION('',(0.0000000000000000E+00,1.0000000000000000E+00,
   0.0000000000000000E+00));
#76260=VECTOR('',#76250,1.0000000000000000E+00);
#76270=LINE('',#76240,#76260);
#76280=EDGE_CURVE('',#76210,#74860,#76270,.T.);
#76290=ORIENTED_EDGE('',*,*,#76280,.F.);
#76300=ORIENTED_EDGE('',*,*,#74870,.T.);
#76310=EDGE_LOOP('',(#76300,#76290,#76230,#76150));
#76320=FACE_OUTER_BOUND('',#76310,.T.);
#76330=ADVANCED_FACE('',(#76320),#76070,.T.);
#76340=COLOUR_RGB('',9.4901961088180542E-01,9.4901961088180542E-01,
   1.0000000000000000E+00);
#76350=FILL_AREA_STYLE_COLOUR('',#76340);
#76360=FILL_AREA_STYLE('',(#76350));
#76370=SURFACE_STYLE_FILL_AREA(#76360);
#76380=SURFACE_SIDE_STYLE('',(#76370));
#76390=SURFACE_STYLE_USAGE(.BOTH.,#76380);
#76400=PRESENTATION_STYLE_ASSIGNMENT((#76390));
#76410=CARTESIAN_POINT('',(-3.3520488301517801E+01,
   2.2071376124790600E+01,1.4000000000000000E+01));
#76420=DIRECTION('',(1.0000000000000000E+00,0.0000000000000000E+00,
   0.0000000000000000E+00));
#76430=DIRECTION('',(0.0000000000000000E+00,-1.0000000000000000E+00,
   0.0000000000000000E+00));
#76440=AXIS2_PLACEMENT_3D('',#76410,#76420,#76430);
#76450=PLANE('',#76440);
#76460=ORIENTED_EDGE('',*,*,#66940,.T.);
#76470=ORIENTED_EDGE('',*,*,#67470,.T.);
#76480=ORIENTED_EDGE('',*,*,#67840,.F.);
#76490=ORIENTED_EDGE('',*,*,#68770,.T.);
#76500=EDGE_LOOP('',(#76490,#76480,#76470,#76460));
#76510=FACE_OUTER_BOUND('',#76500,.T.);
#76520=ADVANCED_FACE('',(#76510),#76450,.F.);
#76530=COLOUR_RGB('',5.0196081399917603E-01,1.0000000000000000E+00,
   5.0196081399917603E-01);
#76540=FILL_AREA_STYLE_COLOUR('',#76530);
#76550=FILL_AREA_STYLE('',(#76540));
#76560=SURFACE_STYLE_FILL_AREA(#76550);
#76570=SURFACE_SIDE_STYLE('',(#76560));
#76580=SURFACE_STYLE_USAGE(.BOTH.,#76570);
#76590=PRESENTATION_STYLE_ASSIGNMENT((#76580));
#76600=CARTESIAN_POINT('',(-3.1355488301517802E+01,
   2.8601376124790601E+01,1.4000000000000000E+01));
#76610=DIRECTION('',(0.0000000000000000E+00,-1.0000000000000000E+00,
   0.0000000000000000E+00));
#76620=DIRECTION('',(1.0000000000000000E+00,0.0000000000000000E+00,
   0.0000000000000000E+00));
#76630=AXIS2_PLACEMENT_3D('',#76600,#76610,#76620);
#76640=CIRCLE('',#76630,5.5000000000000004E-01);
#76650=CARTESIAN_POINT('',(-3.1905488301517799E+01,
   2.8601376124790601E+01,1.4000000000000000E+01));
#76660=VERTEX_POINT('',#76650);
#76670=EDGE_CURVE('',#76660,#49990,#76640,.T.);
#76680=ORIENTED_EDGE('',*,*,#76670,.F.);
#76690=ORIENTED_EDGE('',*,*,#50000,.T.);
#76700=CARTESIAN_POINT('',(-8.4502159542249785E+01,
   2.8601376124790601E+01,1.4000000000000000E+01));
#76710=DIRECTION('',(-1.0000000000000000E+00,0.0000000000000000E+00,
   0.0000000000000000E+00));
#76720=VECTOR('',#76710,1.0000000000000000E+00);
#76730=LINE('',#76700,#76720);
#76740=EDGE_CURVE('',#49910,#76660,#76730,.T.);
#76750=ORIENTED_EDGE('',*,*,#76740,.F.);
#76760=EDGE_LOOP('',(#76750,#76690,#76680));
#76770=FACE_OUTER_BOUND('',#76760,.T.);
#76780=ADVANCED_FACE('',(#76770),#59480,.T.);
#76790=COLOUR_RGB('',9.4901967048645020E-01,9.4901967048645020E-01,
   1.0000000000000000E+00);
#76800=FILL_AREA_STYLE_COLOUR('',#76790);
#76810=FILL_AREA_STYLE('',(#76800));
#76820=SURFACE_STYLE_FILL_AREA(#76810);
#76830=SURFACE_SIDE_STYLE('',(#76820));
#76840=SURFACE_STYLE_USAGE(.BOTH.,#76830);
#76850=PRESENTATION_STYLE_ASSIGNMENT((#76840));
#76860=CARTESIAN_POINT('',(-3.2611490150567121E+01,
   2.8001376124790593E+01,1.6788972897781235E+01));
#76870=VERTEX_POINT('',#76860);
#76880=EDGE_CURVE('',#76870,#62500,#62480,.T.);
#76890=ORIENTED_EDGE('',*,*,#76880,.F.);
#76900=ORIENTED_EDGE('',*,*,#62750,.T.);
#76910=CARTESIAN_POINT('',(-3.2611490150567114E+01,
   2.8601376124790601E+01,1.6788972897781235E+01));
#76920=VERTEX_POINT('',#76910);
#76930=EDGE_CURVE('',#62680,#76920,#62660,.T.);
#76940=ORIENTED_EDGE('',*,*,#76930,.F.);
#76950=CARTESIAN_POINT('',(-3.2611490150567114E+01,
   2.7145319094080318E+01,1.6788972897781235E+01));
#76960=DIRECTION('',(0.0000000000000000E+00,1.0000000000000000E+00,
   0.0000000000000000E+00));
#76970=VECTOR('',#76960,1.0000000000000000E+00);
#76980=LINE('',#76950,#76970);
#76990=EDGE_CURVE('',#76870,#76920,#76980,.T.);
#77000=ORIENTED_EDGE('',*,*,#76990,.T.);
#77010=EDGE_LOOP('',(#77000,#76940,#76900,#76890));
#77020=FACE_OUTER_BOUND('',#77010,.T.);
#77030=ADVANCED_FACE('',(#77020),#62440,.T.);
#77040=COLOUR_RGB('',9.4901967048645020E-01,9.4901967048645020E-01,
   1.0000000000000000E+00);
#77050=FILL_AREA_STYLE_COLOUR('',#77040);
#77060=FILL_AREA_STYLE('',(#77050));
#77070=SURFACE_STYLE_FILL_AREA(#77060);
#77080=SURFACE_SIDE_STYLE('',(#77070));
#77090=SURFACE_STYLE_USAGE(.BOTH.,#77080);
#77100=PRESENTATION_STYLE_ASSIGNMENT((#77090));
#77110=CARTESIAN_POINT('',(-3.1158000928102481E+01,
   2.8001376124790593E+01,2.0752512626584682E+01));
#77120=DIRECTION('',(0.0000000000000000E+00,1.0000000000000000E+00,
   0.0000000000000000E+00));
#77130=DIRECTION('',(7.0710678118654746E-01,0.0000000000000000E+00,
   -7.0710678118654757E-01));
#77140=AXIS2_PLACEMENT_3D('',#77110,#77120,#77130);
#77150=PLANE('',#77140);
#77160=CARTESIAN_POINT('',(-8.4502159542249785E+01,
   2.8001376124790593E+01,-3.1601696493901422E+01));
#77170=DIRECTION('',(7.0710678118654757E-01,0.0000000000000000E+00,
   7.0710678118654746E-01));
#77180=VECTOR('',#77170,1.0000000000000000E+00);
#77190=LINE('',#77160,#77180);
#77200=CARTESIAN_POINT('',(-3.1905465551017315E+01,
   2.8001376124790593E+01,2.0994997497331042E+01));
#77210=VERTEX_POINT('',#77200);
#77220=CARTESIAN_POINT('',(-3.1900463048348364E+01,
   2.8001376124790593E+01,2.0999999999999993E+01));
#77230=VERTEX_POINT('',#77220);
#77240=EDGE_CURVE('',#77210,#77230,#77190,.T.);
#77250=ORIENTED_EDGE('',*,*,#77240,.T.);
#77260=CARTESIAN_POINT('',(-3.1355488301517802E+01,
   2.8001376124790593E+01,2.1000000000000000E+01));
#77270=DIRECTION('',(0.0000000000000000E+00,-1.0000000000000000E+00,
   0.0000000000000000E+00));
#77280=DIRECTION('',(1.0000000000000000E+00,0.0000000000000000E+00,
   0.0000000000000000E+00));
#77290=AXIS2_PLACEMENT_3D('',#77260,#77270,#77280);
#77300=CIRCLE('',#77290,5.5000000000000004E-01);
#77310=CARTESIAN_POINT('',(-3.1451982696657517E+01,
   2.8001376124790593E+01,2.0458530858029174E+01));
#77320=VERTEX_POINT('',#77310);
#77330=EDGE_CURVE('',#77210,#77320,#77300,.T.);
#77340=ORIENTED_EDGE('',*,*,#77330,.F.);
#77350=CARTESIAN_POINT('',(-8.4502159542249785E+01,
   2.8001376124790593E+01,-3.2591645987562615E+01));
#77360=DIRECTION('',(-7.0710678118654757E-01,0.0000000000000000E+00,
   -7.0710678118654746E-01));
#77370=VECTOR('',#77360,1.0000000000000000E+00);
#77380=LINE('',#77350,#77370);
#77390=CARTESIAN_POINT('',(-3.0910513554687164E+01,
   2.8001376124790593E+01,2.0999999999999993E+01));
#77400=VERTEX_POINT('',#77390);
#77410=EDGE_CURVE('',#77400,#77320,#77380,.T.);
#77420=ORIENTED_EDGE('',*,*,#77410,.T.);
#77430=CARTESIAN_POINT('',(-8.4502159542249785E+01,
   2.8001376124790593E+01,2.1000000000000000E+01));
#77440=DIRECTION('',(-1.0000000000000000E+00,0.0000000000000000E+00,
   0.0000000000000000E+00));
#77450=VECTOR('',#77440,1.0000000000000000E+00);
#77460=LINE('',#77430,#77450);
#77470=EDGE_CURVE('',#77400,#77230,#77460,.T.);
#77480=ORIENTED_EDGE('',*,*,#77470,.F.);
#77490=EDGE_LOOP('',(#77480,#77420,#77340,#77250));
#77500=FACE_OUTER_BOUND('',#77490,.T.);
#77510=ADVANCED_FACE('',(#77500),#77150,.T.);
#77520=COLOUR_RGB('',9.4901967048645020E-01,9.4901967048645020E-01,
   1.0000000000000000E+00);
#77530=FILL_AREA_STYLE_COLOUR('',#77520);
#77540=FILL_AREA_STYLE('',(#77530));
#77550=SURFACE_STYLE_FILL_AREA(#77540);
#77560=SURFACE_SIDE_STYLE('',(#77550));
#77570=SURFACE_STYLE_USAGE(.BOTH.,#77560);
#77580=PRESENTATION_STYLE_ASSIGNMENT((#77570));
#77590=CARTESIAN_POINT('',(-3.1355488301517802E+01,
   2.8601376124790601E+01,1.7500000000000000E+01));
#77600=DIRECTION('',(0.0000000000000000E+00,-1.0000000000000000E+00,
   0.0000000000000000E+00));
#77610=DIRECTION('',(1.0000000000000000E+00,0.0000000000000000E+00,
   0.0000000000000000E+00));
#77620=AXIS2_PLACEMENT_3D('',#77590,#77600,#77610);
#77630=CIRCLE('',#77620,5.5000000000000004E-01);
#77640=CARTESIAN_POINT('',(-3.1350485798850627E+01,
   2.8601376124790601E+01,1.8049977249499527E+01));
#77650=VERTEX_POINT('',#77640);
#77660=CARTESIAN_POINT('',(-3.1905488301517799E+01,
   2.8601376124790601E+01,1.7500000000000000E+01));
#77670=VERTEX_POINT('',#77660);
#77680=EDGE_CURVE('',#77650,#77670,#77630,.T.);
#77690=ORIENTED_EDGE('',*,*,#77680,.T.);
#77700=CARTESIAN_POINT('',(-8.4502159542249785E+01,
   2.8601376124790601E+01,-3.5101696493901422E+01));
#77710=DIRECTION('',(-7.0710678118654757E-01,0.0000000000000000E+00,
   -7.0710678118654746E-01));
#77720=VECTOR('',#77710,1.0000000000000000E+00);
#77730=LINE('',#77700,#77720);
#77740=CARTESIAN_POINT('',(-3.0694461199299035E+01,
   2.8601376124790601E+01,1.8706001849049326E+01));
#77750=VERTEX_POINT('',#77740);
#77760=EDGE_CURVE('',#77750,#77650,#77730,.T.);
#77770=ORIENTED_EDGE('',*,*,#77760,.T.);
#77780=CARTESIAN_POINT('',(-3.1405488301517792E+01,
   2.8601376124790601E+01,1.7500000000000000E+01));
#77790=DIRECTION('',(0.0000000000000000E+00,1.0000000000000000E+00,
   0.0000000000000000E+00));
#77800=DIRECTION('',(-1.0000000000000000E+00,0.0000000000000000E+00,
   0.0000000000000000E+00));
#77810=AXIS2_PLACEMENT_3D('',#77780,#77790,#77800);
#77820=CIRCLE('',#77810,1.3999999999999999E+00);
#77830=CARTESIAN_POINT('',(-3.2805488301517791E+01,
   2.8601376124790601E+01,1.7500000000000000E+01));
#77840=VERTEX_POINT('',#77830);
#77850=EDGE_CURVE('',#77840,#77750,#77820,.T.);
#77860=ORIENTED_EDGE('',*,*,#77850,.T.);
#77870=EDGE_CURVE('',#76920,#77840,#77820,.T.);
#77880=ORIENTED_EDGE('',*,*,#77870,.T.);
#77890=ORIENTED_EDGE('',*,*,#76930,.T.);
#77900=CARTESIAN_POINT('',(-3.1355488301517802E+01,
   2.8601376124790601E+01,1.7500000000000000E+01));
#77910=DIRECTION('',(0.0000000000000000E+00,-1.0000000000000000E+00,
   0.0000000000000000E+00));
#77920=DIRECTION('',(1.0000000000000000E+00,0.0000000000000000E+00,
   0.0000000000000000E+00));
#77930=AXIS2_PLACEMENT_3D('',#77900,#77910,#77920);
#77940=CIRCLE('',#77930,5.5000000000000004E-01);
#77950=EDGE_CURVE('',#77670,#62680,#77940,.T.);
#77960=ORIENTED_EDGE('',*,*,#77950,.T.);
#77970=EDGE_LOOP('',(#77960,#77890,#77880,#77860,#77770,#77690));
#77980=FACE_OUTER_BOUND('',#77970,.T.);
#77990=ADVANCED_FACE('',(#77980),#75300,.T.);
#78000=COLOUR_RGB('',9.4901967048645020E-01,9.4901967048645020E-01,
   1.0000000000000000E+00);
#78010=FILL_AREA_STYLE_COLOUR('',#78000);
#78020=FILL_AREA_STYLE('',(#78010));
#78030=SURFACE_STYLE_FILL_AREA(#78020);
#78040=SURFACE_SIDE_STYLE('',(#78030));
#78050=SURFACE_STYLE_USAGE(.BOTH.,#78040);
#78060=PRESENTATION_STYLE_ASSIGNMENT((#78050));
#78070=CARTESIAN_POINT('',(-2.9886031253416185E+01,
   1.7321376124790600E+01,1.6226922491185586E+01));
#78080=DIRECTION('',(0.0000000000000000E+00,-1.0000000000000000E+00,
   0.0000000000000000E+00));
#78090=DIRECTION('',(1.0000000000000000E+00,0.0000000000000000E+00,
   0.0000000000000000E+00));
#78100=AXIS2_PLACEMENT_3D('',#78070,#78080,#78090);
#78110=PLANE('',#78100);
#78120=CARTESIAN_POINT('',(-3.1105488301517802E+01,
   1.7321376124790600E+01,1.5500000000000000E+01));
#78130=DIRECTION('',(0.0000000000000000E+00,0.0000000000000000E+00,
   -1.0000000000000000E+00));
#78140=VECTOR('',#78130,1.0000000000000000E+00);
#78150=LINE('',#78120,#78140);
#78160=CARTESIAN_POINT('',(-3.1105488301517802E+01,
   1.7321376124790600E+01,1.4182050807568878E+01));
#78170=VERTEX_POINT('',#78160);
#78180=EDGE_CURVE('',#78170,#63180,#78150,.T.);
#78190=ORIENTED_EDGE('',*,*,#78180,.F.);
#78200=ORIENTED_EDGE('',*,*,#63410,.F.);
#78210=ORIENTED_EDGE('',*,*,#66140,.T.);
#78220=CARTESIAN_POINT('',(-8.4502159542249785E+01,
   1.7321376124790600E+01,1.4182050807568878E+01));
#78230=DIRECTION('',(1.0000000000000000E+00,0.0000000000000000E+00,
   0.0000000000000000E+00));
#78240=VECTOR('',#78230,1.0000000000000000E+00);
#78250=LINE('',#78220,#78240);
#78260=EDGE_CURVE('',#66070,#78170,#78250,.T.);
#78270=ORIENTED_EDGE('',*,*,#78260,.F.);
#78280=EDGE_LOOP('',(#78270,#78210,#78200,#78190));
#78290=FACE_OUTER_BOUND('',#78280,.T.);
#78300=ADVANCED_FACE('',(#78290),#78110,.T.);
#78310=COLOUR_RGB('',9.4901961088180542E-01,9.4901961088180542E-01,
   1.0000000000000000E+00);
#78320=FILL_AREA_STYLE_COLOUR('',#78310);
#78330=FILL_AREA_STYLE('',(#78320));
#78340=SURFACE_STYLE_FILL_AREA(#78330);
#78350=SURFACE_SIDE_STYLE('',(#78340));
#78360=SURFACE_STYLE_USAGE(.BOTH.,#78350);
#78370=PRESENTATION_STYLE_ASSIGNMENT((#78360));
#78380=CARTESIAN_POINT('',(-3.1355488301517802E+01,
   1.7821376124790600E+01,1.7183974596215563E+01));
#78390=DIRECTION('',(0.0000000000000000E+00,2.5881904510252085E-01,
   9.6592582628906820E-01));
#78400=DIRECTION('',(0.0000000000000000E+00,9.6592582628906842E-01,
   -2.5881904510252091E-01));
#78410=AXIS2_PLACEMENT_3D('',#78380,#78390,#78400);
#78420=PLANE('',#78410);
#78430=CARTESIAN_POINT('',(-3.1105488301517802E+01,
   -2.2653715864353234E+01,2.8029242808282063E+01));
#78440=DIRECTION('',(0.0000000000000000E+00,-9.6592582628906831E-01,
   2.5881904510252091E-01));
#78450=VECTOR('',#78440,1.0000000000000000E+00);
#78460=LINE('',#78430,#78450);
#78470=CARTESIAN_POINT('',(-3.1105488301517802E+01,
   1.8321376124790607E+01,1.7050000000000001E+01));
#78480=VERTEX_POINT('',#78470);
#78490=CARTESIAN_POINT('',(-3.1105488301517802E+01,
   1.7321376124790600E+01,1.7317949192431122E+01));
#78500=VERTEX_POINT('',#78490);
#78510=EDGE_CURVE('',#78480,#78500,#78460,.T.);
#78520=ORIENTED_EDGE('',*,*,#78510,.T.);
#78530=CARTESIAN_POINT('',(-8.4502159542249785E+01,
   1.8321376124790607E+01,1.7050000000000001E+01));
#78540=DIRECTION('',(1.0000000000000000E+00,0.0000000000000000E+00,
   0.0000000000000000E+00));
#78550=VECTOR('',#78540,1.0000000000000000E+00);
#78560=LINE('',#78530,#78550);
#78570=CARTESIAN_POINT('',(-3.1605488301517802E+01,
   1.8321376124790607E+01,1.7050000000000001E+01));
#78580=VERTEX_POINT('',#78570);
#78590=EDGE_CURVE('',#78580,#78480,#78560,.T.);
#78600=ORIENTED_EDGE('',*,*,#78590,.T.);
#78610=CARTESIAN_POINT('',(-3.1605488301517795E+01,
   -2.2653715864353234E+01,2.8029242808282063E+01));
#78620=DIRECTION('',(0.0000000000000000E+00,9.6592582628906831E-01,
   -2.5881904510252091E-01));
#78630=VECTOR('',#78620,1.0000000000000000E+00);
#78640=LINE('',#78610,#78630);
#78650=CARTESIAN_POINT('',(-3.1605488301517795E+01,
   1.7321376124790607E+01,1.7317949192431122E+01));
#78660=VERTEX_POINT('',#78650);
#78670=EDGE_CURVE('',#78660,#78580,#78640,.T.);
#78680=ORIENTED_EDGE('',*,*,#78670,.T.);
#78690=CARTESIAN_POINT('',(-8.4502159542249785E+01,
   1.7321376124790600E+01,1.7317949192431122E+01));
#78700=DIRECTION('',(-1.0000000000000000E+00,0.0000000000000000E+00,
   0.0000000000000000E+00));
#78710=VECTOR('',#78700,1.0000000000000000E+00);
#78720=LINE('',#78690,#78710);
#78730=EDGE_CURVE('',#78500,#78660,#78720,.T.);
#78740=ORIENTED_EDGE('',*,*,#78730,.T.);
#78750=EDGE_LOOP('',(#78740,#78680,#78600,#78520));
#78760=FACE_OUTER_BOUND('',#78750,.T.);
#78770=ADVANCED_FACE('',(#78760),#78420,.F.);
#78780=COLOUR_RGB('',9.4901961088180542E-01,9.4901961088180542E-01,
   1.0000000000000000E+00);
#78790=FILL_AREA_STYLE_COLOUR('',#78780);
#78800=FILL_AREA_STYLE('',(#78790));
#78810=SURFACE_STYLE_FILL_AREA(#78800);
#78820=SURFACE_SIDE_STYLE('',(#78810));
#78830=SURFACE_STYLE_USAGE(.BOTH.,#78820);
#78840=PRESENTATION_STYLE_ASSIGNMENT((#78830));
#78850=CARTESIAN_POINT('',(-3.2611490150567121E+01,
   2.8001376124790593E+01,2.0288972897781235E+01));
#78860=VERTEX_POINT('',#78850);
#78870=EDGE_CURVE('',#78860,#77210,#77190,.T.);
#78880=ORIENTED_EDGE('',*,*,#78870,.T.);
#78890=CARTESIAN_POINT('',(-3.1405488301517792E+01,
   2.8001376124790593E+01,2.1000000000000000E+01));
#78900=DIRECTION('',(0.0000000000000000E+00,1.0000000000000000E+00,
   0.0000000000000000E+00));
#78910=DIRECTION('',(-1.0000000000000000E+00,0.0000000000000000E+00,
   0.0000000000000000E+00));
#78920=AXIS2_PLACEMENT_3D('',#78890,#78900,#78910);
#78930=CIRCLE('',#78920,1.3999999999999999E+00);
#78940=CARTESIAN_POINT('',(-3.2116515403736514E+01,
   2.8001376124790593E+01,1.9793998150950650E+01));
#78950=VERTEX_POINT('',#78940);
#78960=EDGE_CURVE('',#78950,#78860,#78930,.T.);
#78970=ORIENTED_EDGE('',*,*,#78960,.T.);
#78980=EDGE_CURVE('',#77320,#78950,#77380,.T.);
#78990=ORIENTED_EDGE('',*,*,#78980,.T.);
#79000=ORIENTED_EDGE('',*,*,#77330,.T.);
#79010=EDGE_LOOP('',(#79000,#78990,#78970,#78880));
#79020=FACE_OUTER_BOUND('',#79010,.T.);
#79030=ADVANCED_FACE('',(#79020),#77150,.T.);
#79040=COLOUR_RGB('',9.4901967048645020E-01,9.4901967048645020E-01,
   1.0000000000000000E+00);
#79050=FILL_AREA_STYLE_COLOUR('',#79040);
#79060=FILL_AREA_STYLE('',(#79050));
#79070=SURFACE_STYLE_FILL_AREA(#79060);
#79080=SURFACE_SIDE_STYLE('',(#79070));
#79090=SURFACE_STYLE_USAGE(.BOTH.,#79080);
#79100=PRESENTATION_STYLE_ASSIGNMENT((#79090));
#79110=ORIENTED_EDGE('',*,*,#75670,.F.);
#79120=CARTESIAN_POINT('',(-8.4502159542249785E+01,
   2.8601376124790601E+01,1.7500000000000000E+01));
#79130=DIRECTION('',(-1.0000000000000000E+00,0.0000000000000000E+00,
   0.0000000000000000E+00));
#79140=VECTOR('',#79130,1.0000000000000000E+00);
#79150=LINE('',#79120,#79140);
#79160=EDGE_CURVE('',#75590,#62210,#79150,.T.);
#79170=ORIENTED_EDGE('',*,*,#79160,.F.);
#79180=ORIENTED_EDGE('',*,*,#62220,.T.);
#79190=EDGE_LOOP('',(#79180,#79170,#79110));
#79200=FACE_OUTER_BOUND('',#79190,.T.);
#79210=ADVANCED_FACE('',(#79200),#75300,.T.);
#79220=COLOUR_RGB('',9.4901967048645020E-01,9.4901967048645020E-01,
   1.0000000000000000E+00);
#79230=FILL_AREA_STYLE_COLOUR('',#79220);
#79240=FILL_AREA_STYLE('',(#79230));
#79250=SURFACE_STYLE_FILL_AREA(#79240);
#79260=SURFACE_SIDE_STYLE('',(#79250));
#79270=SURFACE_STYLE_USAGE(.BOTH.,#79260);
#79280=PRESENTATION_STYLE_ASSIGNMENT((#79270));
#79290=CARTESIAN_POINT('',(-2.9886031253416185E+01,
   2.0321376124790600E+01,1.6226922491185586E+01));
#79300=DIRECTION('',(0.0000000000000000E+00,-1.0000000000000000E+00,
   0.0000000000000000E+00));
#79310=DIRECTION('',(1.0000000000000000E+00,0.0000000000000000E+00,
   0.0000000000000000E+00));
#79320=AXIS2_PLACEMENT_3D('',#79290,#79300,#79310);
#79330=PLANE('',#79320);
#79340=CARTESIAN_POINT('',(-3.1105488301517802E+01,
   2.0321376124790600E+01,1.9000000000000000E+01));
#79350=DIRECTION('',(0.0000000000000000E+00,0.0000000000000000E+00,
   -1.0000000000000000E+00));
#79360=VECTOR('',#79350,1.0000000000000000E+00);
#79370=LINE('',#79340,#79360);
#79380=EDGE_CURVE('',#66390,#65360,#79370,.T.);
#79390=ORIENTED_EDGE('',*,*,#79380,.T.);
#79400=ORIENTED_EDGE('',*,*,#66550,.F.);
#79410=ORIENTED_EDGE('',*,*,#65920,.T.);
#79420=ORIENTED_EDGE('',*,*,#65130,.T.);
#79430=CARTESIAN_POINT('',(-3.1355488301517802E+01,
   2.0321376124790600E+01,1.4000000000000000E+01));
#79440=DIRECTION('',(0.0000000000000000E+00,-1.0000000000000000E+00,
   0.0000000000000000E+00));
#79450=DIRECTION('',(1.0000000000000000E+00,0.0000000000000000E+00,
   0.0000000000000000E+00));
#79460=AXIS2_PLACEMENT_3D('',#79430,#79440,#79450);
#79470=CIRCLE('',#79460,5.5000000000000004E-01);
#79480=EDGE_CURVE('',#64650,#64820,#79470,.T.);
#79490=ORIENTED_EDGE('',*,*,#79480,.T.);
#79500=ORIENTED_EDGE('',*,*,#65390,.T.);
#79510=EDGE_LOOP('',(#79500,#79490,#79420,#79410,#79400,#79390));
#79520=FACE_OUTER_BOUND('',#79510,.T.);
#79530=ADVANCED_FACE('',(#79520),#79330,.T.);
#79540=COLOUR_RGB('',9.4901961088180542E-01,9.4901961088180542E-01,
   1.0000000000000000E+00);
#79550=FILL_AREA_STYLE_COLOUR('',#79540);
#79560=FILL_AREA_STYLE('',(#79550));
#79570=SURFACE_STYLE_FILL_AREA(#79560);
#79580=SURFACE_SIDE_STYLE('',(#79570));
#79590=SURFACE_STYLE_USAGE(.BOTH.,#79580);
#79600=PRESENTATION_STYLE_ASSIGNMENT((#79590));
#79610=CARTESIAN_POINT('',(-3.1355488301517802E+01,
   2.0821376124790600E+01,1.7500000000000000E+01));
#79620=DIRECTION('',(0.0000000000000000E+00,-1.0000000000000000E+00,
   0.0000000000000000E+00));
#79630=DIRECTION('',(1.0000000000000000E+00,0.0000000000000000E+00,
   0.0000000000000000E+00));
#79640=AXIS2_PLACEMENT_3D('',#79610,#79620,#79630);
#79650=CYLINDRICAL_SURFACE('',#79640,5.5000000000000004E-01);
#79660=CARTESIAN_POINT('',(-3.0805488301517801E+01,
   2.0821376124790600E+01,1.7500000000000000E+01));
#79670=DIRECTION('',(0.0000000000000000E+00,-1.0000000000000000E+00,
   0.0000000000000000E+00));
#79680=VECTOR('',#79670,1.0000000000000000E+00);
#79690=LINE('',#79660,#79680);
#79700=CARTESIAN_POINT('',(-3.0805488301517801E+01,
   2.0821376124790600E+01,1.7500000000000000E+01));
#79710=VERTEX_POINT('',#79700);
#79720=EDGE_CURVE('',#79710,#75110,#79690,.T.);
#79730=ORIENTED_EDGE('',*,*,#79720,.T.);
#79740=CARTESIAN_POINT('',(-3.1355488301517802E+01,
   2.0821376124790600E+01,1.7500000000000000E+01));
#79750=DIRECTION('',(0.0000000000000000E+00,-1.0000000000000000E+00,
   0.0000000000000000E+00));
#79760=DIRECTION('',(1.0000000000000000E+00,0.0000000000000000E+00,
   0.0000000000000000E+00));
#79770=AXIS2_PLACEMENT_3D('',#79740,#79750,#79760);
#79780=CIRCLE('',#79770,5.5000000000000004E-01);
#79790=CARTESIAN_POINT('',(-3.1905488301517803E+01,
   2.0821376124790600E+01,1.7500000000000000E+01));
#79800=VERTEX_POINT('',#79790);
#79810=EDGE_CURVE('',#79800,#79710,#79780,.T.);
#79820=ORIENTED_EDGE('',*,*,#79810,.T.);
#79830=CARTESIAN_POINT('',(-3.1905488301517803E+01,
   2.0821376124790600E+01,1.7500000000000000E+01));
#79840=DIRECTION('',(0.0000000000000000E+00,-1.0000000000000000E+00,
   0.0000000000000000E+00));
#79850=VECTOR('',#79840,1.0000000000000000E+00);
#79860=LINE('',#79830,#79850);
#79870=EDGE_CURVE('',#79800,#75020,#79860,.T.);
#79880=ORIENTED_EDGE('',*,*,#79870,.F.);
#79890=CARTESIAN_POINT('',(-3.1355488301517802E+01,
   2.0321376124790600E+01,1.7500000000000000E+01));
#79900=DIRECTION('',(0.0000000000000000E+00,-1.0000000000000000E+00,
   0.0000000000000000E+00));
#79910=DIRECTION('',(1.0000000000000000E+00,0.0000000000000000E+00,
   0.0000000000000000E+00));
#79920=AXIS2_PLACEMENT_3D('',#79890,#79900,#79910);
#79930=CIRCLE('',#79920,5.5000000000000004E-01);
#79940=EDGE_CURVE('',#75020,#75110,#79930,.T.);
#79950=ORIENTED_EDGE('',*,*,#79940,.F.);
#79960=EDGE_LOOP('',(#79950,#79880,#79820,#79730));
#79970=FACE_OUTER_BOUND('',#79960,.T.);
#79980=ADVANCED_FACE('',(#79970),#79650,.T.);
#79990=COLOUR_RGB('',9.4901961088180542E-01,9.4901961088180542E-01,
   1.0000000000000000E+00);
#80000=FILL_AREA_STYLE_COLOUR('',#79990);
#80010=FILL_AREA_STYLE('',(#80000));
#80020=SURFACE_STYLE_FILL_AREA(#80010);
#80030=SURFACE_SIDE_STYLE('',(#80020));
#80040=SURFACE_STYLE_USAGE(.BOTH.,#80030);
#80050=PRESENTATION_STYLE_ASSIGNMENT((#80040));
#80060=CARTESIAN_POINT('',(-2.9886031253416185E+01,
   2.0321376124790600E+01,1.6226922491185586E+01));
#80070=DIRECTION('',(0.0000000000000000E+00,-1.0000000000000000E+00,
   0.0000000000000000E+00));
#80080=DIRECTION('',(1.0000000000000000E+00,0.0000000000000000E+00,
   0.0000000000000000E+00));
#80090=AXIS2_PLACEMENT_3D('',#80060,#80070,#80080);
#80100=PLANE('',#80090);
#80110=ORIENTED_EDGE('',*,*,#75030,.F.);
#80120=CARTESIAN_POINT('',(-3.1605488301517802E+01,
   2.0321376124790600E+01,1.9000000000000000E+01));
#80130=DIRECTION('',(0.0000000000000000E+00,0.0000000000000000E+00,
   -1.0000000000000000E+00));
#80140=VECTOR('',#80130,1.0000000000000000E+00);
#80150=LINE('',#80120,#80140);
#80160=CARTESIAN_POINT('',(-3.1605488301517802E+01,
   2.0321376124790600E+01,1.7050000000000001E+01));
#80170=VERTEX_POINT('',#80160);
#80180=EDGE_CURVE('',#74940,#80170,#80150,.T.);
#80190=ORIENTED_EDGE('',*,*,#80180,.F.);
#80200=CARTESIAN_POINT('',(-8.4502159542249785E+01,
   2.0321376124790600E+01,1.7050000000000001E+01));
#80210=DIRECTION('',(1.0000000000000000E+00,0.0000000000000000E+00,
   0.0000000000000000E+00));
#80220=VECTOR('',#80210,1.0000000000000000E+00);
#80230=LINE('',#80200,#80220);
#80240=CARTESIAN_POINT('',(-3.1105488301517802E+01,
   2.0321376124790600E+01,1.7050000000000001E+01));
#80250=VERTEX_POINT('',#80240);
#80260=EDGE_CURVE('',#80170,#80250,#80230,.T.);
#80270=ORIENTED_EDGE('',*,*,#80260,.F.);
#80280=CARTESIAN_POINT('',(-3.1105488301517802E+01,
   2.0321376124790600E+01,1.9000000000000000E+01));
#80290=DIRECTION('',(0.0000000000000000E+00,0.0000000000000000E+00,
   -1.0000000000000000E+00));
#80300=VECTOR('',#80290,1.0000000000000000E+00);
#80310=LINE('',#80280,#80300);
#80320=EDGE_CURVE('',#74780,#80250,#80310,.T.);
#80330=ORIENTED_EDGE('',*,*,#80320,.T.);
#80340=ORIENTED_EDGE('',*,*,#75140,.F.);
#80350=ORIENTED_EDGE('',*,*,#79940,.T.);
#80360=EDGE_LOOP('',(#80350,#80340,#80330,#80270,#80190,#80110));
#80370=FACE_OUTER_BOUND('',#80360,.T.);
#80380=ADVANCED_FACE('',(#80370),#80100,.T.);
#80390=COLOUR_RGB('',9.4901961088180542E-01,9.4901961088180542E-01,
   1.0000000000000000E+00);
#80400=FILL_AREA_STYLE_COLOUR('',#80390);
#80410=FILL_AREA_STYLE('',(#80400));
#80420=SURFACE_STYLE_FILL_AREA(#80410);
#80430=SURFACE_SIDE_STYLE('',(#80420));
#80440=SURFACE_STYLE_USAGE(.BOTH.,#80430);
#80450=PRESENTATION_STYLE_ASSIGNMENT((#80440));
#80460=CARTESIAN_POINT('',(-3.1105488301517802E+01,
   2.0321376124790600E+01,1.7050000000000001E+01));
#80470=DIRECTION('',(0.0000000000000000E+00,0.0000000000000000E+00,
   -1.0000000000000000E+00));
#80480=DIRECTION('',(-1.0000000000000000E+00,0.0000000000000000E+00,
   0.0000000000000000E+00));
#80490=AXIS2_PLACEMENT_3D('',#80460,#80470,#80480);
#80500=PLANE('',#80490);
#80510=CARTESIAN_POINT('',(-3.1605488301517802E+01,
   -2.2653715864353234E+01,1.7050000000000001E+01));
#80520=DIRECTION('',(0.0000000000000000E+00,-1.0000000000000000E+00,
   0.0000000000000000E+00));
#80530=VECTOR('',#80520,1.0000000000000000E+00);
#80540=LINE('',#80510,#80530);
#80550=EDGE_CURVE('',#80170,#78580,#80540,.T.);
#80560=ORIENTED_EDGE('',*,*,#80550,.F.);
#80570=ORIENTED_EDGE('',*,*,#78590,.F.);
#80580=CARTESIAN_POINT('',(-3.1105488301517802E+01,
   -2.2653715864353234E+01,1.7050000000000001E+01));
#80590=DIRECTION('',(0.0000000000000000E+00,1.0000000000000000E+00,
   0.0000000000000000E+00));
#80600=VECTOR('',#80590,1.0000000000000000E+00);
#80610=LINE('',#80580,#80600);
#80620=EDGE_CURVE('',#78480,#80250,#80610,.T.);
#80630=ORIENTED_EDGE('',*,*,#80620,.F.);
#80640=ORIENTED_EDGE('',*,*,#80260,.T.);
#80650=EDGE_LOOP('',(#80640,#80630,#80570,#80560));
#80660=FACE_OUTER_BOUND('',#80650,.T.);
#80670=ADVANCED_FACE('',(#80660),#80500,.T.);
#80680=COLOUR_RGB('',9.4901961088180542E-01,9.4901961088180542E-01,
   1.0000000000000000E+00);
#80690=FILL_AREA_STYLE_COLOUR('',#80680);
#80700=FILL_AREA_STYLE('',(#80690));
#80710=SURFACE_STYLE_FILL_AREA(#80700);
#80720=SURFACE_SIDE_STYLE('',(#80710));
#80730=SURFACE_STYLE_USAGE(.BOTH.,#80720);
#80740=PRESENTATION_STYLE_ASSIGNMENT((#80730));
#80750=CARTESIAN_POINT('',(-3.1605488301517802E+01,
   2.0321376124790600E+01,1.7050000000000001E+01));
#80760=DIRECTION('',(-1.0000000000000000E+00,0.0000000000000000E+00,
   0.0000000000000000E+00));
#80770=DIRECTION('',(0.0000000000000000E+00,0.0000000000000000E+00,
   1.0000000000000000E+00));
#80780=AXIS2_PLACEMENT_3D('',#80750,#80760,#80770);
#80790=PLANE('',#80780);
#80800=ORIENTED_EDGE('',*,*,#74950,.F.);
#80810=ORIENTED_EDGE('',*,*,#76280,.T.);
#80820=CARTESIAN_POINT('',(-3.1605488301517795E+01,
   -2.2653715864353234E+01,6.9707571917179383E+00));
#80830=DIRECTION('',(0.0000000000000000E+00,-9.6592582628906831E-01,
   -2.5881904510252091E-01));
#80840=VECTOR('',#80830,1.0000000000000000E+00);
#80850=LINE('',#80820,#80840);
#80860=CARTESIAN_POINT('',(-3.1605488301517802E+01,
   1.7321376124790600E+01,1.7682050807568878E+01));
#80870=VERTEX_POINT('',#80860);
#80880=EDGE_CURVE('',#76210,#80870,#80850,.T.);
#80890=ORIENTED_EDGE('',*,*,#80880,.F.);
#80900=CARTESIAN_POINT('',(-3.1605488301517802E+01,
   1.7321376124790600E+01,1.9000000000000000E+01));
#80910=DIRECTION('',(0.0000000000000000E+00,0.0000000000000000E+00,
   -1.0000000000000000E+00));
#80920=VECTOR('',#80910,1.0000000000000000E+00);
#80930=LINE('',#80900,#80920);
#80940=EDGE_CURVE('',#80870,#78660,#80930,.T.);
#80950=ORIENTED_EDGE('',*,*,#80940,.F.);
#80960=ORIENTED_EDGE('',*,*,#78670,.F.);
#80970=ORIENTED_EDGE('',*,*,#80550,.T.);
#80980=ORIENTED_EDGE('',*,*,#80180,.T.);
#80990=EDGE_LOOP('',(#80980,#80970,#80960,#80950,#80890,#80810,#80800));
#81000=FACE_OUTER_BOUND('',#80990,.T.);
#81010=ADVANCED_FACE('',(#81000),#80790,.T.);
#81020=COLOUR_RGB('',9.4901961088180542E-01,9.4901961088180542E-01,
   1.0000000000000000E+00);
#81030=FILL_AREA_STYLE_COLOUR('',#81020);
#81040=FILL_AREA_STYLE('',(#81030));
#81050=SURFACE_STYLE_FILL_AREA(#81040);
#81060=SURFACE_SIDE_STYLE('',(#81050));
#81070=SURFACE_STYLE_USAGE(.BOTH.,#81060);
#81080=PRESENTATION_STYLE_ASSIGNMENT((#81070));
#81090=CARTESIAN_POINT('',(-3.1158000928102481E+01,
   2.7601376124790594E+01,2.0752512626584682E+01));
#81100=DIRECTION('',(-7.0710678118654746E-01,0.0000000000000000E+00,
   7.0710678118654757E-01));
#81110=DIRECTION('',(0.0000000000000000E+00,1.0000000000000000E+00,
   0.0000000000000000E+00));
#81120=AXIS2_PLACEMENT_3D('',#81090,#81100,#81110);
#81130=PLANE('',#81120);
#81140=ORIENTED_EDGE('',*,*,#78980,.F.);
#81150=CARTESIAN_POINT('',(-3.2116515403736514E+01,
   2.7145319094080318E+01,1.9793998150950650E+01));
#81160=DIRECTION('',(0.0000000000000000E+00,1.0000000000000000E+00,
   0.0000000000000000E+00));
#81170=VECTOR('',#81160,1.0000000000000000E+00);
#81180=LINE('',#81150,#81170);
#81190=CARTESIAN_POINT('',(-3.2116515403736514E+01,
   2.8601376124790601E+01,1.9793998150950650E+01));
#81200=VERTEX_POINT('',#81190);
#81210=EDGE_CURVE('',#78950,#81200,#81180,.T.);
#81220=ORIENTED_EDGE('',*,*,#81210,.F.);
#81230=CARTESIAN_POINT('',(-8.4502159542249785E+01,
   2.8601376124790601E+01,-3.2591645987562615E+01));
#81240=DIRECTION('',(7.0710678118654757E-01,0.0000000000000000E+00,
   7.0710678118654746E-01));
#81250=VECTOR('',#81240,1.0000000000000000E+00);
#81260=LINE('',#81230,#81250);
#81270=CARTESIAN_POINT('',(-3.1451982696656941E+01,
   2.8601376124790601E+01,2.0458530858029071E+01));
#81280=VERTEX_POINT('',#81270);
#81290=EDGE_CURVE('',#81200,#81280,#81260,.T.);
#81300=ORIENTED_EDGE('',*,*,#81290,.F.);
#81310=CARTESIAN_POINT('',(-3.1451982696657915E+01,
   3.9321376124790604E+01,2.0458530858029246E+01));
#81320=DIRECTION('',(0.0000000000000000E+00,-1.0000000000000000E+00,
   0.0000000000000000E+00));
#81330=VECTOR('',#81320,1.0000000000000000E+00);
#81340=LINE('',#81310,#81330);
#81350=EDGE_CURVE('',#81280,#77320,#81340,.T.);
#81360=ORIENTED_EDGE('',*,*,#81350,.F.);
#81370=EDGE_LOOP('',(#81360,#81300,#81220,#81140));
#81380=FACE_OUTER_BOUND('',#81370,.T.);
#81390=ADVANCED_FACE('',(#81380),#81130,.T.);
#81400=COLOUR_RGB('',9.4901967048645020E-01,9.4901967048645020E-01,
   1.0000000000000000E+00);
#81410=FILL_AREA_STYLE_COLOUR('',#81400);
#81420=FILL_AREA_STYLE('',(#81410));
#81430=SURFACE_STYLE_FILL_AREA(#81420);
#81440=SURFACE_SIDE_STYLE('',(#81430));
#81450=SURFACE_STYLE_USAGE(.BOTH.,#81440);
#81460=PRESENTATION_STYLE_ASSIGNMENT((#81450));
#81470=CARTESIAN_POINT('',(-3.4177964823400686E+01,
   2.4029245874728044E+01,1.6699999999999999E+01));
#81480=DIRECTION('',(0.0000000000000000E+00,0.0000000000000000E+00,
   1.0000000000000000E+00));
#81490=DIRECTION('',(1.0000000000000000E+00,0.0000000000000000E+00,
   0.0000000000000000E+00));
#81500=AXIS2_PLACEMENT_3D('',#81470,#81480,#81490);
#81510=PLANE('',#81500);
#81520=CARTESIAN_POINT('',(-3.3805488301517798E+01,
   2.3821376124790600E+01,1.6699999999999999E+01));
#81530=DIRECTION('',(-2.5881904510253184E-01,9.6592582628906531E-01,
   0.0000000000000000E+00));
#81540=VECTOR('',#81530,1.0000000000000000E+00);
#81550=LINE('',#81520,#81540);
#81560=CARTESIAN_POINT('',(-3.3805488301517798E+01,
   2.3821376124790600E+01,1.6699999999999999E+01));
#81570=VERTEX_POINT('',#81560);
#81580=EDGE_CURVE('',#81570,#63800,#81550,.T.);
#81590=ORIENTED_EDGE('',*,*,#81580,.T.);
#81600=CARTESIAN_POINT('',(-3.3805488301517798E+01,
   2.3821376124790600E+01,1.6699999999999999E+01));
#81610=DIRECTION('',(1.0000000000000000E+00,0.0000000000000000E+00,
   0.0000000000000000E+00));
#81620=VECTOR('',#81610,1.0000000000000000E+00);
#81630=LINE('',#81600,#81620);
#81640=CARTESIAN_POINT('',(-3.3520488301517801E+01,
   2.3821376124790600E+01,1.6699999999999999E+01));
#81650=VERTEX_POINT('',#81640);
#81660=EDGE_CURVE('',#81570,#81650,#81630,.T.);
#81670=ORIENTED_EDGE('',*,*,#81660,.F.);
#81680=CARTESIAN_POINT('',(-3.3520488301517801E+01,
   2.3821376124790600E+01,1.6699999999999999E+01));
#81690=DIRECTION('',(0.0000000000000000E+00,-1.0000000000000000E+00,
   0.0000000000000000E+00));
#81700=VECTOR('',#81690,1.0000000000000000E+00);
#81710=LINE('',#81680,#81700);
#81720=CARTESIAN_POINT('',(-3.3520488301517801E+01,
   2.2071376124790600E+01,1.6699999999999999E+01));
#81730=VERTEX_POINT('',#81720);
#81740=EDGE_CURVE('',#81650,#81730,#81710,.T.);
#81750=ORIENTED_EDGE('',*,*,#81740,.F.);
#81760=CARTESIAN_POINT('',(-3.3805488301517798E+01,
   2.2071376124790600E+01,1.6699999999999999E+01));
#81770=DIRECTION('',(1.0000000000000000E+00,0.0000000000000000E+00,
   0.0000000000000000E+00));
#81780=VECTOR('',#81770,1.0000000000000000E+00);
#81790=LINE('',#81760,#81780);
#81800=CARTESIAN_POINT('',(-3.3805488301517798E+01,
   2.2071376124790600E+01,1.6699999999999999E+01));
#81810=VERTEX_POINT('',#81800);
#81820=EDGE_CURVE('',#81810,#81730,#81790,.T.);
#81830=ORIENTED_EDGE('',*,*,#81820,.T.);
#81840=CARTESIAN_POINT('',(0.0000000000000000E+00,5.5876864426308202E+01
   ,1.6699999999999999E+01));
#81850=DIRECTION('',(7.0710678118654968E-01,7.0710678118654535E-01,
   0.0000000000000000E+00));
#81860=VECTOR('',#81850,1.0000000000000000E+00);
#81870=LINE('',#81840,#81860);
#81880=EDGE_CURVE('',#63880,#81810,#81870,.T.);
#81890=ORIENTED_EDGE('',*,*,#81880,.T.);
#81900=ORIENTED_EDGE('',*,*,#63890,.F.);
#81910=EDGE_LOOP('',(#81900,#81890,#81830,#81750,#81670,#81590));
#81920=FACE_OUTER_BOUND('',#81910,.T.);
#81930=ADVANCED_FACE('',(#81920),#81510,.T.);
#81940=COLOUR_RGB('',5.0196081399917603E-01,1.0000000000000000E+00,
   5.0196081399917603E-01);
#81950=FILL_AREA_STYLE_COLOUR('',#81940);
#81960=FILL_AREA_STYLE('',(#81950));
#81970=SURFACE_STYLE_FILL_AREA(#81960);
#81980=SURFACE_SIDE_STYLE('',(#81970));
#81990=SURFACE_STYLE_USAGE(.BOTH.,#81980);
#82000=PRESENTATION_STYLE_ASSIGNMENT((#81990));
#82010=CARTESIAN_POINT('',(-3.3520488301517801E+01,
   2.2071376124790600E+01,1.7500000000000000E+01));
#82020=DIRECTION('',(-0.0000000000000000E+00,-1.0000000000000000E+00,
   -0.0000000000000000E+00));
#82030=DIRECTION('',(-1.0000000000000000E+00,0.0000000000000000E+00,
   0.0000000000000000E+00));
#82040=AXIS2_PLACEMENT_3D('',#82010,#82020,#82030);
#82050=PLANE('',#82040);
#82060=CARTESIAN_POINT('',(-3.3805488301517798E+01,
   2.2071376124790600E+01,1.8300000000000001E+01));
#82070=DIRECTION('',(1.0000000000000000E+00,0.0000000000000000E+00,
   0.0000000000000000E+00));
#82080=VECTOR('',#82070,1.0000000000000000E+00);
#82090=LINE('',#82060,#82080);
#82100=CARTESIAN_POINT('',(-3.3805488301517805E+01,
   2.2071376124790600E+01,1.8299999999999997E+01));
#82110=VERTEX_POINT('',#82100);
#82120=CARTESIAN_POINT('',(-3.3520488301517801E+01,
   2.2071376124790600E+01,1.8300000000000001E+01));
#82130=VERTEX_POINT('',#82120);
#82140=EDGE_CURVE('',#82110,#82130,#82090,.T.);
#82150=ORIENTED_EDGE('',*,*,#82140,.T.);
#82160=CARTESIAN_POINT('',(-3.3805488301517805E+01,
   2.2071376124790600E+01,1.4000000000000000E+01));
#82170=DIRECTION('',(0.0000000000000000E+00,0.0000000000000000E+00,
   1.0000000000000000E+00));
#82180=VECTOR('',#82170,1.0000000000000000E+00);
#82190=LINE('',#82160,#82180);
#82200=EDGE_CURVE('',#81810,#82110,#82190,.T.);
#82210=ORIENTED_EDGE('',*,*,#82200,.T.);
#82220=ORIENTED_EDGE('',*,*,#81820,.F.);
#82230=CARTESIAN_POINT('',(-3.3520488301517801E+01,
   2.2071376124790600E+01,1.7500000000000000E+01));
#82240=DIRECTION('',(0.0000000000000000E+00,0.0000000000000000E+00,
   1.0000000000000000E+00));
#82250=VECTOR('',#82240,1.0000000000000000E+00);
#82260=LINE('',#82230,#82250);
#82270=EDGE_CURVE('',#81730,#82130,#82260,.T.);
#82280=ORIENTED_EDGE('',*,*,#82270,.F.);
#82290=EDGE_LOOP('',(#82280,#82220,#82210,#82150));
#82300=FACE_OUTER_BOUND('',#82290,.T.);
#82310=ADVANCED_FACE('',(#82300),#82050,.F.);
#82320=COLOUR_RGB('',5.0196081399917603E-01,1.0000000000000000E+00,
   5.0196081399917603E-01);
#82330=FILL_AREA_STYLE_COLOUR('',#82320);
#82340=FILL_AREA_STYLE('',(#82330));
#82350=SURFACE_STYLE_FILL_AREA(#82340);
#82360=SURFACE_SIDE_STYLE('',(#82350));
#82370=SURFACE_STYLE_USAGE(.BOTH.,#82360);
#82380=PRESENTATION_STYLE_ASSIGNMENT((#82370));
#82390=CARTESIAN_POINT('',(-2.7655488301517799E+01,
   2.3627661581016380E+01,1.7500000000000000E+01));
#82400=DIRECTION('',(9.5105651629515309E-01,3.0901699437494878E-01,
   0.0000000000000000E+00));
#82410=DIRECTION('',(3.0901699437494878E-01,-9.5105651629515309E-01,
   0.0000000000000000E+00));
#82420=AXIS2_PLACEMENT_3D('',#82390,#82400,#82410);
#82430=PLANE('',#82420);
#82440=ORIENTED_EDGE('',*,*,#3490,.T.);
#82450=CARTESIAN_POINT('',(-2.7655488301517799E+01,
   2.3627661581016380E+01,2.1000000000000000E+01));
#82460=DIRECTION('',(0.0000000000000000E+00,0.0000000000000000E+00,
   1.0000000000000000E+00));
#82470=VECTOR('',#82460,1.0000000000000000E+00);
#82480=LINE('',#82450,#82470);
#82490=CARTESIAN_POINT('',(-2.7655488301517799E+01,
   2.3627661581016380E+01,2.6500000000000000E+01));
#82500=VERTEX_POINT('',#82490);
#82510=EDGE_CURVE('',#3400,#82500,#82480,.T.);
#82520=ORIENTED_EDGE('',*,*,#82510,.F.);
#82530=CARTESIAN_POINT('',(-2.7655488301517799E+01,
   2.3627661581016380E+01,2.6500000000000000E+01));
#82540=DIRECTION('',(-3.0901699437494878E-01,9.5105651629515309E-01,
   0.0000000000000000E+00));
#82550=VECTOR('',#82540,1.0000000000000000E+00);
#82560=LINE('',#82530,#82550);
#82570=CARTESIAN_POINT('',(-2.9393231307372915E+01,
   2.8975884621978071E+01,2.6500000000000000E+01));
#82580=VERTEX_POINT('',#82570);
#82590=EDGE_CURVE('',#82500,#82580,#82560,.T.);
#82600=ORIENTED_EDGE('',*,*,#82590,.F.);
#82610=CARTESIAN_POINT('',(-2.9393231307372915E+01,
   2.8975884621978071E+01,2.1000000000000000E+01));
#82620=DIRECTION('',(0.0000000000000000E+00,0.0000000000000000E+00,
   1.0000000000000000E+00));
#82630=VECTOR('',#82620,1.0000000000000000E+00);
#82640=LINE('',#82610,#82630);
#82650=EDGE_CURVE('',#3480,#82580,#82640,.T.);
#82660=ORIENTED_EDGE('',*,*,#82650,.T.);
#82670=EDGE_LOOP('',(#82660,#82600,#82520,#82440));
#82680=FACE_OUTER_BOUND('',#82670,.T.);
#82690=ADVANCED_FACE('',(#82680),#82430,.T.);
#82700=COLOUR_RGB('',5.0196081399917603E-01,1.0000000000000000E+00,
   5.0196081399917603E-01);
#82710=FILL_AREA_STYLE_COLOUR('',#82700);
#82720=FILL_AREA_STYLE('',(#82710));
#82730=SURFACE_STYLE_FILL_AREA(#82720);
#82740=SURFACE_SIDE_STYLE('',(#82730));
#82750=SURFACE_STYLE_USAGE(.BOTH.,#82740);
#82760=PRESENTATION_STYLE_ASSIGNMENT((#82750));
#82770=CARTESIAN_POINT('',(-3.3520488301517801E+01,
   2.3821376124790600E+01,1.7500000000000000E+01));
#82780=DIRECTION('',(-0.0000000000000000E+00,1.0000000000000000E+00,
   0.0000000000000000E+00));
#82790=DIRECTION('',(1.0000000000000000E+00,0.0000000000000000E+00,
   0.0000000000000000E+00));
#82800=AXIS2_PLACEMENT_3D('',#82770,#82780,#82790);
#82810=PLANE('',#82800);
#82820=CARTESIAN_POINT('',(-3.3805488301517798E+01,
   2.3821376124790600E+01,1.8300000000000001E+01));
#82830=DIRECTION('',(1.0000000000000000E+00,0.0000000000000000E+00,
   0.0000000000000000E+00));
#82840=VECTOR('',#82830,1.0000000000000000E+00);
#82850=LINE('',#82820,#82840);
#82860=CARTESIAN_POINT('',(-3.3805488301517791E+01,
   2.3821376124790600E+01,1.8299999999999997E+01));
#82870=VERTEX_POINT('',#82860);
#82880=CARTESIAN_POINT('',(-3.3520488301517801E+01,
   2.3821376124790600E+01,1.8300000000000001E+01));
#82890=VERTEX_POINT('',#82880);
#82900=EDGE_CURVE('',#82870,#82890,#82850,.T.);
#82910=ORIENTED_EDGE('',*,*,#82900,.F.);
#82920=CARTESIAN_POINT('',(-3.3520488301517801E+01,
   2.3821376124790600E+01,1.7500000000000000E+01));
#82930=DIRECTION('',(0.0000000000000000E+00,0.0000000000000000E+00,
   -1.0000000000000000E+00));
#82940=VECTOR('',#82930,1.0000000000000000E+00);
#82950=LINE('',#82920,#82940);
#82960=EDGE_CURVE('',#82890,#81650,#82950,.T.);
#82970=ORIENTED_EDGE('',*,*,#82960,.F.);
#82980=ORIENTED_EDGE('',*,*,#81660,.T.);
#82990=CARTESIAN_POINT('',(-3.3805488301517798E+01,
   2.3821376124790600E+01,1.4000000000000000E+01));
#83000=DIRECTION('',(0.0000000000000000E+00,0.0000000000000000E+00,
   -1.0000000000000000E+00));
#83010=VECTOR('',#83000,1.0000000000000000E+00);
#83020=LINE('',#82990,#83010);
#83030=EDGE_CURVE('',#82870,#81570,#83020,.T.);
#83040=ORIENTED_EDGE('',*,*,#83030,.T.);
#83050=EDGE_LOOP('',(#83040,#82980,#82970,#82910));
#83060=FACE_OUTER_BOUND('',#83050,.T.);
#83070=ADVANCED_FACE('',(#83060),#82810,.F.);
#83080=COLOUR_RGB('',5.0196081399917603E-01,1.0000000000000000E+00,
   5.0196081399917603E-01);
#83090=FILL_AREA_STYLE_COLOUR('',#83080);
#83100=FILL_AREA_STYLE('',(#83090));
#83110=SURFACE_STYLE_FILL_AREA(#83100);
#83120=SURFACE_SIDE_STYLE('',(#83110));
#83130=SURFACE_STYLE_USAGE(.BOTH.,#83120);
#83140=PRESENTATION_STYLE_ASSIGNMENT((#83130));
#83150=CARTESIAN_POINT('',(-3.4617870503397079E+01,
   2.4921376124790601E+01,1.6699999999999999E+01));
#83160=DIRECTION('',(0.0000000000000000E+00,0.0000000000000000E+00,
   1.0000000000000000E+00));
#83170=DIRECTION('',(1.0000000000000000E+00,0.0000000000000000E+00,
   0.0000000000000000E+00));
#83180=AXIS2_PLACEMENT_3D('',#83150,#83160,#83170);
#83190=CYLINDRICAL_SURFACE('',#83180,4.9999999999998912E-01);
#83200=CARTESIAN_POINT('',(-3.4617870503397079E+01,
   2.4921376124790601E+01,1.8827382201879288E+01));
#83210=DIRECTION('',(7.0710678118655212E-01,0.0000000000000000E+00,
   7.0710678118654302E-01));
#83220=DIRECTION('',(7.0710678118654302E-01,0.0000000000000000E+00,
   -7.0710678118655212E-01));
#83230=AXIS2_PLACEMENT_3D('',#83200,#83210,#83220);
#83240=ELLIPSE('',#83230,7.0710678118653658E-01,4.9999999999998901E-01);
#83250=CARTESIAN_POINT('',(-3.4134907590252553E+01,
   2.5050785647341851E+01,1.8344419288734755E+01));
#83260=VERTEX_POINT('',#83250);
#83270=CARTESIAN_POINT('',(-3.4617870503397079E+01,
   2.5421376124790594E+01,1.8827382201879288E+01));
#83280=VERTEX_POINT('',#83270);
#83290=EDGE_CURVE('',#83260,#83280,#83240,.T.);
#83300=ORIENTED_EDGE('',*,*,#83290,.T.);
#83310=CARTESIAN_POINT('',(-3.4134907590252553E+01,
   2.5050785647341851E+01,1.6699999999999999E+01));
#83320=DIRECTION('',(0.0000000000000000E+00,0.0000000000000000E+00,
   -1.0000000000000000E+00));
#83330=VECTOR('',#83320,1.0000000000000000E+00);
#83340=LINE('',#83310,#83330);
#83350=EDGE_CURVE('',#83260,#63720,#83340,.T.);
#83360=ORIENTED_EDGE('',*,*,#83350,.F.);
#83370=ORIENTED_EDGE('',*,*,#63730,.T.);
#83380=CARTESIAN_POINT('',(-3.4617870503397079E+01,
   2.5421376124790594E+01,1.6699999999999999E+01));
#83390=DIRECTION('',(0.0000000000000000E+00,0.0000000000000000E+00,
   1.0000000000000000E+00));
#83400=VECTOR('',#83390,1.0000000000000000E+00);
#83410=LINE('',#83380,#83400);
#83420=EDGE_CURVE('',#63630,#83280,#83410,.T.);
#83430=ORIENTED_EDGE('',*,*,#83420,.F.);
#83440=EDGE_LOOP('',(#83430,#83370,#83360,#83300));
#83450=FACE_OUTER_BOUND('',#83440,.T.);
#83460=ADVANCED_FACE('',(#83450),#83190,.F.);
#83470=COLOUR_RGB('',5.0196081399917603E-01,1.0000000000000000E+00,
   5.0196081399917603E-01);
#83480=FILL_AREA_STYLE_COLOUR('',#83470);
#83490=FILL_AREA_STYLE('',(#83480));
#83500=SURFACE_STYLE_FILL_AREA(#83490);
#83510=SURFACE_SIDE_STYLE('',(#83500));
#83520=SURFACE_STYLE_USAGE(.BOTH.,#83510);
#83530=PRESENTATION_STYLE_ASSIGNMENT((#83520));
#83540=CARTESIAN_POINT('',(-2.9886031253416185E+01,
   1.7321376124790600E+01,1.9726922491185586E+01));
#83550=DIRECTION('',(0.0000000000000000E+00,-1.0000000000000000E+00,
   0.0000000000000000E+00));
#83560=DIRECTION('',(1.0000000000000000E+00,0.0000000000000000E+00,
   0.0000000000000000E+00));
#83570=AXIS2_PLACEMENT_3D('',#83540,#83550,#83560);
#83580=PLANE('',#83570);
#83590=CARTESIAN_POINT('',(-3.1105488301517802E+01,
   1.7321376124790600E+01,1.9000000000000000E+01));
#83600=DIRECTION('',(0.0000000000000000E+00,0.0000000000000000E+00,
   -1.0000000000000000E+00));
#83610=VECTOR('',#83600,1.0000000000000000E+00);
#83620=LINE('',#83590,#83610);
#83630=CARTESIAN_POINT('',(-3.1105488301517802E+01,
   1.7321376124790600E+01,1.7682050807568878E+01));
#83640=VERTEX_POINT('',#83630);
#83650=EDGE_CURVE('',#83640,#78500,#83620,.T.);
#83660=ORIENTED_EDGE('',*,*,#83650,.F.);
#83670=ORIENTED_EDGE('',*,*,#78730,.F.);
#83680=ORIENTED_EDGE('',*,*,#80940,.T.);
#83690=CARTESIAN_POINT('',(-8.4502159542249785E+01,
   1.7321376124790600E+01,1.7682050807568878E+01));
#83700=DIRECTION('',(1.0000000000000000E+00,0.0000000000000000E+00,
   0.0000000000000000E+00));
#83710=VECTOR('',#83700,1.0000000000000000E+00);
#83720=LINE('',#83690,#83710);
#83730=EDGE_CURVE('',#80870,#83640,#83720,.T.);
#83740=ORIENTED_EDGE('',*,*,#83730,.F.);
#83750=EDGE_LOOP('',(#83740,#83680,#83670,#83660));
#83760=FACE_OUTER_BOUND('',#83750,.T.);
#83770=ADVANCED_FACE('',(#83760),#83580,.T.);
#83780=COLOUR_RGB('',9.4901961088180542E-01,9.4901961088180542E-01,
   1.0000000000000000E+00);
#83790=FILL_AREA_STYLE_COLOUR('',#83780);
#83800=FILL_AREA_STYLE('',(#83790));
#83810=SURFACE_STYLE_FILL_AREA(#83800);
#83820=SURFACE_SIDE_STYLE('',(#83810));
#83830=SURFACE_STYLE_USAGE(.BOTH.,#83820);
#83840=PRESENTATION_STYLE_ASSIGNMENT((#83830));
#83850=CARTESIAN_POINT('',(-2.9886031253416185E+01,
   2.0321376124790600E+01,1.9726922491185586E+01));
#83860=DIRECTION('',(0.0000000000000000E+00,-1.0000000000000000E+00,
   0.0000000000000000E+00));
#83870=DIRECTION('',(1.0000000000000000E+00,0.0000000000000000E+00,
   0.0000000000000000E+00));
#83880=AXIS2_PLACEMENT_3D('',#83850,#83860,#83870);
#83890=PLANE('',#83880);
#83900=CARTESIAN_POINT('',(-8.4502159542249785E+01,
   2.0321376124790600E+01,2.1000000000000000E+01));
#83910=DIRECTION('',(1.0000000000000000E+00,0.0000000000000000E+00,
   0.0000000000000000E+00));
#83920=VECTOR('',#83910,1.0000000000000000E+00);
#83930=LINE('',#83900,#83920);
#83940=CARTESIAN_POINT('',(-3.1905488301517803E+01,
   2.0321376124790600E+01,2.1000000000000000E+01));
#83950=VERTEX_POINT('',#83940);
#83960=CARTESIAN_POINT('',(-3.1605488301517802E+01,
   2.0321376124790600E+01,2.1000000000000000E+01));
#83970=VERTEX_POINT('',#83960);
#83980=EDGE_CURVE('',#83950,#83970,#83930,.T.);
#83990=ORIENTED_EDGE('',*,*,#83980,.F.);
#84000=CARTESIAN_POINT('',(-3.1605488301517802E+01,
   2.0321376124790600E+01,2.2500000000000000E+01));
#84010=DIRECTION('',(0.0000000000000000E+00,0.0000000000000000E+00,
   -1.0000000000000000E+00));
#84020=VECTOR('',#84010,1.0000000000000000E+00);
#84030=LINE('',#84000,#84020);
#84040=EDGE_CURVE('',#83970,#29570,#84030,.T.);
#84050=ORIENTED_EDGE('',*,*,#84040,.F.);
#84060=ORIENTED_EDGE('',*,*,#29820,.F.);
#84070=CARTESIAN_POINT('',(-3.1105488301517802E+01,
   2.0321376124790600E+01,2.2500000000000000E+01));
#84080=DIRECTION('',(0.0000000000000000E+00,0.0000000000000000E+00,
   -1.0000000000000000E+00));
#84090=VECTOR('',#84080,1.0000000000000000E+00);
#84100=LINE('',#84070,#84090);
#84110=CARTESIAN_POINT('',(-3.1105488301517802E+01,
   2.0321376124790600E+01,2.1000000000000000E+01));
#84120=VERTEX_POINT('',#84110);
#84130=EDGE_CURVE('',#84120,#29750,#84100,.T.);
#84140=ORIENTED_EDGE('',*,*,#84130,.T.);
#84150=CARTESIAN_POINT('',(-3.0805488301517801E+01,
   2.0321376124790600E+01,2.1000000000000000E+01));
#84160=VERTEX_POINT('',#84150);
#84170=EDGE_CURVE('',#84120,#84160,#83930,.T.);
#84180=ORIENTED_EDGE('',*,*,#84170,.F.);
#84190=CARTESIAN_POINT('',(-3.1355488301517802E+01,
   2.0321376124790600E+01,2.1000000000000000E+01));
#84200=DIRECTION('',(0.0000000000000000E+00,-1.0000000000000000E+00,
   0.0000000000000000E+00));
#84210=DIRECTION('',(1.0000000000000000E+00,0.0000000000000000E+00,
   0.0000000000000000E+00));
#84220=AXIS2_PLACEMENT_3D('',#84190,#84200,#84210);
#84230=CIRCLE('',#84220,5.5000000000000004E-01);
#84240=EDGE_CURVE('',#83950,#84160,#84230,.T.);
#84250=ORIENTED_EDGE('',*,*,#84240,.T.);
#84260=EDGE_LOOP('',(#84250,#84180,#84140,#84060,#84050,#83990));
#84270=FACE_OUTER_BOUND('',#84260,.T.);
#84280=ADVANCED_FACE('',(#84270),#83890,.T.);
#84290=COLOUR_RGB('',9.4901961088180542E-01,9.4901961088180542E-01,
   1.0000000000000000E+00);
#84300=FILL_AREA_STYLE_COLOUR('',#84290);
#84310=FILL_AREA_STYLE('',(#84300));
#84320=SURFACE_STYLE_FILL_AREA(#84310);
#84330=SURFACE_SIDE_STYLE('',(#84320));
#84340=SURFACE_STYLE_USAGE(.BOTH.,#84330);
#84350=PRESENTATION_STYLE_ASSIGNMENT((#84340));
#84360=CARTESIAN_POINT('',(-2.7655488301517799E+01,
   2.0821376124790600E+01,1.7500000000000000E+01));
#84370=DIRECTION('',(1.0000000000000000E+00,0.0000000000000000E+00,
   0.0000000000000000E+00));
#84380=DIRECTION('',(0.0000000000000000E+00,-1.0000000000000000E+00,
   0.0000000000000000E+00));
#84390=AXIS2_PLACEMENT_3D('',#84360,#84370,#84380);
#84400=PLANE('',#84390);
#84410=CARTESIAN_POINT('',(-2.7655488301517799E+01,
   2.0821376124790600E+01,2.6500000000000000E+01));
#84420=DIRECTION('',(0.0000000000000000E+00,1.0000000000000000E+00,
   0.0000000000000000E+00));
#84430=VECTOR('',#84420,1.0000000000000000E+00);
#84440=LINE('',#84410,#84430);
#84450=CARTESIAN_POINT('',(-2.7655488301517799E+01,
   2.0821376124790600E+01,2.6500000000000000E+01));
#84460=VERTEX_POINT('',#84450);
#84470=EDGE_CURVE('',#84460,#82500,#84440,.T.);
#84480=ORIENTED_EDGE('',*,*,#84470,.F.);
#84490=ORIENTED_EDGE('',*,*,#82510,.T.);
#84500=ORIENTED_EDGE('',*,*,#3410,.T.);
#84510=CARTESIAN_POINT('',(-2.7655488301517799E+01,
   2.0821376124790600E+01,2.2500000000000000E+01));
#84520=DIRECTION('',(0.0000000000000000E+00,0.0000000000000000E+00,
   -1.0000000000000000E+00));
#84530=VECTOR('',#84520,1.0000000000000000E+00);
#84540=LINE('',#84510,#84530);
#84550=EDGE_CURVE('',#84460,#3320,#84540,.T.);
#84560=ORIENTED_EDGE('',*,*,#84550,.T.);
#84570=EDGE_LOOP('',(#84560,#84500,#84490,#84480));
#84580=FACE_OUTER_BOUND('',#84570,.T.);
#84590=ADVANCED_FACE('',(#84580),#84400,.T.);
#84600=COLOUR_RGB('',5.0196081399917603E-01,1.0000000000000000E+00,
   5.0196081399917603E-01);
#84610=FILL_AREA_STYLE_COLOUR('',#84600);
#84620=FILL_AREA_STYLE('',(#84610));
#84630=SURFACE_STYLE_FILL_AREA(#84620);
#84640=SURFACE_SIDE_STYLE('',(#84630));
#84650=SURFACE_STYLE_USAGE(.BOTH.,#84640);
#84660=PRESENTATION_STYLE_ASSIGNMENT((#84650));
#84670=CARTESIAN_POINT('',(-2.7655488301517799E+01,
   2.0821376124790600E+01,1.4000000000000000E+01));
#84680=DIRECTION('',(-0.0000000000000000E+00,-1.0000000000000000E+00,
   -0.0000000000000000E+00));
#84690=DIRECTION('',(-1.0000000000000000E+00,0.0000000000000000E+00,
   0.0000000000000000E+00));
#84700=AXIS2_PLACEMENT_3D('',#84670,#84680,#84690);
#84710=PLANE('',#84700);
#84720=ORIENTED_EDGE('',*,*,#64750,.F.);
#84730=EDGE_CURVE('',#64630,#64740,#64720,.T.);
#84740=ORIENTED_EDGE('',*,*,#84730,.F.);
#84750=EDGE_LOOP('',(#84740,#84720));
#84760=FACE_BOUND('',#84750,.T.);
#84770=ORIENTED_EDGE('',*,*,#35730,.F.);
#84780=EDGE_CURVE('',#35610,#35720,#35700,.T.);
#84790=ORIENTED_EDGE('',*,*,#84780,.F.);
#84800=EDGE_LOOP('',(#84790,#84770));
#84810=FACE_BOUND('',#84800,.T.);
#84820=ORIENTED_EDGE('',*,*,#60660,.F.);
#84830=EDGE_CURVE('',#60560,#60650,#60630,.T.);
#84840=ORIENTED_EDGE('',*,*,#84830,.F.);
#84850=EDGE_LOOP('',(#84840,#84820));
#84860=FACE_BOUND('',#84850,.T.);
#84870=EDGE_CURVE('',#10430,#10240,#10500,.T.);
#84880=ORIENTED_EDGE('',*,*,#84870,.F.);
#84890=ORIENTED_EDGE('',*,*,#10510,.F.);
#84900=EDGE_LOOP('',(#84890,#84880));
#84910=FACE_BOUND('',#84900,.T.);
#84920=EDGE_CURVE('',#21110,#21220,#21200,.T.);
#84930=ORIENTED_EDGE('',*,*,#84920,.F.);
#84940=ORIENTED_EDGE('',*,*,#21230,.F.);
#84950=EDGE_LOOP('',(#84940,#84930));
#84960=FACE_BOUND('',#84950,.T.);
#84970=CARTESIAN_POINT('',(-8.4502159542249785E+01,
   2.0821376124790600E+01,2.6500000000000000E+01));
#84980=DIRECTION('',(1.0000000000000000E+00,0.0000000000000000E+00,
   0.0000000000000000E+00));
#84990=VECTOR('',#84980,1.0000000000000000E+00);
#85000=LINE('',#84970,#84990);
#85010=CARTESIAN_POINT('',(-3.4955488301517804E+01,
   2.0821376124790600E+01,2.6500000000000000E+01));
#85020=VERTEX_POINT('',#85010);
#85030=EDGE_CURVE('',#85020,#84460,#85000,.T.);
#85040=ORIENTED_EDGE('',*,*,#85030,.F.);
#85050=ORIENTED_EDGE('',*,*,#84550,.F.);
#85060=ORIENTED_EDGE('',*,*,#3330,.T.);
#85070=CARTESIAN_POINT('',(-3.4955488301517804E+01,
   2.0821376124790600E+01,2.6000000000000000E+01));
#85080=DIRECTION('',(0.0000000000000000E+00,0.0000000000000000E+00,
   1.0000000000000000E+00));
#85090=VECTOR('',#85080,1.0000000000000000E+00);
#85100=LINE('',#85070,#85090);
#85110=EDGE_CURVE('',#3300,#85020,#85100,.T.);
#85120=ORIENTED_EDGE('',*,*,#85110,.F.);
#85130=EDGE_LOOP('',(#85120,#85060,#85050,#85040));
#85140=FACE_OUTER_BOUND('',#85130,.T.);
#85150=ORIENTED_EDGE('',*,*,#79810,.F.);
#85160=EDGE_CURVE('',#79710,#79800,#79780,.T.);
#85170=ORIENTED_EDGE('',*,*,#85160,.F.);
#85180=EDGE_LOOP('',(#85170,#85150));
#85190=FACE_BOUND('',#85180,.T.);
#85200=CARTESIAN_POINT('',(-3.1355488301517802E+01,
   2.0821376124790600E+01,2.4500000000000000E+01));
#85210=DIRECTION('',(0.0000000000000000E+00,-1.0000000000000000E+00,
   0.0000000000000000E+00));
#85220=DIRECTION('',(1.0000000000000000E+00,0.0000000000000000E+00,
   0.0000000000000000E+00));
#85230=AXIS2_PLACEMENT_3D('',#85200,#85210,#85220);
#85240=CIRCLE('',#85230,5.5000000000000004E-01);
#85250=CARTESIAN_POINT('',(-3.0805488301517801E+01,
   2.0821376124790600E+01,2.4500000000000000E+01));
#85260=VERTEX_POINT('',#85250);
#85270=CARTESIAN_POINT('',(-3.1905488301517803E+01,
   2.0821376124790600E+01,2.4500000000000000E+01));
#85280=VERTEX_POINT('',#85270);
#85290=EDGE_CURVE('',#85260,#85280,#85240,.T.);
#85300=ORIENTED_EDGE('',*,*,#85290,.F.);
#85310=EDGE_CURVE('',#85280,#85260,#85240,.T.);
#85320=ORIENTED_EDGE('',*,*,#85310,.F.);
#85330=EDGE_LOOP('',(#85320,#85300));
#85340=FACE_BOUND('',#85330,.T.);
#85350=CARTESIAN_POINT('',(-3.1355488301517802E+01,
   2.0821376124790600E+01,2.1000000000000000E+01));
#85360=DIRECTION('',(0.0000000000000000E+00,-1.0000000000000000E+00,
   0.0000000000000000E+00));
#85370=DIRECTION('',(1.0000000000000000E+00,0.0000000000000000E+00,
   0.0000000000000000E+00));
#85380=AXIS2_PLACEMENT_3D('',#85350,#85360,#85370);
#85390=CIRCLE('',#85380,5.5000000000000004E-01);
#85400=CARTESIAN_POINT('',(-3.1905488301517803E+01,
   2.0821376124790600E+01,2.1000000000000000E+01));
#85410=VERTEX_POINT('',#85400);
#85420=CARTESIAN_POINT('',(-3.0805488301517801E+01,
   2.0821376124790600E+01,2.1000000000000000E+01));
#85430=VERTEX_POINT('',#85420);
#85440=EDGE_CURVE('',#85410,#85430,#85390,.T.);
#85450=ORIENTED_EDGE('',*,*,#85440,.F.);
#85460=EDGE_CURVE('',#85430,#85410,#85390,.T.);
#85470=ORIENTED_EDGE('',*,*,#85460,.F.);
#85480=EDGE_LOOP('',(#85470,#85450));
#85490=FACE_BOUND('',#85480,.T.);
#85500=ADVANCED_FACE('',(#84760,#84810,#84860,#84910,#84960,#85140,
   #85190,#85340,#85490),#84710,.T.);
#85510=COLOUR_RGB('',5.0196081399917603E-01,1.0000000000000000E+00,
   5.0196081399917603E-01);
#85520=FILL_AREA_STYLE_COLOUR('',#85510);
#85530=FILL_AREA_STYLE('',(#85520));
#85540=SURFACE_STYLE_FILL_AREA(#85530);
#85550=SURFACE_SIDE_STYLE('',(#85540));
#85560=SURFACE_STYLE_USAGE(.BOTH.,#85550);
#85570=PRESENTATION_STYLE_ASSIGNMENT((#85560));
#85580=CARTESIAN_POINT('',(-3.1355488301517802E+01,
   1.7821376124790600E+01,1.4316025403784439E+01));
#85590=DIRECTION('',(0.0000000000000000E+00,-2.5881904510252085E-01,
   9.6592582628906820E-01));
#85600=DIRECTION('',(0.0000000000000000E+00,9.6592582628906842E-01,
   2.5881904510252091E-01));
#85610=AXIS2_PLACEMENT_3D('',#85580,#85590,#85600);
#85620=PLANE('',#85610);
#85630=ORIENTED_EDGE('',*,*,#66080,.T.);
#85640=ORIENTED_EDGE('',*,*,#66480,.T.);
#85650=CARTESIAN_POINT('',(-3.1105488301517802E+01,
   -2.2653715864353234E+01,3.4707571917179383E+00));
#85660=DIRECTION('',(0.0000000000000000E+00,9.6592582628906831E-01,
   2.5881904510252091E-01));
#85670=VECTOR('',#85660,1.0000000000000000E+00);
#85680=LINE('',#85650,#85670);
#85690=EDGE_CURVE('',#78170,#66410,#85680,.T.);
#85700=ORIENTED_EDGE('',*,*,#85690,.T.);
#85710=ORIENTED_EDGE('',*,*,#78260,.T.);
#85720=EDGE_LOOP('',(#85710,#85700,#85640,#85630));
#85730=FACE_OUTER_BOUND('',#85720,.T.);
#85740=ADVANCED_FACE('',(#85730),#85620,.T.);
#85750=COLOUR_RGB('',9.4901961088180542E-01,9.4901961088180542E-01,
   1.0000000000000000E+00);
#85760=FILL_AREA_STYLE_COLOUR('',#85750);
#85770=FILL_AREA_STYLE('',(#85760));
#85780=SURFACE_STYLE_FILL_AREA(#85770);
#85790=SURFACE_SIDE_STYLE('',(#85780));
#85800=SURFACE_STYLE_USAGE(.BOTH.,#85790);
#85810=PRESENTATION_STYLE_ASSIGNMENT((#85800));
#85820=CARTESIAN_POINT('',(-3.0780488301517799E+01,
   2.7601376124790601E+01,1.7500000000000000E+01));
#85830=DIRECTION('',(-0.0000000000000000E+00,1.0000000000000000E+00,
   0.0000000000000000E+00));
#85840=DIRECTION('',(1.0000000000000000E+00,0.0000000000000000E+00,
   0.0000000000000000E+00));
#85850=AXIS2_PLACEMENT_3D('',#85820,#85830,#85840);
#85860=PLANE('',#85850);
#85870=CARTESIAN_POINT('',(-3.1405488301517799E+01,
   2.7601376124790601E+01,1.7500000000000000E+01));
#85880=DIRECTION('',(0.0000000000000000E+00,-1.0000000000000000E+00,
   0.0000000000000000E+00));
#85890=DIRECTION('',(-1.0000000000000000E+00,0.0000000000000000E+00,
   0.0000000000000000E+00));
#85900=AXIS2_PLACEMENT_3D('',#85870,#85880,#85890);
#85910=CIRCLE('',#85900,1.4499999999999993E+00);
#85920=CARTESIAN_POINT('',(-3.2855488301517795E+01,
   2.7601376124790601E+01,1.7500000000000000E+01));
#85930=VERTEX_POINT('',#85920);
#85940=CARTESIAN_POINT('',(-2.9955488301517800E+01,
   2.7601376124790601E+01,1.7500000000000000E+01));
#85950=VERTEX_POINT('',#85940);
#85960=EDGE_CURVE('',#85930,#85950,#85910,.T.);
#85970=ORIENTED_EDGE('',*,*,#85960,.F.);
#85980=EDGE_CURVE('',#85950,#85930,#85910,.T.);
#85990=ORIENTED_EDGE('',*,*,#85980,.F.);
#86000=EDGE_LOOP('',(#85990,#85970));
#86010=FACE_OUTER_BOUND('',#86000,.T.);
#86020=CARTESIAN_POINT('',(-3.1405488301517792E+01,
   2.7601376124790601E+01,1.7500000000000000E+01));
#86030=DIRECTION('',(0.0000000000000000E+00,1.0000000000000000E+00,
   0.0000000000000000E+00));
#86040=DIRECTION('',(-1.0000000000000000E+00,0.0000000000000000E+00,
   0.0000000000000000E+00));
#86050=AXIS2_PLACEMENT_3D('',#86020,#86030,#86040);
#86060=CIRCLE('',#86050,1.3999999999999999E+00);
#86070=CARTESIAN_POINT('',(-3.2805488301517791E+01,
   2.7601376124790601E+01,1.7500000000000000E+01));
#86080=VERTEX_POINT('',#86070);
#86090=CARTESIAN_POINT('',(-3.0005488301517794E+01,
   2.7601376124790601E+01,1.7500000000000000E+01));
#86100=VERTEX_POINT('',#86090);
#86110=EDGE_CURVE('',#86080,#86100,#86060,.T.);
#86120=ORIENTED_EDGE('',*,*,#86110,.F.);
#86130=EDGE_CURVE('',#86100,#86080,#86060,.T.);
#86140=ORIENTED_EDGE('',*,*,#86130,.F.);
#86150=EDGE_LOOP('',(#86140,#86120));
#86160=FACE_BOUND('',#86150,.T.);
#86170=ADVANCED_FACE('',(#86010,#86160),#85860,.T.);
#86180=COLOUR_RGB('',5.0196081399917603E-01,1.0000000000000000E+00,
   5.0196081399917603E-01);
#86190=FILL_AREA_STYLE_COLOUR('',#86180);
#86200=FILL_AREA_STYLE('',(#86190));
#86210=SURFACE_STYLE_FILL_AREA(#86200);
#86220=SURFACE_SIDE_STYLE('',(#86210));
#86230=SURFACE_STYLE_USAGE(.BOTH.,#86220);
#86240=PRESENTATION_STYLE_ASSIGNMENT((#86230));
#86250=CARTESIAN_POINT('',(-3.1158000928102481E+01,
   2.7601376124790594E+01,2.4252512626584682E+01));
#86260=DIRECTION('',(-7.0710678118654746E-01,0.0000000000000000E+00,
   7.0710678118654757E-01));
#86270=DIRECTION('',(0.0000000000000000E+00,1.0000000000000000E+00,
   0.0000000000000000E+00));
#86280=AXIS2_PLACEMENT_3D('',#86250,#86260,#86270);
#86290=PLANE('',#86280);
#86300=CARTESIAN_POINT('',(-3.2116515403736514E+01,
   2.8001376124790593E+01,2.3293998150950650E+01));
#86310=VERTEX_POINT('',#86300);
#86320=EDGE_CURVE('',#70120,#86310,#70180,.T.);
#86330=ORIENTED_EDGE('',*,*,#86320,.F.);
#86340=CARTESIAN_POINT('',(-3.2116515403736514E+01,
   2.7145319094080318E+01,2.3293998150950650E+01));
#86350=DIRECTION('',(0.0000000000000000E+00,1.0000000000000000E+00,
   0.0000000000000000E+00));
#86360=VECTOR('',#86350,1.0000000000000000E+00);
#86370=LINE('',#86340,#86360);
#86380=CARTESIAN_POINT('',(-3.2116515403736514E+01,
   2.8601376124790601E+01,2.3293998150950650E+01));
#86390=VERTEX_POINT('',#86380);
#86400=EDGE_CURVE('',#86310,#86390,#86370,.T.);
#86410=ORIENTED_EDGE('',*,*,#86400,.F.);
#86420=CARTESIAN_POINT('',(-8.4502159542249785E+01,
   2.8601376124790601E+01,-2.9091645987562615E+01));
#86430=DIRECTION('',(7.0710678118654757E-01,0.0000000000000000E+00,
   7.0710678118654746E-01));
#86440=VECTOR('',#86430,1.0000000000000000E+00);
#86450=LINE('',#86420,#86440);
#86460=CARTESIAN_POINT('',(-3.1451982696656941E+01,
   2.8601376124790601E+01,2.3958530858029071E+01));
#86470=VERTEX_POINT('',#86460);
#86480=EDGE_CURVE('',#86390,#86470,#86450,.T.);
#86490=ORIENTED_EDGE('',*,*,#86480,.F.);
#86500=CARTESIAN_POINT('',(-3.1451982696657915E+01,
   3.9321376124790604E+01,2.3958530858029246E+01));
#86510=DIRECTION('',(0.0000000000000000E+00,-1.0000000000000000E+00,
   0.0000000000000000E+00));
#86520=VECTOR('',#86510,1.0000000000000000E+00);
#86530=LINE('',#86500,#86520);
#86540=EDGE_CURVE('',#86470,#70120,#86530,.T.);
#86550=ORIENTED_EDGE('',*,*,#86540,.F.);
#86560=EDGE_LOOP('',(#86550,#86490,#86410,#86330));
#86570=FACE_OUTER_BOUND('',#86560,.T.);
#86580=ADVANCED_FACE('',(#86570),#86290,.T.);
#86590=COLOUR_RGB('',9.4901967048645020E-01,9.4901967048645020E-01,
   1.0000000000000000E+00);
#86600=FILL_AREA_STYLE_COLOUR('',#86590);
#86610=FILL_AREA_STYLE('',(#86600));
#86620=SURFACE_STYLE_FILL_AREA(#86610);
#86630=SURFACE_SIDE_STYLE('',(#86620));
#86640=SURFACE_STYLE_USAGE(.BOTH.,#86630);
#86650=PRESENTATION_STYLE_ASSIGNMENT((#86640));
#86660=CARTESIAN_POINT('',(-3.1405488301517799E+01,
   2.8561376124790595E+01,1.4000000000000000E+01));
#86670=DIRECTION('',(0.0000000000000000E+00,-1.0000000000000000E+00,
   0.0000000000000000E+00));
#86680=DIRECTION('',(-1.0000000000000000E+00,0.0000000000000000E+00,
   0.0000000000000000E+00));
#86690=AXIS2_PLACEMENT_3D('',#86660,#86670,#86680);
#86700=CYLINDRICAL_SURFACE('',#86690,1.4499999999999993E+00);
#86710=CARTESIAN_POINT('',(-3.2855488301517795E+01,
   2.8561376124790595E+01,1.4000000000000000E+01));
#86720=DIRECTION('',(0.0000000000000000E+00,-1.0000000000000000E+00,
   0.0000000000000000E+00));
#86730=VECTOR('',#86720,1.0000000000000000E+00);
#86740=LINE('',#86710,#86730);
#86750=CARTESIAN_POINT('',(-3.2855488301517795E+01,
   2.9321376124790600E+01,1.4000000000000000E+01));
#86760=VERTEX_POINT('',#86750);
#86770=EDGE_CURVE('',#86760,#70500,#86740,.T.);
#86780=ORIENTED_EDGE('',*,*,#86770,.F.);
#86790=ORIENTED_EDGE('',*,*,#70550,.T.);
#86800=CARTESIAN_POINT('',(-2.9955488301517800E+01,
   2.8561376124790595E+01,1.4000000000000000E+01));
#86810=DIRECTION('',(0.0000000000000000E+00,-1.0000000000000000E+00,
   0.0000000000000000E+00));
#86820=VECTOR('',#86810,1.0000000000000000E+00);
#86830=LINE('',#86800,#86820);
#86840=CARTESIAN_POINT('',(-2.9955488301517800E+01,
   2.9321376124790600E+01,1.4000000000000000E+01));
#86850=VERTEX_POINT('',#86840);
#86860=EDGE_CURVE('',#86850,#70520,#86830,.T.);
#86870=ORIENTED_EDGE('',*,*,#86860,.T.);
#86880=CARTESIAN_POINT('',(-3.1405488301517799E+01,
   2.9321376124790600E+01,1.4000000000000000E+01));
#86890=DIRECTION('',(0.0000000000000000E+00,-1.0000000000000000E+00,
   0.0000000000000000E+00));
#86900=DIRECTION('',(-1.0000000000000000E+00,0.0000000000000000E+00,
   0.0000000000000000E+00));
#86910=AXIS2_PLACEMENT_3D('',#86880,#86890,#86900);
#86920=CIRCLE('',#86910,1.4499999999999993E+00);
#86930=EDGE_CURVE('',#86850,#86760,#86920,.T.);
#86940=ORIENTED_EDGE('',*,*,#86930,.F.);
#86950=EDGE_LOOP('',(#86940,#86870,#86790,#86780));
#86960=FACE_OUTER_BOUND('',#86950,.T.);
#86970=ADVANCED_FACE('',(#86960),#86700,.F.);
#86980=COLOUR_RGB('',5.0196081399917603E-01,1.0000000000000000E+00,
   5.0196081399917603E-01);
#86990=FILL_AREA_STYLE_COLOUR('',#86980);
#87000=FILL_AREA_STYLE('',(#86990));
#87010=SURFACE_STYLE_FILL_AREA(#87000);
#87020=SURFACE_SIDE_STYLE('',(#87010));
#87030=SURFACE_STYLE_USAGE(.BOTH.,#87020);
#87040=PRESENTATION_STYLE_ASSIGNMENT((#87030));
#87050=CARTESIAN_POINT('',(-3.1652975674933074E+01,
   2.8601376124790594E+01,1.4247487373415282E+01));
#87060=DIRECTION('',(7.0710678118654746E-01,0.0000000000000000E+00,
   -7.0710678118654757E-01));
#87070=DIRECTION('',(0.0000000000000000E+00,-1.0000000000000000E+00,
   0.0000000000000000E+00));
#87080=AXIS2_PLACEMENT_3D('',#87050,#87060,#87070);
#87090=PLANE('',#87080);
#87100=ORIENTED_EDGE('',*,*,#49920,.T.);
#87110=CARTESIAN_POINT('',(-8.4502159542249785E+01,
   2.8001376124790593E+01,-3.8601696493901422E+01));
#87120=DIRECTION('',(7.0710678118654757E-01,0.0000000000000000E+00,
   7.0710678118654746E-01));
#87130=VECTOR('',#87120,1.0000000000000000E+00);
#87140=LINE('',#87110,#87130);
#87150=CARTESIAN_POINT('',(-3.1350485798849824E+01,
   2.8001376124790593E+01,1.4549977249499520E+01));
#87160=VERTEX_POINT('',#87150);
#87170=EDGE_CURVE('',#49830,#87160,#87140,.T.);
#87180=ORIENTED_EDGE('',*,*,#87170,.F.);
#87190=CARTESIAN_POINT('',(-3.1350485798848844E+01,
   3.9321376124790604E+01,1.4549977249499511E+01));
#87200=DIRECTION('',(0.0000000000000000E+00,-1.0000000000000000E+00,
   0.0000000000000000E+00));
#87210=VECTOR('',#87200,1.0000000000000000E+00);
#87220=LINE('',#87190,#87210);
#87230=CARTESIAN_POINT('',(-3.1350485798850627E+01,
   2.8601376124790601E+01,1.4549977249499527E+01));
#87240=VERTEX_POINT('',#87230);
#87250=EDGE_CURVE('',#87240,#87160,#87220,.T.);
#87260=ORIENTED_EDGE('',*,*,#87250,.T.);
#87270=CARTESIAN_POINT('',(-8.4502159542249785E+01,
   2.8601376124790601E+01,-3.8601696493901422E+01));
#87280=DIRECTION('',(-7.0710678118654757E-01,0.0000000000000000E+00,
   -7.0710678118654746E-01));
#87290=VECTOR('',#87280,1.0000000000000000E+00);
#87300=LINE('',#87270,#87290);
#87310=EDGE_CURVE('',#87240,#49910,#87300,.T.);
#87320=ORIENTED_EDGE('',*,*,#87310,.F.);
#87330=EDGE_LOOP('',(#87320,#87260,#87180,#87100));
#87340=FACE_OUTER_BOUND('',#87330,.T.);
#87350=ADVANCED_FACE('',(#87340),#87090,.T.);
#87360=COLOUR_RGB('',9.4901967048645020E-01,9.4901967048645020E-01,
   1.0000000000000000E+00);
#87370=FILL_AREA_STYLE_COLOUR('',#87360);
#87380=FILL_AREA_STYLE('',(#87370));
#87390=SURFACE_STYLE_FILL_AREA(#87380);
#87400=SURFACE_SIDE_STYLE('',(#87390));
#87410=SURFACE_STYLE_USAGE(.BOTH.,#87400);
#87420=PRESENTATION_STYLE_ASSIGNMENT((#87410));
#87430=CARTESIAN_POINT('',(-3.0694461199299042E+01,
   2.8001376124790593E+01,1.5206001849049315E+01));
#87440=VERTEX_POINT('',#87430);
#87450=EDGE_CURVE('',#87160,#87440,#87140,.T.);
#87460=ORIENTED_EDGE('',*,*,#87450,.F.);
#87470=CARTESIAN_POINT('',(-3.0694461199299035E+01,
   2.7145319094080318E+01,1.5206001849049326E+01));
#87480=DIRECTION('',(0.0000000000000000E+00,1.0000000000000000E+00,
   0.0000000000000000E+00));
#87490=VECTOR('',#87480,1.0000000000000000E+00);
#87500=LINE('',#87470,#87490);
#87510=CARTESIAN_POINT('',(-3.0694461199299035E+01,
   2.8601376124790601E+01,1.5206001849049326E+01));
#87520=VERTEX_POINT('',#87510);
#87530=EDGE_CURVE('',#87440,#87520,#87500,.T.);
#87540=ORIENTED_EDGE('',*,*,#87530,.F.);
#87550=EDGE_CURVE('',#87520,#87240,#87300,.T.);
#87560=ORIENTED_EDGE('',*,*,#87550,.F.);
#87570=ORIENTED_EDGE('',*,*,#87250,.F.);
#87580=EDGE_LOOP('',(#87570,#87560,#87540,#87460));
#87590=FACE_OUTER_BOUND('',#87580,.T.);
#87600=ADVANCED_FACE('',(#87590),#87090,.T.);
#87610=COLOUR_RGB('',9.4901967048645020E-01,9.4901967048645020E-01,
   1.0000000000000000E+00);
#87620=FILL_AREA_STYLE_COLOUR('',#87610);
#87630=FILL_AREA_STYLE('',(#87620));
#87640=SURFACE_STYLE_FILL_AREA(#87630);
#87650=SURFACE_SIDE_STYLE('',(#87640));
#87660=SURFACE_STYLE_USAGE(.BOTH.,#87650);
#87670=PRESENTATION_STYLE_ASSIGNMENT((#87660));
#87680=CARTESIAN_POINT('',(-3.1158000928102481E+01,
   2.8001376124790593E+01,1.7252512626584682E+01));
#87690=DIRECTION('',(0.0000000000000000E+00,1.0000000000000000E+00,
   0.0000000000000000E+00));
#87700=DIRECTION('',(7.0710678118654746E-01,0.0000000000000000E+00,
   -7.0710678118654757E-01));
#87710=AXIS2_PLACEMENT_3D('',#87680,#87690,#87700);
#87720=PLANE('',#87710);
#87730=ORIENTED_EDGE('',*,*,#62530,.T.);
#87740=CARTESIAN_POINT('',(-3.1355488301517802E+01,
   2.8001376124790593E+01,1.7500000000000000E+01));
#87750=DIRECTION('',(0.0000000000000000E+00,-1.0000000000000000E+00,
   0.0000000000000000E+00));
#87760=DIRECTION('',(1.0000000000000000E+00,0.0000000000000000E+00,
   0.0000000000000000E+00));
#87770=AXIS2_PLACEMENT_3D('',#87740,#87750,#87760);
#87780=CIRCLE('',#87770,5.5000000000000004E-01);
#87790=EDGE_CURVE('',#62500,#62050,#87780,.T.);
#87800=ORIENTED_EDGE('',*,*,#87790,.F.);
#87810=ORIENTED_EDGE('',*,*,#62060,.T.);
#87820=CARTESIAN_POINT('',(-8.4502159542249785E+01,
   2.8001376124790593E+01,1.7500000000000000E+01));
#87830=DIRECTION('',(-1.0000000000000000E+00,0.0000000000000000E+00,
   0.0000000000000000E+00));
#87840=VECTOR('',#87830,1.0000000000000000E+00);
#87850=LINE('',#87820,#87840);
#87860=EDGE_CURVE('',#62030,#62520,#87850,.T.);
#87870=ORIENTED_EDGE('',*,*,#87860,.F.);
#87880=EDGE_LOOP('',(#87870,#87810,#87800,#87730));
#87890=FACE_OUTER_BOUND('',#87880,.T.);
#87900=ADVANCED_FACE('',(#87890),#87720,.T.);
#87910=COLOUR_RGB('',9.4901967048645020E-01,9.4901967048645020E-01,
   1.0000000000000000E+00);
#87920=FILL_AREA_STYLE_COLOUR('',#87910);
#87930=FILL_AREA_STYLE('',(#87920));
#87940=SURFACE_STYLE_FILL_AREA(#87930);
#87950=SURFACE_SIDE_STYLE('',(#87940));
#87960=SURFACE_STYLE_USAGE(.BOTH.,#87950);
#87970=PRESENTATION_STYLE_ASSIGNMENT((#87960));
#87980=CARTESIAN_POINT('',(-3.1405488301517792E+01,
   2.7145319094080318E+01,1.4000000000000000E+01));
#87990=DIRECTION('',(0.0000000000000000E+00,1.0000000000000000E+00,
   0.0000000000000000E+00));
#88000=DIRECTION('',(-1.0000000000000000E+00,0.0000000000000000E+00,
   0.0000000000000000E+00));
#88010=AXIS2_PLACEMENT_3D('',#87980,#87990,#88000);
#88020=CYLINDRICAL_SURFACE('',#88010,1.3999999999999999E+00);
#88030=CARTESIAN_POINT('',(-3.0005488301517794E+01,
   2.7145319094080318E+01,1.4000000000000000E+01));
#88040=DIRECTION('',(0.0000000000000000E+00,1.0000000000000000E+00,
   0.0000000000000000E+00));
#88050=VECTOR('',#88040,1.0000000000000000E+00);
#88060=LINE('',#88030,#88050);
#88070=EDGE_CURVE('',#70670,#59560,#88060,.T.);
#88080=ORIENTED_EDGE('',*,*,#88070,.F.);
#88090=ORIENTED_EDGE('',*,*,#59570,.F.);
#88100=ORIENTED_EDGE('',*,*,#54210,.T.);
#88110=ORIENTED_EDGE('',*,*,#74260,.F.);
#88120=ORIENTED_EDGE('',*,*,#61810,.F.);
#88130=CARTESIAN_POINT('',(-3.1405488301517792E+01,
   2.8601376124790601E+01,1.4000000000000000E+01));
#88140=DIRECTION('',(0.0000000000000000E+00,1.0000000000000000E+00,
   0.0000000000000000E+00));
#88150=DIRECTION('',(-1.0000000000000000E+00,0.0000000000000000E+00,
   0.0000000000000000E+00));
#88160=AXIS2_PLACEMENT_3D('',#88130,#88140,#88150);
#88170=CIRCLE('',#88160,1.3999999999999999E+00);
#88180=CARTESIAN_POINT('',(-3.2805488301517791E+01,
   2.8601376124790601E+01,1.4000000000000000E+01));
#88190=VERTEX_POINT('',#88180);
#88200=EDGE_CURVE('',#61740,#88190,#88170,.T.);
#88210=ORIENTED_EDGE('',*,*,#88200,.F.);
#88220=CARTESIAN_POINT('',(-3.2805488301517791E+01,
   2.7145319094080318E+01,1.4000000000000000E+01));
#88230=DIRECTION('',(0.0000000000000000E+00,1.0000000000000000E+00,
   0.0000000000000000E+00));
#88240=VECTOR('',#88230,1.0000000000000000E+00);
#88250=LINE('',#88220,#88240);
#88260=EDGE_CURVE('',#70650,#88190,#88250,.T.);
#88270=ORIENTED_EDGE('',*,*,#88260,.T.);
#88280=ORIENTED_EDGE('',*,*,#70700,.T.);
#88290=EDGE_LOOP('',(#88280,#88270,#88210,#88120,#88110,#88100,#88090,
   #88080));
#88300=FACE_OUTER_BOUND('',#88290,.T.);
#88310=ADVANCED_FACE('',(#88300),#88020,.T.);
#88320=COLOUR_RGB('',9.4901967048645020E-01,9.4901967048645020E-01,
   1.0000000000000000E+00);
#88330=FILL_AREA_STYLE_COLOUR('',#88320);
#88340=FILL_AREA_STYLE('',(#88330));
#88350=SURFACE_STYLE_FILL_AREA(#88340);
#88360=SURFACE_SIDE_STYLE('',(#88350));
#88370=SURFACE_STYLE_USAGE(.BOTH.,#88360);
#88380=PRESENTATION_STYLE_ASSIGNMENT((#88370));
#88390=CARTESIAN_POINT('',(-3.2074229385564998E+01,
   2.8601376124790601E+01,1.4668741084047205E+01));
#88400=DIRECTION('',(0.0000000000000000E+00,1.0000000000000000E+00,
   0.0000000000000000E+00));
#88410=DIRECTION('',(7.0710678118654746E-01,0.0000000000000000E+00,
   -7.0710678118654757E-01));
#88420=AXIS2_PLACEMENT_3D('',#88390,#88400,#88410);
#88430=PLANE('',#88420);
#88440=ORIENTED_EDGE('',*,*,#87550,.T.);
#88450=EDGE_CURVE('',#88190,#87520,#88170,.T.);
#88460=ORIENTED_EDGE('',*,*,#88450,.T.);
#88470=ORIENTED_EDGE('',*,*,#88200,.T.);
#88480=ORIENTED_EDGE('',*,*,#61750,.T.);
#88490=ORIENTED_EDGE('',*,*,#76670,.T.);
#88500=CARTESIAN_POINT('',(-3.1355488301517802E+01,
   2.8601376124790601E+01,1.4000000000000000E+01));
#88510=DIRECTION('',(0.0000000000000000E+00,-1.0000000000000000E+00,
   0.0000000000000000E+00));
#88520=DIRECTION('',(1.0000000000000000E+00,0.0000000000000000E+00,
   0.0000000000000000E+00));
#88530=AXIS2_PLACEMENT_3D('',#88500,#88510,#88520);
#88540=CIRCLE('',#88530,5.5000000000000004E-01);
#88550=EDGE_CURVE('',#87240,#76660,#88540,.T.);
#88560=ORIENTED_EDGE('',*,*,#88550,.T.);
#88570=EDGE_LOOP('',(#88560,#88490,#88480,#88470,#88460,#88440));
#88580=FACE_OUTER_BOUND('',#88570,.T.);
#88590=ADVANCED_FACE('',(#88580),#88430,.T.);
#88600=COLOUR_RGB('',9.4901967048645020E-01,9.4901967048645020E-01,
   1.0000000000000000E+00);
#88610=FILL_AREA_STYLE_COLOUR('',#88600);
#88620=FILL_AREA_STYLE('',(#88610));
#88630=SURFACE_STYLE_FILL_AREA(#88620);
#88640=SURFACE_SIDE_STYLE('',(#88630));
#88650=SURFACE_STYLE_USAGE(.BOTH.,#88640);
#88660=PRESENTATION_STYLE_ASSIGNMENT((#88650));
#88670=CARTESIAN_POINT('',(-3.1158000928102481E+01,
   2.8001376124790593E+01,1.3752512626584682E+01));
#88680=DIRECTION('',(0.0000000000000000E+00,1.0000000000000000E+00,
   0.0000000000000000E+00));
#88690=DIRECTION('',(7.0710678118654746E-01,0.0000000000000000E+00,
   -7.0710678118654757E-01));
#88700=AXIS2_PLACEMENT_3D('',#88670,#88680,#88690);
#88710=PLANE('',#88700);
#88720=CARTESIAN_POINT('',(-8.4502159542249785E+01,
   2.8001376124790593E+01,-3.9591645987562615E+01));
#88730=DIRECTION('',(-7.0710678118654757E-01,0.0000000000000000E+00,
   -7.0710678118654746E-01));
#88740=VECTOR('',#88730,1.0000000000000000E+00);
#88750=LINE('',#88720,#88740);
#88760=CARTESIAN_POINT('',(-3.0199486452468442E+01,
   2.8001376124790593E+01,1.4711027102218718E+01));
#88770=VERTEX_POINT('',#88760);
#88780=CARTESIAN_POINT('',(-3.0814019159546973E+01,
   2.8001376124790593E+01,1.4096494395139700E+01));
#88790=VERTEX_POINT('',#88780);
#88800=EDGE_CURVE('',#88770,#88790,#88750,.T.);
#88810=ORIENTED_EDGE('',*,*,#88800,.T.);
#88820=CARTESIAN_POINT('',(-3.1405488301517792E+01,
   2.8001376124790593E+01,1.4000000000000000E+01));
#88830=DIRECTION('',(0.0000000000000000E+00,1.0000000000000000E+00,
   0.0000000000000000E+00));
#88840=DIRECTION('',(-1.0000000000000000E+00,0.0000000000000000E+00,
   0.0000000000000000E+00));
#88850=AXIS2_PLACEMENT_3D('',#88820,#88830,#88840);
#88860=CIRCLE('',#88850,1.3999999999999999E+00);
#88870=EDGE_CURVE('',#87440,#88770,#88860,.T.);
#88880=ORIENTED_EDGE('',*,*,#88870,.T.);
#88890=ORIENTED_EDGE('',*,*,#87450,.T.);
#88900=CARTESIAN_POINT('',(-3.1355488301517802E+01,
   2.8001376124790593E+01,1.4000000000000000E+01));
#88910=DIRECTION('',(0.0000000000000000E+00,-1.0000000000000000E+00,
   0.0000000000000000E+00));
#88920=DIRECTION('',(1.0000000000000000E+00,0.0000000000000000E+00,
   0.0000000000000000E+00));
#88930=AXIS2_PLACEMENT_3D('',#88900,#88910,#88920);
#88940=CIRCLE('',#88930,5.5000000000000004E-01);
#88950=EDGE_CURVE('',#88790,#87160,#88940,.T.);
#88960=ORIENTED_EDGE('',*,*,#88950,.T.);
#88970=EDGE_LOOP('',(#88960,#88890,#88880,#88810));
#88980=FACE_OUTER_BOUND('',#88970,.T.);
#88990=ADVANCED_FACE('',(#88980),#88710,.T.);
#89000=COLOUR_RGB('',9.4901967048645020E-01,9.4901967048645020E-01,
   1.0000000000000000E+00);
#89010=FILL_AREA_STYLE_COLOUR('',#89000);
#89020=FILL_AREA_STYLE('',(#89010));
#89030=SURFACE_STYLE_FILL_AREA(#89020);
#89040=SURFACE_SIDE_STYLE('',(#89030));
#89050=SURFACE_STYLE_USAGE(.BOTH.,#89040);
#89060=PRESENTATION_STYLE_ASSIGNMENT((#89050));
#89070=ORIENTED_EDGE('',*,*,#88950,.F.);
#89080=ORIENTED_EDGE('',*,*,#87170,.T.);
#89090=ORIENTED_EDGE('',*,*,#60150,.T.);
#89100=EDGE_CURVE('',#88790,#50280,#88750,.T.);
#89110=ORIENTED_EDGE('',*,*,#89100,.T.);
#89120=EDGE_LOOP('',(#89110,#89090,#89080,#89070));
#89130=FACE_OUTER_BOUND('',#89120,.T.);
#89140=ADVANCED_FACE('',(#89130),#88710,.T.);
#89150=COLOUR_RGB('',9.4901967048645020E-01,9.4901967048645020E-01,
   1.0000000000000000E+00);
#89160=FILL_AREA_STYLE_COLOUR('',#89150);
#89170=FILL_AREA_STYLE('',(#89160));
#89180=SURFACE_STYLE_FILL_AREA(#89170);
#89190=SURFACE_SIDE_STYLE('',(#89180));
#89200=SURFACE_STYLE_USAGE(.BOTH.,#89190);
#89210=PRESENTATION_STYLE_ASSIGNMENT((#89200));
#89220=CARTESIAN_POINT('',(-3.1158000928102481E+01,
   2.7601376124790594E+01,1.3752512626584682E+01));
#89230=DIRECTION('',(-7.0710678118654746E-01,0.0000000000000000E+00,
   7.0710678118654757E-01));
#89240=DIRECTION('',(0.0000000000000000E+00,1.0000000000000000E+00,
   0.0000000000000000E+00));
#89250=AXIS2_PLACEMENT_3D('',#89220,#89230,#89240);
#89260=PLANE('',#89250);
#89270=ORIENTED_EDGE('',*,*,#88800,.F.);
#89280=CARTESIAN_POINT('',(-3.0814019159547051E+01,
   3.9321376124790604E+01,1.4096494395140114E+01));
#89290=DIRECTION('',(0.0000000000000000E+00,-1.0000000000000000E+00,
   0.0000000000000000E+00));
#89300=VECTOR('',#89290,1.0000000000000000E+00);
#89310=LINE('',#89280,#89300);
#89320=EDGE_CURVE('',#59680,#88790,#89310,.T.);
#89330=ORIENTED_EDGE('',*,*,#89320,.T.);
#89340=ORIENTED_EDGE('',*,*,#59690,.F.);
#89350=CARTESIAN_POINT('',(-3.0199486452468442E+01,
   2.7145319094080318E+01,1.4711027102218718E+01));
#89360=DIRECTION('',(0.0000000000000000E+00,1.0000000000000000E+00,
   0.0000000000000000E+00));
#89370=VECTOR('',#89360,1.0000000000000000E+00);
#89380=LINE('',#89350,#89370);
#89390=EDGE_CURVE('',#88770,#59600,#89380,.T.);
#89400=ORIENTED_EDGE('',*,*,#89390,.T.);
#89410=EDGE_LOOP('',(#89400,#89340,#89330,#89270));
#89420=FACE_OUTER_BOUND('',#89410,.T.);
#89430=ADVANCED_FACE('',(#89420),#89260,.T.);
#89440=COLOUR_RGB('',9.4901967048645020E-01,9.4901967048645020E-01,
   1.0000000000000000E+00);
#89450=FILL_AREA_STYLE_COLOUR('',#89440);
#89460=FILL_AREA_STYLE('',(#89450));
#89470=SURFACE_STYLE_FILL_AREA(#89460);
#89480=SURFACE_SIDE_STYLE('',(#89470));
#89490=SURFACE_STYLE_USAGE(.BOTH.,#89480);
#89500=PRESENTATION_STYLE_ASSIGNMENT((#89490));
#89510=ORIENTED_EDGE('',*,*,#89100,.F.);
#89520=ORIENTED_EDGE('',*,*,#50530,.T.);
#89530=EDGE_CURVE('',#50460,#59680,#59660,.T.);
#89540=ORIENTED_EDGE('',*,*,#89530,.F.);
#89550=ORIENTED_EDGE('',*,*,#89320,.F.);
#89560=EDGE_LOOP('',(#89550,#89540,#89520,#89510));
#89570=FACE_OUTER_BOUND('',#89560,.T.);
#89580=ADVANCED_FACE('',(#89570),#89260,.T.);
#89590=COLOUR_RGB('',9.4901967048645020E-01,9.4901967048645020E-01,
   1.0000000000000000E+00);
#89600=FILL_AREA_STYLE_COLOUR('',#89590);
#89610=FILL_AREA_STYLE('',(#89600));
#89620=SURFACE_STYLE_FILL_AREA(#89610);
#89630=SURFACE_SIDE_STYLE('',(#89620));
#89640=SURFACE_STYLE_USAGE(.BOTH.,#89630);
#89650=PRESENTATION_STYLE_ASSIGNMENT((#89640));
#89660=ORIENTED_EDGE('',*,*,#76880,.T.);
#89670=CARTESIAN_POINT('',(-3.1405488301517792E+01,
   2.8001376124790593E+01,1.7500000000000000E+01));
#89680=DIRECTION('',(0.0000000000000000E+00,1.0000000000000000E+00,
   0.0000000000000000E+00));
#89690=DIRECTION('',(-1.0000000000000000E+00,0.0000000000000000E+00,
   0.0000000000000000E+00));
#89700=AXIS2_PLACEMENT_3D('',#89670,#89680,#89690);
#89710=CIRCLE('',#89700,1.3999999999999999E+00);
#89720=EDGE_CURVE('',#70830,#76870,#89710,.T.);
#89730=ORIENTED_EDGE('',*,*,#89720,.T.);
#89740=ORIENTED_EDGE('',*,*,#70840,.T.);
#89750=ORIENTED_EDGE('',*,*,#87790,.T.);
#89760=EDGE_LOOP('',(#89750,#89740,#89730,#89660));
#89770=FACE_OUTER_BOUND('',#89760,.T.);
#89780=ADVANCED_FACE('',(#89770),#87720,.T.);
#89790=COLOUR_RGB('',9.4901967048645020E-01,9.4901967048645020E-01,
   1.0000000000000000E+00);
#89800=FILL_AREA_STYLE_COLOUR('',#89790);
#89810=FILL_AREA_STYLE('',(#89800));
#89820=SURFACE_STYLE_FILL_AREA(#89810);
#89830=SURFACE_SIDE_STYLE('',(#89820));
#89840=SURFACE_STYLE_USAGE(.BOTH.,#89830);
#89850=PRESENTATION_STYLE_ASSIGNMENT((#89840));
#89860=ORIENTED_EDGE('',*,*,#88550,.F.);
#89870=ORIENTED_EDGE('',*,*,#76740,.T.);
#89880=ORIENTED_EDGE('',*,*,#87310,.T.);
#89890=EDGE_LOOP('',(#89880,#89870,#89860));
#89900=FACE_OUTER_BOUND('',#89890,.T.);
#89910=ADVANCED_FACE('',(#89900),#88430,.T.);
#89920=COLOUR_RGB('',9.4901967048645020E-01,9.4901967048645020E-01,
   1.0000000000000000E+00);
#89930=FILL_AREA_STYLE_COLOUR('',#89920);
#89940=FILL_AREA_STYLE('',(#89930));
#89950=SURFACE_STYLE_FILL_AREA(#89940);
#89960=SURFACE_SIDE_STYLE('',(#89950));
#89970=SURFACE_STYLE_USAGE(.BOTH.,#89960);
#89980=PRESENTATION_STYLE_ASSIGNMENT((#89970));
#89990=ORIENTED_EDGE('',*,*,#59780,.F.);
#90000=ORIENTED_EDGE('',*,*,#89530,.T.);
#90010=ORIENTED_EDGE('',*,*,#64130,.T.);
#90020=EDGE_LOOP('',(#90010,#90000,#89990));
#90030=FACE_OUTER_BOUND('',#90020,.T.);
#90040=ADVANCED_FACE('',(#90030),#88430,.T.);
#90050=COLOUR_RGB('',9.4901967048645020E-01,9.4901967048645020E-01,
   1.0000000000000000E+00);
#90060=FILL_AREA_STYLE_COLOUR('',#90050);
#90070=FILL_AREA_STYLE('',(#90060));
#90080=SURFACE_STYLE_FILL_AREA(#90070);
#90090=SURFACE_SIDE_STYLE('',(#90080));
#90100=SURFACE_STYLE_USAGE(.BOTH.,#90090);
#90110=PRESENTATION_STYLE_ASSIGNMENT((#90100));
#90120=CARTESIAN_POINT('',(-3.1105488301517802E+01,
   2.0321376124790600E+01,1.4449999999999999E+01));
#90130=DIRECTION('',(1.0000000000000000E+00,-0.0000000000000000E+00,
   0.0000000000000000E+00));
#90140=DIRECTION('',(0.0000000000000000E+00,0.0000000000000000E+00,
   -1.0000000000000000E+00));
#90150=AXIS2_PLACEMENT_3D('',#90120,#90130,#90140);
#90160=PLANE('',#90150);
#90170=ORIENTED_EDGE('',*,*,#65370,.F.);
#90180=ORIENTED_EDGE('',*,*,#65680,.T.);
#90190=ORIENTED_EDGE('',*,*,#63190,.F.);
#90200=ORIENTED_EDGE('',*,*,#78180,.T.);
#90210=ORIENTED_EDGE('',*,*,#85690,.F.);
#90220=ORIENTED_EDGE('',*,*,#66420,.T.);
#90230=ORIENTED_EDGE('',*,*,#79380,.F.);
#90240=EDGE_LOOP('',(#90230,#90220,#90210,#90200,#90190,#90180,#90170));
#90250=FACE_OUTER_BOUND('',#90240,.T.);
#90260=ADVANCED_FACE('',(#90250),#90160,.T.);
#90270=COLOUR_RGB('',9.4901961088180542E-01,9.4901961088180542E-01,
   1.0000000000000000E+00);
#90280=FILL_AREA_STYLE_COLOUR('',#90270);
#90290=FILL_AREA_STYLE('',(#90280));
#90300=SURFACE_STYLE_FILL_AREA(#90290);
#90310=SURFACE_SIDE_STYLE('',(#90300));
#90320=SURFACE_STYLE_USAGE(.BOTH.,#90310);
#90330=PRESENTATION_STYLE_ASSIGNMENT((#90320));
#90340=CARTESIAN_POINT('',(-3.1158000928102481E+01,
   2.8001376124790593E+01,2.4252512626584682E+01));
#90350=DIRECTION('',(0.0000000000000000E+00,1.0000000000000000E+00,
   0.0000000000000000E+00));
#90360=DIRECTION('',(7.0710678118654746E-01,0.0000000000000000E+00,
   -7.0710678118654757E-01));
#90370=AXIS2_PLACEMENT_3D('',#90340,#90350,#90360);
#90380=PLANE('',#90370);
#90390=CARTESIAN_POINT('',(-3.1355488301517802E+01,
   2.8001376124790593E+01,2.4500000000000000E+01));
#90400=DIRECTION('',(0.0000000000000000E+00,-1.0000000000000000E+00,
   0.0000000000000000E+00));
#90410=DIRECTION('',(1.0000000000000000E+00,0.0000000000000000E+00,
   0.0000000000000000E+00));
#90420=AXIS2_PLACEMENT_3D('',#90390,#90400,#90410);
#90430=CIRCLE('',#90420,5.5000000000000004E-01);
#90440=CARTESIAN_POINT('',(-3.0814019159546973E+01,
   2.8001376124790593E+01,2.4596494395139700E+01));
#90450=VERTEX_POINT('',#90440);
#90460=CARTESIAN_POINT('',(-3.1350485798848844E+01,
   2.8001376124790593E+01,2.5049977249499509E+01));
#90470=VERTEX_POINT('',#90460);
#90480=EDGE_CURVE('',#90450,#90470,#90430,.T.);
#90490=ORIENTED_EDGE('',*,*,#90480,.T.);
#90500=CARTESIAN_POINT('',(-8.4502159542249785E+01,
   2.8001376124790593E+01,-2.9091645987562615E+01));
#90510=DIRECTION('',(-7.0710678118654757E-01,0.0000000000000000E+00,
   -7.0710678118654746E-01));
#90520=VECTOR('',#90510,1.0000000000000000E+00);
#90530=LINE('',#90500,#90520);
#90540=CARTESIAN_POINT('',(-3.0199486452468442E+01,
   2.8001376124790593E+01,2.5211027102218718E+01));
#90550=VERTEX_POINT('',#90540);
#90560=EDGE_CURVE('',#90550,#90450,#90530,.T.);
#90570=ORIENTED_EDGE('',*,*,#90560,.T.);
#90580=CARTESIAN_POINT('',(-3.1405488301517792E+01,
   2.8001376124790593E+01,2.4500000000000000E+01));
#90590=DIRECTION('',(0.0000000000000000E+00,1.0000000000000000E+00,
   0.0000000000000000E+00));
#90600=DIRECTION('',(-1.0000000000000000E+00,0.0000000000000000E+00,
   0.0000000000000000E+00));
#90610=AXIS2_PLACEMENT_3D('',#90580,#90590,#90600);
#90620=CIRCLE('',#90610,1.3999999999999999E+00);
#90630=CARTESIAN_POINT('',(-3.0694461199299042E+01,
   2.8001376124790593E+01,2.5706001849049315E+01));
#90640=VERTEX_POINT('',#90630);
#90650=EDGE_CURVE('',#90640,#90550,#90620,.T.);
#90660=ORIENTED_EDGE('',*,*,#90650,.T.);
#90670=CARTESIAN_POINT('',(-8.4502159542249785E+01,
   2.8001376124790593E+01,-2.8101696493901422E+01));
#90680=DIRECTION('',(7.0710678118654757E-01,0.0000000000000000E+00,
   7.0710678118654746E-01));
#90690=VECTOR('',#90680,1.0000000000000000E+00);
#90700=LINE('',#90670,#90690);
#90710=EDGE_CURVE('',#90470,#90640,#90700,.T.);
#90720=ORIENTED_EDGE('',*,*,#90710,.T.);
#90730=EDGE_LOOP('',(#90720,#90660,#90570,#90490));
#90740=FACE_OUTER_BOUND('',#90730,.T.);
#90750=ADVANCED_FACE('',(#90740),#90380,.T.);
#90760=COLOUR_RGB('',9.4901967048645020E-01,9.4901967048645020E-01,
   1.0000000000000000E+00);
#90770=FILL_AREA_STYLE_COLOUR('',#90760);
#90780=FILL_AREA_STYLE('',(#90770));
#90790=SURFACE_STYLE_FILL_AREA(#90780);
#90800=SURFACE_SIDE_STYLE('',(#90790));
#90810=SURFACE_STYLE_USAGE(.BOTH.,#90800);
#90820=PRESENTATION_STYLE_ASSIGNMENT((#90810));
#90830=CARTESIAN_POINT('',(-3.1405488301517799E+01,
   2.9321376124790600E+01,1.4000000000000000E+01));
#90840=DIRECTION('',(-0.0000000000000000E+00,1.0000000000000000E+00,
   0.0000000000000000E+00));
#90850=DIRECTION('',(1.0000000000000000E+00,0.0000000000000000E+00,
   0.0000000000000000E+00));
#90860=AXIS2_PLACEMENT_3D('',#90830,#90840,#90850);
#90870=PLANE('',#90860);
#90880=EDGE_CURVE('',#86760,#86850,#86920,.T.);
#90890=ORIENTED_EDGE('',*,*,#90880,.T.);
#90900=ORIENTED_EDGE('',*,*,#86930,.T.);
#90910=EDGE_LOOP('',(#90900,#90890));
#90920=FACE_BOUND('',#90910,.T.);
#90930=EDGE_CURVE('',#45370,#45460,#45530,.T.);
#90940=ORIENTED_EDGE('',*,*,#90930,.T.);
#90950=ORIENTED_EDGE('',*,*,#45540,.T.);
#90960=EDGE_LOOP('',(#90950,#90940));
#90970=FACE_BOUND('',#90960,.T.);
#90980=EDGE_CURVE('',#8000,#8190,#8260,.T.);
#90990=ORIENTED_EDGE('',*,*,#90980,.T.);
#91000=ORIENTED_EDGE('',*,*,#8270,.T.);
#91010=EDGE_LOOP('',(#91000,#90990));
#91020=FACE_BOUND('',#91010,.T.);
#91030=EDGE_CURVE('',#71170,#71360,#71430,.T.);
#91040=ORIENTED_EDGE('',*,*,#91030,.T.);
#91050=ORIENTED_EDGE('',*,*,#71440,.T.);
#91060=EDGE_LOOP('',(#91050,#91040));
#91070=FACE_BOUND('',#91060,.T.);
#91080=EDGE_CURVE('',#56100,#56190,#56260,.T.);
#91090=ORIENTED_EDGE('',*,*,#91080,.T.);
#91100=ORIENTED_EDGE('',*,*,#56270,.T.);
#91110=EDGE_LOOP('',(#91100,#91090));
#91120=FACE_BOUND('',#91110,.T.);
#91130=CARTESIAN_POINT('',(-3.1405488301517799E+01,
   2.9321376124790600E+01,1.7500000000000000E+01));
#91140=DIRECTION('',(0.0000000000000000E+00,-1.0000000000000000E+00,
   0.0000000000000000E+00));
#91150=DIRECTION('',(-1.0000000000000000E+00,0.0000000000000000E+00,
   0.0000000000000000E+00));
#91160=AXIS2_PLACEMENT_3D('',#91130,#91140,#91150);
#91170=CIRCLE('',#91160,1.4499999999999993E+00);
#91180=CARTESIAN_POINT('',(-3.2855488301517795E+01,
   2.9321376124790600E+01,1.7500000000000000E+01));
#91190=VERTEX_POINT('',#91180);
#91200=CARTESIAN_POINT('',(-2.9955488301517800E+01,
   2.9321376124790600E+01,1.7500000000000000E+01));
#91210=VERTEX_POINT('',#91200);
#91220=EDGE_CURVE('',#91190,#91210,#91170,.T.);
#91230=ORIENTED_EDGE('',*,*,#91220,.T.);
#91240=EDGE_CURVE('',#91210,#91190,#91170,.T.);
#91250=ORIENTED_EDGE('',*,*,#91240,.T.);
#91260=EDGE_LOOP('',(#91250,#91230));
#91270=FACE_BOUND('',#91260,.T.);
#91280=ORIENTED_EDGE('',*,*,#3660,.F.);
#91290=CARTESIAN_POINT('',(-2.9868759565520477E+01,
   2.9321376124790600E+01,2.1000000000000000E+01));
#91300=DIRECTION('',(0.0000000000000000E+00,0.0000000000000000E+00,
   -1.0000000000000000E+00));
#91310=VECTOR('',#91300,1.0000000000000000E+00);
#91320=LINE('',#91290,#91310);
#91330=CARTESIAN_POINT('',(-2.9868759565520477E+01,
   2.9321376124790600E+01,2.6500000000000000E+01));
#91340=VERTEX_POINT('',#91330);
#91350=EDGE_CURVE('',#91340,#3570,#91320,.T.);
#91360=ORIENTED_EDGE('',*,*,#91350,.T.);
#91370=CARTESIAN_POINT('',(-3.2921824807528317E+01,
   2.9321376124790600E+01,2.6500000000000000E+01));
#91380=DIRECTION('',(1.0000000000000000E+00,0.0000000000000000E+00,
   0.0000000000000000E+00));
#91390=VECTOR('',#91380,1.0000000000000000E+00);
#91400=LINE('',#91370,#91390);
#91410=CARTESIAN_POINT('',(-3.2921824807528317E+01,
   2.9321376124790600E+01,2.6500000000000000E+01));
#91420=VERTEX_POINT('',#91410);
#91430=EDGE_CURVE('',#91420,#91340,#91400,.T.);
#91440=ORIENTED_EDGE('',*,*,#91430,.T.);
#91450=CARTESIAN_POINT('',(-3.2921824807528317E+01,
   2.9321376124790600E+01,2.1000000000000000E+01));
#91460=DIRECTION('',(0.0000000000000000E+00,0.0000000000000000E+00,
   1.0000000000000000E+00));
#91470=VECTOR('',#91460,1.0000000000000000E+00);
#91480=LINE('',#91450,#91470);
#91490=EDGE_CURVE('',#3650,#91420,#91480,.T.);
#91500=ORIENTED_EDGE('',*,*,#91490,.T.);
#91510=EDGE_LOOP('',(#91500,#91440,#91360,#91280));
#91520=FACE_OUTER_BOUND('',#91510,.T.);
#91530=CARTESIAN_POINT('',(-3.1405488301517799E+01,
   2.9321376124790600E+01,2.4500000000000000E+01));
#91540=DIRECTION('',(0.0000000000000000E+00,-1.0000000000000000E+00,
   0.0000000000000000E+00));
#91550=DIRECTION('',(-1.0000000000000000E+00,0.0000000000000000E+00,
   0.0000000000000000E+00));
#91560=AXIS2_PLACEMENT_3D('',#91530,#91540,#91550);
#91570=CIRCLE('',#91560,1.4499999999999993E+00);
#91580=CARTESIAN_POINT('',(-3.2855488301517795E+01,
   2.9321376124790600E+01,2.4500000000000000E+01));
#91590=VERTEX_POINT('',#91580);
#91600=CARTESIAN_POINT('',(-2.9955488301517800E+01,
   2.9321376124790600E+01,2.4500000000000000E+01));
#91610=VERTEX_POINT('',#91600);
#91620=EDGE_CURVE('',#91590,#91610,#91570,.T.);
#91630=ORIENTED_EDGE('',*,*,#91620,.T.);
#91640=EDGE_CURVE('',#91610,#91590,#91570,.T.);
#91650=ORIENTED_EDGE('',*,*,#91640,.T.);
#91660=EDGE_LOOP('',(#91650,#91630));
#91670=FACE_BOUND('',#91660,.T.);
#91680=CARTESIAN_POINT('',(-3.1405488301517799E+01,
   2.9321376124790600E+01,2.1000000000000000E+01));
#91690=DIRECTION('',(0.0000000000000000E+00,-1.0000000000000000E+00,
   0.0000000000000000E+00));
#91700=DIRECTION('',(-1.0000000000000000E+00,0.0000000000000000E+00,
   0.0000000000000000E+00));
#91710=AXIS2_PLACEMENT_3D('',#91680,#91690,#91700);
#91720=CIRCLE('',#91710,1.4499999999999993E+00);
#91730=CARTESIAN_POINT('',(-3.2855488301517795E+01,
   2.9321376124790600E+01,2.1000000000000000E+01));
#91740=VERTEX_POINT('',#91730);
#91750=CARTESIAN_POINT('',(-2.9955488301517800E+01,
   2.9321376124790600E+01,2.1000000000000000E+01));
#91760=VERTEX_POINT('',#91750);
#91770=EDGE_CURVE('',#91740,#91760,#91720,.T.);
#91780=ORIENTED_EDGE('',*,*,#91770,.T.);
#91790=EDGE_CURVE('',#91760,#91740,#91720,.T.);
#91800=ORIENTED_EDGE('',*,*,#91790,.T.);
#91810=EDGE_LOOP('',(#91800,#91780));
#91820=FACE_BOUND('',#91810,.T.);
#91830=ADVANCED_FACE('',(#90920,#90970,#91020,#91070,#91120,#91270,
   #91520,#91670,#91820),#90870,.T.);
#91840=COLOUR_RGB('',5.0196081399917603E-01,1.0000000000000000E+00,
   5.0196081399917603E-01);
#91850=FILL_AREA_STYLE_COLOUR('',#91840);
#91860=FILL_AREA_STYLE('',(#91850));
#91870=SURFACE_STYLE_FILL_AREA(#91860);
#91880=SURFACE_SIDE_STYLE('',(#91870));
#91890=SURFACE_STYLE_USAGE(.BOTH.,#91880);
#91900=PRESENTATION_STYLE_ASSIGNMENT((#91890));
#91910=CARTESIAN_POINT('',(-3.4644041692111067E+01,
   2.1232822734197338E+01,2.3699999999999999E+01));
#91920=DIRECTION('',(7.0710678118654535E-01,-7.0710678118654968E-01,
   0.0000000000000000E+00));
#91930=DIRECTION('',(-7.0710678118654968E-01,-7.0710678118654535E-01,
   0.0000000000000000E+00));
#91940=AXIS2_PLACEMENT_3D('',#91910,#91920,#91930);
#91950=PLANE('',#91940);
#91960=CARTESIAN_POINT('',(0.0000000000000000E+00,5.5876864426308202E+01
   ,2.3699999999999999E+01));
#91970=DIRECTION('',(7.0710678118654968E-01,7.0710678118654535E-01,
   0.0000000000000000E+00));
#91980=VECTOR('',#91970,1.0000000000000000E+00);
#91990=LINE('',#91960,#91980);
#92000=CARTESIAN_POINT('',(-3.4090488301517780E+01,
   2.1786376124790618E+01,2.3699999999999999E+01));
#92010=VERTEX_POINT('',#92000);
#92020=CARTESIAN_POINT('',(-3.3805488301517798E+01,
   2.2071376124790600E+01,2.3699999999999999E+01));
#92030=VERTEX_POINT('',#92020);
#92040=EDGE_CURVE('',#92010,#92030,#91990,.T.);
#92050=ORIENTED_EDGE('',*,*,#92040,.F.);
#92060=CARTESIAN_POINT('',(-3.3805488301517805E+01,
   2.2071376124790600E+01,2.1000000000000000E+01));
#92070=DIRECTION('',(0.0000000000000000E+00,0.0000000000000000E+00,
   1.0000000000000000E+00));
#92080=VECTOR('',#92070,1.0000000000000000E+00);
#92090=LINE('',#92060,#92080);
#92100=CARTESIAN_POINT('',(-3.3805488301517798E+01,
   2.2071376124790600E+01,2.5300000000000001E+01));
#92110=VERTEX_POINT('',#92100);
#92120=EDGE_CURVE('',#92030,#92110,#92090,.T.);
#92130=ORIENTED_EDGE('',*,*,#92120,.F.);
#92140=CARTESIAN_POINT('',(0.0000000000000000E+00,5.5876864426308202E+01
   ,2.5300000000000001E+01));
#92150=DIRECTION('',(7.0710678118654968E-01,7.0710678118654535E-01,
   0.0000000000000000E+00));
#92160=VECTOR('',#92150,1.0000000000000000E+00);
#92170=LINE('',#92140,#92160);
#92180=CARTESIAN_POINT('',(-3.4090488301517780E+01,
   2.1786376124790618E+01,2.5300000000000001E+01));
#92190=VERTEX_POINT('',#92180);
#92200=EDGE_CURVE('',#92190,#92110,#92170,.T.);
#92210=ORIENTED_EDGE('',*,*,#92200,.T.);
#92220=CARTESIAN_POINT('',(-2.9790488301517854E+01,
   2.6086376124790515E+01,2.1000000000000000E+01));
#92230=DIRECTION('',(-5.7735026918962440E-01,-5.7735026918962096E-01,
   5.7735026918963195E-01));
#92240=VECTOR('',#92230,1.0000000000000000E+00);
#92250=LINE('',#92220,#92240);
#92260=CARTESIAN_POINT('',(-3.4644041692111067E+01,
   2.1232822734197338E+01,2.5853553390593277E+01));
#92270=VERTEX_POINT('',#92260);
#92280=EDGE_CURVE('',#92190,#92270,#92250,.T.);
#92290=ORIENTED_EDGE('',*,*,#92280,.F.);
#92300=CARTESIAN_POINT('',(-3.4997595082704343E+01,
   2.0879269343604062E+01,2.5500000000000000E+01));
#92310=DIRECTION('',(7.0710678118654535E-01,-7.0710678118654968E-01,
   0.0000000000000000E+00));
#92320=DIRECTION('',(-7.0710678118654968E-01,-7.0710678118654535E-01,
   0.0000000000000000E+00));
#92330=AXIS2_PLACEMENT_3D('',#92300,#92310,#92320);
#92340=ELLIPSE('',#92330,7.0710678118655101E-01,5.0000000000000400E-01);
#92350=CARTESIAN_POINT('',(-3.4955488301517804E+01,
   2.0921376124790594E+01,2.5998223864320160E+01));
#92360=VERTEX_POINT('',#92350);
#92370=EDGE_CURVE('',#92270,#92360,#92340,.T.);
#92380=ORIENTED_EDGE('',*,*,#92370,.F.);
#92390=CARTESIAN_POINT('',(-3.4955488301517804E+01,
   2.0921376124790608E+01,2.1000000000000000E+01));
#92400=DIRECTION('',(0.0000000000000000E+00,0.0000000000000000E+00,
   1.0000000000000000E+00));
#92410=VECTOR('',#92400,1.0000000000000000E+00);
#92420=LINE('',#92390,#92410);
#92430=CARTESIAN_POINT('',(-3.4955488301517804E+01,
   2.0921376124790608E+01,2.3001776135679844E+01));
#92440=VERTEX_POINT('',#92430);
#92450=EDGE_CURVE('',#92440,#92360,#92420,.T.);
#92460=ORIENTED_EDGE('',*,*,#92450,.T.);
#92470=CARTESIAN_POINT('',(-3.4997595082704343E+01,
   2.0879269343604062E+01,2.3500000000000000E+01));
#92480=DIRECTION('',(7.0710678118654535E-01,-7.0710678118654968E-01,
   0.0000000000000000E+00));
#92490=DIRECTION('',(-7.0710678118654968E-01,-7.0710678118654535E-01,
   0.0000000000000000E+00));
#92500=AXIS2_PLACEMENT_3D('',#92470,#92480,#92490);
#92510=ELLIPSE('',#92500,7.0710678118654535E-01,5.0000000000000000E-01);
#92520=CARTESIAN_POINT('',(-3.4644041692111067E+01,
   2.1232822734197338E+01,2.3146446609406727E+01));
#92530=VERTEX_POINT('',#92520);
#92540=EDGE_CURVE('',#92440,#92530,#92510,.T.);
#92550=ORIENTED_EDGE('',*,*,#92540,.F.);
#92560=CARTESIAN_POINT('',(0.0000000000000000E+00,5.5876864426308202E+01
   ,5.7790488301517357E+01));
#92570=DIRECTION('',(5.7735026918962939E-01,5.7735026918962584E-01,
   5.7735026918962207E-01));
#92580=VECTOR('',#92570,1.0000000000000000E+00);
#92590=LINE('',#92560,#92580);
#92600=EDGE_CURVE('',#92530,#92010,#92590,.T.);
#92610=ORIENTED_EDGE('',*,*,#92600,.F.);
#92620=EDGE_LOOP('',(#92610,#92550,#92460,#92380,#92290,#92210,#92130,
   #92050));
#92630=FACE_OUTER_BOUND('',#92620,.T.);
#92640=ADVANCED_FACE('',(#92630),#91950,.F.);
#92650=COLOUR_RGB('',5.0196081399917603E-01,1.0000000000000000E+00,
   5.0196081399917603E-01);
#92660=FILL_AREA_STYLE_COLOUR('',#92650);
#92670=FILL_AREA_STYLE('',(#92660));
#92680=SURFACE_STYLE_FILL_AREA(#92670);
#92690=SURFACE_SIDE_STYLE('',(#92680));
#92700=SURFACE_STYLE_USAGE(.BOTH.,#92690);
#92710=PRESENTATION_STYLE_ASSIGNMENT((#92700));
#92720=CARTESIAN_POINT('',(-3.1105488301517802E+01,
   2.0321376124790600E+01,1.7949999999999999E+01));
#92730=DIRECTION('',(1.0000000000000000E+00,-0.0000000000000000E+00,
   0.0000000000000000E+00));
#92740=DIRECTION('',(0.0000000000000000E+00,0.0000000000000000E+00,
   -1.0000000000000000E+00));
#92750=AXIS2_PLACEMENT_3D('',#92720,#92730,#92740);
#92760=PLANE('',#92750);
#92770=ORIENTED_EDGE('',*,*,#80320,.F.);
#92780=ORIENTED_EDGE('',*,*,#80620,.T.);
#92790=ORIENTED_EDGE('',*,*,#78510,.F.);
#92800=ORIENTED_EDGE('',*,*,#83650,.T.);
#92810=CARTESIAN_POINT('',(-3.1105488301517802E+01,
   -2.2653715864353234E+01,6.9707571917179383E+00));
#92820=DIRECTION('',(0.0000000000000000E+00,9.6592582628906831E-01,
   2.5881904510252091E-01));
#92830=VECTOR('',#92820,1.0000000000000000E+00);
#92840=LINE('',#92810,#92830);
#92850=EDGE_CURVE('',#83640,#76130,#92840,.T.);
#92860=ORIENTED_EDGE('',*,*,#92850,.F.);
#92870=ORIENTED_EDGE('',*,*,#76140,.T.);
#92880=ORIENTED_EDGE('',*,*,#74790,.F.);
#92890=EDGE_LOOP('',(#92880,#92870,#92860,#92800,#92790,#92780,#92770));
#92900=FACE_OUTER_BOUND('',#92890,.T.);
#92910=ADVANCED_FACE('',(#92900),#92760,.T.);
#92920=COLOUR_RGB('',9.4901961088180542E-01,9.4901961088180542E-01,
   1.0000000000000000E+00);
#92930=FILL_AREA_STYLE_COLOUR('',#92920);
#92940=FILL_AREA_STYLE('',(#92930));
#92950=SURFACE_STYLE_FILL_AREA(#92940);
#92960=SURFACE_SIDE_STYLE('',(#92950));
#92970=SURFACE_STYLE_USAGE(.BOTH.,#92960);
#92980=PRESENTATION_STYLE_ASSIGNMENT((#92970));
#92990=ORIENTED_EDGE('',*,*,#77950,.F.);
#93000=ORIENTED_EDGE('',*,*,#62690,.T.);
#93010=CARTESIAN_POINT('',(-8.4502159542249785E+01,
   2.8601376124790601E+01,1.7500000000000000E+01));
#93020=DIRECTION('',(-1.0000000000000000E+00,0.0000000000000000E+00,
   0.0000000000000000E+00));
#93030=VECTOR('',#93020,1.0000000000000000E+00);
#93040=LINE('',#93010,#93030);
#93050=EDGE_CURVE('',#62600,#77670,#93040,.T.);
#93060=ORIENTED_EDGE('',*,*,#93050,.F.);
#93070=EDGE_LOOP('',(#93060,#93000,#92990));
#93080=FACE_OUTER_BOUND('',#93070,.T.);
#93090=ADVANCED_FACE('',(#93080),#75300,.T.);
#93100=COLOUR_RGB('',9.4901967048645020E-01,9.4901967048645020E-01,
   1.0000000000000000E+00);
#93110=FILL_AREA_STYLE_COLOUR('',#93100);
#93120=FILL_AREA_STYLE('',(#93110));
#93130=SURFACE_STYLE_FILL_AREA(#93120);
#93140=SURFACE_SIDE_STYLE('',(#93130));
#93150=SURFACE_STYLE_USAGE(.BOTH.,#93140);
#93160=PRESENTATION_STYLE_ASSIGNMENT((#93150));
#93170=CARTESIAN_POINT('',(-3.1652975674933074E+01,
   2.8601376124790594E+01,2.1247487373415282E+01));
#93180=DIRECTION('',(7.0710678118654746E-01,0.0000000000000000E+00,
   -7.0710678118654757E-01));
#93190=DIRECTION('',(0.0000000000000000E+00,-1.0000000000000000E+00,
   0.0000000000000000E+00));
#93200=AXIS2_PLACEMENT_3D('',#93170,#93180,#93190);
#93210=PLANE('',#93200);
#93220=ORIENTED_EDGE('',*,*,#77240,.F.);
#93230=CARTESIAN_POINT('',(-3.1900463048348364E+01,
   -2.2653715864353234E+01,2.1000000000000000E+01));
#93240=DIRECTION('',(-0.0000000000000000E+00,1.0000000000000000E+00,
   0.0000000000000000E+00));
#93250=VECTOR('',#93240,1.0000000000000000E+00);
#93260=LINE('',#93230,#93250);
#93270=CARTESIAN_POINT('',(-3.1900463048348364E+01,
   2.8601376124790601E+01,2.0999999999999993E+01));
#93280=VERTEX_POINT('',#93270);
#93290=EDGE_CURVE('',#77230,#93280,#93260,.T.);
#93300=ORIENTED_EDGE('',*,*,#93290,.F.);
#93310=CARTESIAN_POINT('',(-8.4502159542249785E+01,
   2.8601376124790601E+01,-3.1601696493901422E+01));
#93320=DIRECTION('',(-7.0710678118654757E-01,0.0000000000000000E+00,
   -7.0710678118654746E-01));
#93330=VECTOR('',#93320,1.0000000000000000E+00);
#93340=LINE('',#93310,#93330);
#93350=CARTESIAN_POINT('',(-3.1905465551017315E+01,
   2.8601376124790601E+01,2.0994997497331042E+01));
#93360=VERTEX_POINT('',#93350);
#93370=EDGE_CURVE('',#93280,#93360,#93340,.T.);
#93380=ORIENTED_EDGE('',*,*,#93370,.F.);
#93390=CARTESIAN_POINT('',(-3.1905465551017315E+01,
   3.9321376124790604E+01,2.0994997497331042E+01));
#93400=DIRECTION('',(0.0000000000000000E+00,-1.0000000000000000E+00,
   0.0000000000000000E+00));
#93410=VECTOR('',#93400,1.0000000000000000E+00);
#93420=LINE('',#93390,#93410);
#93430=EDGE_CURVE('',#93360,#77210,#93420,.T.);
#93440=ORIENTED_EDGE('',*,*,#93430,.F.);
#93450=EDGE_LOOP('',(#93440,#93380,#93300,#93220));
#93460=FACE_OUTER_BOUND('',#93450,.T.);
#93470=ADVANCED_FACE('',(#93460),#93210,.T.);
#93480=COLOUR_RGB('',9.4901967048645020E-01,9.4901967048645020E-01,
   1.0000000000000000E+00);
#93490=FILL_AREA_STYLE_COLOUR('',#93480);
#93500=FILL_AREA_STYLE('',(#93490));
#93510=SURFACE_STYLE_FILL_AREA(#93500);
#93520=SURFACE_SIDE_STYLE('',(#93510));
#93530=SURFACE_STYLE_USAGE(.BOTH.,#93520);
#93540=PRESENTATION_STYLE_ASSIGNMENT((#93530));
#93550=CARTESIAN_POINT('',(-3.2074229385564998E+01,
   2.8601376124790601E+01,2.1668741084047205E+01));
#93560=DIRECTION('',(0.0000000000000000E+00,1.0000000000000000E+00,
   0.0000000000000000E+00));
#93570=DIRECTION('',(7.0710678118654746E-01,0.0000000000000000E+00,
   -7.0710678118654757E-01));
#93580=AXIS2_PLACEMENT_3D('',#93550,#93560,#93570);
#93590=PLANE('',#93580);
#93600=CARTESIAN_POINT('',(-3.1355488301517802E+01,
   2.8601376124790601E+01,2.1000000000000000E+01));
#93610=DIRECTION('',(0.0000000000000000E+00,-1.0000000000000000E+00,
   0.0000000000000000E+00));
#93620=DIRECTION('',(1.0000000000000000E+00,0.0000000000000000E+00,
   0.0000000000000000E+00));
#93630=AXIS2_PLACEMENT_3D('',#93600,#93610,#93620);
#93640=CIRCLE('',#93630,5.5000000000000004E-01);
#93650=CARTESIAN_POINT('',(-3.1905488301517799E+01,
   2.8601376124790601E+01,2.1000000000000000E+01));
#93660=VERTEX_POINT('',#93650);
#93670=EDGE_CURVE('',#93660,#93360,#93640,.T.);
#93680=ORIENTED_EDGE('',*,*,#93670,.F.);
#93690=ORIENTED_EDGE('',*,*,#93370,.T.);
#93700=CARTESIAN_POINT('',(-8.4502159542249785E+01,
   2.8601376124790601E+01,2.1000000000000000E+01));
#93710=DIRECTION('',(-1.0000000000000000E+00,0.0000000000000000E+00,
   0.0000000000000000E+00));
#93720=VECTOR('',#93710,1.0000000000000000E+00);
#93730=LINE('',#93700,#93720);
#93740=EDGE_CURVE('',#93280,#93660,#93730,.T.);
#93750=ORIENTED_EDGE('',*,*,#93740,.F.);
#93760=EDGE_LOOP('',(#93750,#93690,#93680));
#93770=FACE_OUTER_BOUND('',#93760,.T.);
#93780=ADVANCED_FACE('',(#93770),#93590,.T.);
#93790=COLOUR_RGB('',9.4901967048645020E-01,9.4901967048645020E-01,
   1.0000000000000000E+00);
#93800=FILL_AREA_STYLE_COLOUR('',#93790);
#93810=FILL_AREA_STYLE('',(#93800));
#93820=SURFACE_STYLE_FILL_AREA(#93810);
#93830=SURFACE_SIDE_STYLE('',(#93820));
#93840=SURFACE_STYLE_USAGE(.BOTH.,#93830);
#93850=PRESENTATION_STYLE_ASSIGNMENT((#93840));
#93860=CARTESIAN_POINT('',(-3.1355488301517802E+01,
   1.7821376124790600E+01,2.0683974596215563E+01));
#93870=DIRECTION('',(0.0000000000000000E+00,2.5881904510252085E-01,
   9.6592582628906820E-01));
#93880=DIRECTION('',(0.0000000000000000E+00,9.6592582628906842E-01,
   -2.5881904510252091E-01));
#93890=AXIS2_PLACEMENT_3D('',#93860,#93870,#93880);
#93900=PLANE('',#93890);
#93910=CARTESIAN_POINT('',(-3.1105488301517802E+01,
   -2.2653715864353234E+01,3.1529242808282063E+01));
#93920=DIRECTION('',(0.0000000000000000E+00,-9.6592582628906831E-01,
   2.5881904510252091E-01));
#93930=VECTOR('',#93920,1.0000000000000000E+00);
#93940=LINE('',#93910,#93930);
#93950=CARTESIAN_POINT('',(-3.1105488301517802E+01,
   1.7321376124790600E+01,2.0817949192431122E+01));
#93960=VERTEX_POINT('',#93950);
#93970=EDGE_CURVE('',#29670,#93960,#93940,.T.);
#93980=ORIENTED_EDGE('',*,*,#93970,.T.);
#93990=ORIENTED_EDGE('',*,*,#29680,.T.);
#94000=CARTESIAN_POINT('',(-3.1605488301517795E+01,
   -2.2653715864353234E+01,3.1529242808282063E+01));
#94010=DIRECTION('',(0.0000000000000000E+00,9.6592582628906831E-01,
   -2.5881904510252091E-01));
#94020=VECTOR('',#94010,1.0000000000000000E+00);
#94030=LINE('',#94000,#94020);
#94040=CARTESIAN_POINT('',(-3.1605488301517795E+01,
   1.7321376124790607E+01,2.0817949192431122E+01));
#94050=VERTEX_POINT('',#94040);
#94060=EDGE_CURVE('',#94050,#29590,#94030,.T.);
#94070=ORIENTED_EDGE('',*,*,#94060,.T.);
#94080=CARTESIAN_POINT('',(-8.4502159542249785E+01,
   1.7321376124790600E+01,2.0817949192431122E+01));
#94090=DIRECTION('',(-1.0000000000000000E+00,0.0000000000000000E+00,
   0.0000000000000000E+00));
#94100=VECTOR('',#94090,1.0000000000000000E+00);
#94110=LINE('',#94080,#94100);
#94120=EDGE_CURVE('',#93960,#94050,#94110,.T.);
#94130=ORIENTED_EDGE('',*,*,#94120,.T.);
#94140=EDGE_LOOP('',(#94130,#94070,#93990,#93980));
#94150=FACE_OUTER_BOUND('',#94140,.T.);
#94160=ADVANCED_FACE('',(#94150),#93900,.F.);
#94170=COLOUR_RGB('',9.4901961088180542E-01,9.4901961088180542E-01,
   1.0000000000000000E+00);
#94180=FILL_AREA_STYLE_COLOUR('',#94170);
#94190=FILL_AREA_STYLE('',(#94180));
#94200=SURFACE_STYLE_FILL_AREA(#94190);
#94210=SURFACE_SIDE_STYLE('',(#94200));
#94220=SURFACE_STYLE_USAGE(.BOTH.,#94210);
#94230=PRESENTATION_STYLE_ASSIGNMENT((#94220));
#94240=CARTESIAN_POINT('',(-3.1105488301517802E+01,
   2.0321376124790600E+01,2.1449999999999999E+01));
#94250=DIRECTION('',(1.0000000000000000E+00,-0.0000000000000000E+00,
   0.0000000000000000E+00));
#94260=DIRECTION('',(0.0000000000000000E+00,0.0000000000000000E+00,
   -1.0000000000000000E+00));
#94270=AXIS2_PLACEMENT_3D('',#94240,#94250,#94260);
#94280=PLANE('',#94270);
#94290=CARTESIAN_POINT('',(-3.1105488301517802E+01,
   -2.2653715864353234E+01,1.0470757191717938E+01));
#94300=DIRECTION('',(0.0000000000000000E+00,9.6592582628906831E-01,
   2.5881904510252091E-01));
#94310=VECTOR('',#94300,1.0000000000000000E+00);
#94320=LINE('',#94290,#94310);
#94330=CARTESIAN_POINT('',(-3.1105488301517802E+01,
   1.7321376124790600E+01,2.1182050807568878E+01));
#94340=VERTEX_POINT('',#94330);
#94350=CARTESIAN_POINT('',(-3.1105488301517802E+01,
   1.8321376124790607E+01,2.1449999999999999E+01));
#94360=VERTEX_POINT('',#94350);
#94370=EDGE_CURVE('',#94340,#94360,#94320,.T.);
#94380=ORIENTED_EDGE('',*,*,#94370,.F.);
#94390=CARTESIAN_POINT('',(-3.1105488301517802E+01,
   -2.2653715864353234E+01,2.1449999999999999E+01));
#94400=DIRECTION('',(0.0000000000000000E+00,-1.0000000000000000E+00,
   0.0000000000000000E+00));
#94410=VECTOR('',#94400,1.0000000000000000E+00);
#94420=LINE('',#94390,#94410);
#94430=CARTESIAN_POINT('',(-3.1105488301517802E+01,
   2.0321376124790600E+01,2.1449999999999999E+01));
#94440=VERTEX_POINT('',#94430);
#94450=EDGE_CURVE('',#94440,#94360,#94420,.T.);
#94460=ORIENTED_EDGE('',*,*,#94450,.T.);
#94470=CARTESIAN_POINT('',(-3.1105488301517802E+01,
   2.0321376124790600E+01,2.6000000000000000E+01));
#94480=DIRECTION('',(0.0000000000000000E+00,0.0000000000000000E+00,
   -1.0000000000000000E+00));
#94490=VECTOR('',#94480,1.0000000000000000E+00);
#94500=LINE('',#94470,#94490);
#94510=EDGE_CURVE('',#94440,#84120,#94500,.T.);
#94520=ORIENTED_EDGE('',*,*,#94510,.F.);
#94530=ORIENTED_EDGE('',*,*,#84130,.F.);
#94540=ORIENTED_EDGE('',*,*,#29760,.T.);
#94550=ORIENTED_EDGE('',*,*,#93970,.F.);
#94560=CARTESIAN_POINT('',(-3.1105488301517802E+01,
   1.7321376124790600E+01,2.2500000000000000E+01));
#94570=DIRECTION('',(0.0000000000000000E+00,0.0000000000000000E+00,
   -1.0000000000000000E+00));
#94580=VECTOR('',#94570,1.0000000000000000E+00);
#94590=LINE('',#94560,#94580);
#94600=EDGE_CURVE('',#94340,#93960,#94590,.T.);
#94610=ORIENTED_EDGE('',*,*,#94600,.T.);
#94620=EDGE_LOOP('',(#94610,#94550,#94540,#94530,#94520,#94460,#94380));
#94630=FACE_OUTER_BOUND('',#94620,.T.);
#94640=ADVANCED_FACE('',(#94630),#94280,.T.);
#94650=COLOUR_RGB('',9.4901961088180542E-01,9.4901961088180542E-01,
   1.0000000000000000E+00);
#94660=FILL_AREA_STYLE_COLOUR('',#94650);
#94670=FILL_AREA_STYLE('',(#94660));
#94680=SURFACE_STYLE_FILL_AREA(#94670);
#94690=SURFACE_SIDE_STYLE('',(#94680));
#94700=SURFACE_STYLE_USAGE(.BOTH.,#94690);
#94710=PRESENTATION_STYLE_ASSIGNMENT((#94700));
#94720=ORIENTED_EDGE('',*,*,#77410,.F.);
#94730=ORIENTED_EDGE('',*,*,#81350,.T.);
#94740=CARTESIAN_POINT('',(-3.0910513554687164E+01,
   2.8601376124790601E+01,2.0999999999999993E+01));
#94750=VERTEX_POINT('',#94740);
#94760=EDGE_CURVE('',#81280,#94750,#81260,.T.);
#94770=ORIENTED_EDGE('',*,*,#94760,.F.);
#94780=CARTESIAN_POINT('',(-3.0910513554687164E+01,
   -2.2653715864353234E+01,2.1000000000000000E+01));
#94790=DIRECTION('',(-0.0000000000000000E+00,-1.0000000000000000E+00,
   0.0000000000000000E+00));
#94800=VECTOR('',#94790,1.0000000000000000E+00);
#94810=LINE('',#94780,#94800);
#94820=EDGE_CURVE('',#94750,#77400,#94810,.T.);
#94830=ORIENTED_EDGE('',*,*,#94820,.F.);
#94840=EDGE_LOOP('',(#94830,#94770,#94730,#94720));
#94850=FACE_OUTER_BOUND('',#94840,.T.);
#94860=ADVANCED_FACE('',(#94850),#81130,.T.);
#94870=COLOUR_RGB('',9.4901967048645020E-01,9.4901967048645020E-01,
   1.0000000000000000E+00);
#94880=FILL_AREA_STYLE_COLOUR('',#94870);
#94890=FILL_AREA_STYLE('',(#94880));
#94900=SURFACE_STYLE_FILL_AREA(#94890);
#94910=SURFACE_SIDE_STYLE('',(#94900));
#94920=SURFACE_STYLE_USAGE(.BOTH.,#94910);
#94930=PRESENTATION_STYLE_ASSIGNMENT((#94920));
#94940=CARTESIAN_POINT('',(-3.4644041692111067E+01,
   2.5421376124790601E+01,1.6699999999999999E+01));
#94950=DIRECTION('',(-0.0000000000000000E+00,1.0000000000000000E+00,
   0.0000000000000000E+00));
#94960=DIRECTION('',(1.0000000000000000E+00,0.0000000000000000E+00,
   0.0000000000000000E+00));
#94970=AXIS2_PLACEMENT_3D('',#94940,#94950,#94960);
#94980=PLANE('',#94970);
#94990=ORIENTED_EDGE('',*,*,#63640,.F.);
#95000=ORIENTED_EDGE('',*,*,#28240,.T.);
#95010=CARTESIAN_POINT('',(-3.4955488301517804E+01,
   2.5421376124790601E+01,1.4000000000000000E+01));
#95020=DIRECTION('',(0.0000000000000000E+00,0.0000000000000000E+00,
   1.0000000000000000E+00));
#95030=VECTOR('',#95020,1.0000000000000000E+00);
#95040=LINE('',#95010,#95030);
#95050=CARTESIAN_POINT('',(-3.4955488301517804E+01,
   2.5421376124790601E+01,1.8998223864320160E+01));
#95060=VERTEX_POINT('',#95050);
#95070=EDGE_CURVE('',#28160,#95060,#95040,.T.);
#95080=ORIENTED_EDGE('',*,*,#95070,.F.);
#95090=CARTESIAN_POINT('',(-3.4997595082704343E+01,
   2.5421376124790601E+01,1.8500000000000000E+01));
#95100=DIRECTION('',(0.0000000000000000E+00,-1.0000000000000000E+00,
   0.0000000000000000E+00));
#95110=DIRECTION('',(1.0000000000000000E+00,0.0000000000000000E+00,
   0.0000000000000000E+00));
#95120=AXIS2_PLACEMENT_3D('',#95090,#95100,#95110);
#95130=CIRCLE('',#95120,5.0000000000000400E-01);
#95140=CARTESIAN_POINT('',(-3.4644041692111067E+01,
   2.5421376124790601E+01,1.8853553390593277E+01));
#95150=VERTEX_POINT('',#95140);
#95160=EDGE_CURVE('',#95150,#95060,#95130,.T.);
#95170=ORIENTED_EDGE('',*,*,#95160,.T.);
#95180=CARTESIAN_POINT('',(-3.3290488301517811E+01,
   2.5421376124790601E+01,1.7500000000000000E+01));
#95190=DIRECTION('',(7.0710678118654302E-01,0.0000000000000000E+00,
   -7.0710678118655212E-01));
#95200=VECTOR('',#95190,1.0000000000000000E+00);
#95210=LINE('',#95180,#95200);
#95220=EDGE_CURVE('',#95150,#83280,#95210,.T.);
#95230=ORIENTED_EDGE('',*,*,#95220,.F.);
#95240=ORIENTED_EDGE('',*,*,#83420,.T.);
#95250=EDGE_LOOP('',(#95240,#95230,#95170,#95080,#95000,#94990));
#95260=FACE_OUTER_BOUND('',#95250,.T.);
#95270=ADVANCED_FACE('',(#95260),#94980,.F.);
#95280=COLOUR_RGB('',5.0196081399917603E-01,1.0000000000000000E+00,
   5.0196081399917603E-01);
#95290=FILL_AREA_STYLE_COLOUR('',#95280);
#95300=FILL_AREA_STYLE('',(#95290));
#95310=SURFACE_STYLE_FILL_AREA(#95300);
#95320=SURFACE_SIDE_STYLE('',(#95310));
#95330=SURFACE_STYLE_USAGE(.BOTH.,#95320);
#95340=PRESENTATION_STYLE_ASSIGNMENT((#95330));
#95350=CARTESIAN_POINT('',(-3.2074229385564998E+01,
   2.8601376124790601E+01,2.1668741084047205E+01));
#95360=DIRECTION('',(0.0000000000000000E+00,1.0000000000000000E+00,
   0.0000000000000000E+00));
#95370=DIRECTION('',(7.0710678118654746E-01,0.0000000000000000E+00,
   -7.0710678118654757E-01));
#95380=AXIS2_PLACEMENT_3D('',#95350,#95360,#95370);
#95390=PLANE('',#95380);
#95400=CARTESIAN_POINT('',(-3.1355488301517802E+01,
   2.8601376124790601E+01,2.1000000000000000E+01));
#95410=DIRECTION('',(0.0000000000000000E+00,-1.0000000000000000E+00,
   0.0000000000000000E+00));
#95420=DIRECTION('',(1.0000000000000000E+00,0.0000000000000000E+00,
   0.0000000000000000E+00));
#95430=AXIS2_PLACEMENT_3D('',#95400,#95410,#95420);
#95440=CIRCLE('',#95430,5.5000000000000004E-01);
#95450=CARTESIAN_POINT('',(-3.0805488301517805E+01,
   2.8601376124790601E+01,2.1000000000000000E+01));
#95460=VERTEX_POINT('',#95450);
#95470=CARTESIAN_POINT('',(-3.0814019159547051E+01,
   2.8601376124790601E+01,2.1096494395140112E+01));
#95480=VERTEX_POINT('',#95470);
#95490=EDGE_CURVE('',#95460,#95480,#95440,.T.);
#95500=ORIENTED_EDGE('',*,*,#95490,.F.);
#95510=CARTESIAN_POINT('',(-8.4502159542249785E+01,
   2.8601376124790601E+01,-3.2591645987562615E+01));
#95520=DIRECTION('',(7.0710678118654757E-01,0.0000000000000000E+00,
   7.0710678118654746E-01));
#95530=VECTOR('',#95520,1.0000000000000000E+00);
#95540=LINE('',#95510,#95530);
#95550=EDGE_CURVE('',#94750,#95480,#95540,.T.);
#95560=ORIENTED_EDGE('',*,*,#95550,.T.);
#95570=CARTESIAN_POINT('',(-8.4502159542249785E+01,
   2.8601376124790601E+01,2.1000000000000000E+01));
#95580=DIRECTION('',(-1.0000000000000000E+00,0.0000000000000000E+00,
   0.0000000000000000E+00));
#95590=VECTOR('',#95580,1.0000000000000000E+00);
#95600=LINE('',#95570,#95590);
#95610=EDGE_CURVE('',#95460,#94750,#95600,.T.);
#95620=ORIENTED_EDGE('',*,*,#95610,.T.);
#95630=EDGE_LOOP('',(#95620,#95560,#95500));
#95640=FACE_OUTER_BOUND('',#95630,.T.);
#95650=ADVANCED_FACE('',(#95640),#95390,.T.);
#95660=COLOUR_RGB('',9.4901967048645020E-01,9.4901967048645020E-01,
   1.0000000000000000E+00);
#95670=FILL_AREA_STYLE_COLOUR('',#95660);
#95680=FILL_AREA_STYLE('',(#95670));
#95690=SURFACE_STYLE_FILL_AREA(#95680);
#95700=SURFACE_SIDE_STYLE('',(#95690));
#95710=SURFACE_STYLE_USAGE(.BOTH.,#95700);
#95720=PRESENTATION_STYLE_ASSIGNMENT((#95710));
#95730=CARTESIAN_POINT('',(-3.4644041692111067E+01,
   2.2071376124790600E+01,2.3146446609406730E+01));
#95740=DIRECTION('',(7.0710678118654302E-01,0.0000000000000000E+00,
   -7.0710678118655201E-01));
#95750=DIRECTION('',(-7.0710678118655201E-01,0.0000000000000000E+00,
   -7.0710678118654302E-01));
#95760=AXIS2_PLACEMENT_3D('',#95730,#95740,#95750);
#95770=PLANE('',#95760);
#95780=CARTESIAN_POINT('',(0.0000000000000000E+00,2.5421376124790594E+01
   ,5.7790488301517350E+01));
#95790=DIRECTION('',(-7.0710678118655201E-01,0.0000000000000000E+00,
   -7.0710678118654302E-01));
#95800=VECTOR('',#95790,1.0000000000000000E+00);
#95810=LINE('',#95780,#95800);
#95820=CARTESIAN_POINT('',(-3.4617870503397079E+01,
   2.5421376124790594E+01,2.3172617798120719E+01));
#95830=VERTEX_POINT('',#95820);
#95840=CARTESIAN_POINT('',(-3.4644041692111067E+01,
   2.5421376124790601E+01,2.3146446609406727E+01));
#95850=VERTEX_POINT('',#95840);
#95860=EDGE_CURVE('',#95830,#95850,#95810,.T.);
#95870=ORIENTED_EDGE('',*,*,#95860,.T.);
#95880=CARTESIAN_POINT('',(-3.4617870503397079E+01,
   2.4921376124790594E+01,2.3172617798120719E+01));
#95890=DIRECTION('',(7.0710678118654302E-01,0.0000000000000000E+00,
   -7.0710678118655201E-01));
#95900=DIRECTION('',(-7.0710678118655201E-01,0.0000000000000000E+00,
   -7.0710678118654302E-01));
#95910=AXIS2_PLACEMENT_3D('',#95880,#95890,#95900);
#95920=ELLIPSE('',#95910,7.0710678118652770E-01,4.9999999999998912E-01);
#95930=CARTESIAN_POINT('',(-3.4134907590252553E+01,
   2.5050785647341851E+01,2.3655580711265237E+01));
#95940=VERTEX_POINT('',#95930);
#95950=EDGE_CURVE('',#95830,#95940,#95920,.T.);
#95960=ORIENTED_EDGE('',*,*,#95950,.F.);
#95970=CARTESIAN_POINT('',(-2.7422569806281828E+01,
   0.0000000000000000E+00,3.0367918495235866E+01));
#95980=DIRECTION('',(-2.5056280708574180E-01,9.3511312653102474E-01,
   -2.5056280708573864E-01));
#95990=VECTOR('',#95980,1.0000000000000000E+00);
#96000=LINE('',#95970,#95990);
#96010=CARTESIAN_POINT('',(-3.4090488301517780E+01,
   2.4885010604947620E+01,2.3699999999999999E+01));
#96020=VERTEX_POINT('',#96010);
#96030=EDGE_CURVE('',#96020,#95940,#96000,.T.);
#96040=ORIENTED_EDGE('',*,*,#96030,.T.);
#96050=CARTESIAN_POINT('',(-3.4090488301517787E+01,
   0.0000000000000000E+00,2.3699999999999999E+01));
#96060=DIRECTION('',(0.0000000000000000E+00,1.0000000000000000E+00,
   0.0000000000000000E+00));
#96070=VECTOR('',#96060,1.0000000000000000E+00);
#96080=LINE('',#96050,#96070);
#96090=EDGE_CURVE('',#92010,#96020,#96080,.T.);
#96100=ORIENTED_EDGE('',*,*,#96090,.T.);
#96110=ORIENTED_EDGE('',*,*,#92600,.T.);
#96120=CARTESIAN_POINT('',(-3.4644041692111067E+01,
   2.2071376124790600E+01,2.3146446609406727E+01));
#96130=DIRECTION('',(0.0000000000000000E+00,-1.0000000000000000E+00,
   0.0000000000000000E+00));
#96140=VECTOR('',#96130,1.0000000000000000E+00);
#96150=LINE('',#96120,#96140);
#96160=EDGE_CURVE('',#95850,#92530,#96150,.T.);
#96170=ORIENTED_EDGE('',*,*,#96160,.T.);
#96180=EDGE_LOOP('',(#96170,#96110,#96100,#96040,#95960,#95870));
#96190=FACE_OUTER_BOUND('',#96180,.T.);
#96200=ADVANCED_FACE('',(#96190),#95770,.F.);
#96210=COLOUR_RGB('',5.0196081399917603E-01,1.0000000000000000E+00,
   5.0196081399917603E-01);
#96220=FILL_AREA_STYLE_COLOUR('',#96210);
#96230=FILL_AREA_STYLE('',(#96220));
#96240=SURFACE_STYLE_FILL_AREA(#96230);
#96250=SURFACE_SIDE_STYLE('',(#96240));
#96260=SURFACE_STYLE_USAGE(.BOTH.,#96250);
#96270=PRESENTATION_STYLE_ASSIGNMENT((#96260));
#96280=CARTESIAN_POINT('',(-3.2074229385564998E+01,
   2.8601376124790601E+01,2.5168741084047205E+01));
#96290=DIRECTION('',(0.0000000000000000E+00,1.0000000000000000E+00,
   0.0000000000000000E+00));
#96300=DIRECTION('',(7.0710678118654746E-01,0.0000000000000000E+00,
   -7.0710678118654757E-01));
#96310=AXIS2_PLACEMENT_3D('',#96280,#96290,#96300);
#96320=PLANE('',#96310);
#96330=CARTESIAN_POINT('',(-3.1355488301517802E+01,
   2.8601376124790601E+01,2.4500000000000000E+01));
#96340=DIRECTION('',(0.0000000000000000E+00,-1.0000000000000000E+00,
   0.0000000000000000E+00));
#96350=DIRECTION('',(1.0000000000000000E+00,0.0000000000000000E+00,
   0.0000000000000000E+00));
#96360=AXIS2_PLACEMENT_3D('',#96330,#96340,#96350);
#96370=CIRCLE('',#96360,5.5000000000000004E-01);
#96380=CARTESIAN_POINT('',(-3.1350485798850627E+01,
   2.8601376124790601E+01,2.5049977249499527E+01));
#96390=VERTEX_POINT('',#96380);
#96400=CARTESIAN_POINT('',(-3.1905488301517799E+01,
   2.8601376124790601E+01,2.4500000000000000E+01));
#96410=VERTEX_POINT('',#96400);
#96420=EDGE_CURVE('',#96390,#96410,#96370,.T.);
#96430=ORIENTED_EDGE('',*,*,#96420,.T.);
#96440=CARTESIAN_POINT('',(-8.4502159542249785E+01,
   2.8601376124790601E+01,-2.8101696493901422E+01));
#96450=DIRECTION('',(-7.0710678118654757E-01,0.0000000000000000E+00,
   -7.0710678118654746E-01));
#96460=VECTOR('',#96450,1.0000000000000000E+00);
#96470=LINE('',#96440,#96460);
#96480=CARTESIAN_POINT('',(-3.0694461199299035E+01,
   2.8601376124790601E+01,2.5706001849049326E+01));
#96490=VERTEX_POINT('',#96480);
#96500=EDGE_CURVE('',#96490,#96390,#96470,.T.);
#96510=ORIENTED_EDGE('',*,*,#96500,.T.);
#96520=CARTESIAN_POINT('',(-3.1405488301517792E+01,
   2.8601376124790601E+01,2.4500000000000000E+01));
#96530=DIRECTION('',(0.0000000000000000E+00,1.0000000000000000E+00,
   0.0000000000000000E+00));
#96540=DIRECTION('',(-1.0000000000000000E+00,0.0000000000000000E+00,
   0.0000000000000000E+00));
#96550=AXIS2_PLACEMENT_3D('',#96520,#96530,#96540);
#96560=CIRCLE('',#96550,1.3999999999999999E+00);
#96570=CARTESIAN_POINT('',(-3.2805488301517791E+01,
   2.8601376124790601E+01,2.4500000000000000E+01));
#96580=VERTEX_POINT('',#96570);
#96590=EDGE_CURVE('',#96580,#96490,#96560,.T.);
#96600=ORIENTED_EDGE('',*,*,#96590,.T.);
#96610=CARTESIAN_POINT('',(-3.2611490150567114E+01,
   2.8601376124790601E+01,2.3788972897781235E+01));
#96620=VERTEX_POINT('',#96610);
#96630=EDGE_CURVE('',#96620,#96580,#96560,.T.);
#96640=ORIENTED_EDGE('',*,*,#96630,.T.);
#96650=CARTESIAN_POINT('',(-8.4502159542249785E+01,
   2.8601376124790601E+01,-2.8101696493901422E+01));
#96660=DIRECTION('',(-7.0710678118654757E-01,0.0000000000000000E+00,
   -7.0710678118654746E-01));
#96670=VECTOR('',#96660,1.0000000000000000E+00);
#96680=LINE('',#96650,#96670);
#96690=CARTESIAN_POINT('',(-3.1905465551017315E+01,
   2.8601376124790601E+01,2.4494997497331045E+01));
#96700=VERTEX_POINT('',#96690);
#96710=EDGE_CURVE('',#96700,#96620,#96680,.T.);
#96720=ORIENTED_EDGE('',*,*,#96710,.T.);
#96730=CARTESIAN_POINT('',(-3.1355488301517802E+01,
   2.8601376124790601E+01,2.4500000000000000E+01));
#96740=DIRECTION('',(0.0000000000000000E+00,-1.0000000000000000E+00,
   0.0000000000000000E+00));
#96750=DIRECTION('',(1.0000000000000000E+00,0.0000000000000000E+00,
   0.0000000000000000E+00));
#96760=AXIS2_PLACEMENT_3D('',#96730,#96740,#96750);
#96770=CIRCLE('',#96760,5.5000000000000004E-01);
#96780=EDGE_CURVE('',#96410,#96700,#96770,.T.);
#96790=ORIENTED_EDGE('',*,*,#96780,.T.);
#96800=EDGE_LOOP('',(#96790,#96720,#96640,#96600,#96510,#96430));
#96810=FACE_OUTER_BOUND('',#96800,.T.);
#96820=ADVANCED_FACE('',(#96810),#96320,.T.);
#96830=COLOUR_RGB('',9.4901967048645020E-01,9.4901967048645020E-01,
   1.0000000000000000E+00);
#96840=FILL_AREA_STYLE_COLOUR('',#96830);
#96850=FILL_AREA_STYLE('',(#96840));
#96860=SURFACE_STYLE_FILL_AREA(#96850);
#96870=SURFACE_SIDE_STYLE('',(#96860));
#96880=SURFACE_STYLE_USAGE(.BOTH.,#96870);
#96890=PRESENTATION_STYLE_ASSIGNMENT((#96880));
#96900=CARTESIAN_POINT('',(-3.4177964823400686E+01,
   2.4029245874728044E+01,2.0199999999999999E+01));
#96910=DIRECTION('',(0.0000000000000000E+00,0.0000000000000000E+00,
   1.0000000000000000E+00));
#96920=DIRECTION('',(1.0000000000000000E+00,0.0000000000000000E+00,
   0.0000000000000000E+00));
#96930=AXIS2_PLACEMENT_3D('',#96900,#96910,#96920);
#96940=PLANE('',#96930);
#96950=CARTESIAN_POINT('',(-3.3805488301517798E+01,
   2.3821376124790600E+01,2.0199999999999999E+01));
#96960=DIRECTION('',(-2.5881904510253184E-01,9.6592582628906531E-01,
   0.0000000000000000E+00));
#96970=VECTOR('',#96960,1.0000000000000000E+00);
#96980=LINE('',#96950,#96970);
#96990=CARTESIAN_POINT('',(-3.3805488301517798E+01,
   2.3821376124790600E+01,2.0199999999999999E+01));
#97000=VERTEX_POINT('',#96990);
#97010=CARTESIAN_POINT('',(-3.4090488301517780E+01,
   2.4885010604947620E+01,2.0199999999999999E+01));
#97020=VERTEX_POINT('',#97010);
#97030=EDGE_CURVE('',#97000,#97020,#96980,.T.);
#97040=ORIENTED_EDGE('',*,*,#97030,.T.);
#97050=CARTESIAN_POINT('',(-3.3805488301517798E+01,
   2.3821376124790600E+01,2.0199999999999999E+01));
#97060=DIRECTION('',(1.0000000000000000E+00,0.0000000000000000E+00,
   0.0000000000000000E+00));
#97070=VECTOR('',#97060,1.0000000000000000E+00);
#97080=LINE('',#97050,#97070);
#97090=CARTESIAN_POINT('',(-3.3520488301517801E+01,
   2.3821376124790600E+01,2.0199999999999999E+01));
#97100=VERTEX_POINT('',#97090);
#97110=EDGE_CURVE('',#97000,#97100,#97080,.T.);
#97120=ORIENTED_EDGE('',*,*,#97110,.F.);
#97130=CARTESIAN_POINT('',(-3.3520488301517801E+01,
   2.3821376124790600E+01,2.0199999999999999E+01));
#97140=DIRECTION('',(0.0000000000000000E+00,-1.0000000000000000E+00,
   0.0000000000000000E+00));
#97150=VECTOR('',#97140,1.0000000000000000E+00);
#97160=LINE('',#97130,#97150);
#97170=CARTESIAN_POINT('',(-3.3520488301517801E+01,
   2.2071376124790600E+01,2.0199999999999999E+01));
#97180=VERTEX_POINT('',#97170);
#97190=EDGE_CURVE('',#97100,#97180,#97160,.T.);
#97200=ORIENTED_EDGE('',*,*,#97190,.F.);
#97210=CARTESIAN_POINT('',(-3.3805488301517798E+01,
   2.2071376124790600E+01,2.0199999999999999E+01));
#97220=DIRECTION('',(1.0000000000000000E+00,0.0000000000000000E+00,
   0.0000000000000000E+00));
#97230=VECTOR('',#97220,1.0000000000000000E+00);
#97240=LINE('',#97210,#97230);
#97250=CARTESIAN_POINT('',(-3.3805488301517798E+01,
   2.2071376124790600E+01,2.0199999999999999E+01));
#97260=VERTEX_POINT('',#97250);
#97270=EDGE_CURVE('',#97260,#97180,#97240,.T.);
#97280=ORIENTED_EDGE('',*,*,#97270,.T.);
#97290=CARTESIAN_POINT('',(0.0000000000000000E+00,5.5876864426308202E+01
   ,2.0199999999999999E+01));
#97300=DIRECTION('',(7.0710678118654968E-01,7.0710678118654535E-01,
   0.0000000000000000E+00));
#97310=VECTOR('',#97300,1.0000000000000000E+00);
#97320=LINE('',#97290,#97310);
#97330=CARTESIAN_POINT('',(-3.4090488301517780E+01,
   2.1786376124790618E+01,2.0199999999999999E+01));
#97340=VERTEX_POINT('',#97330);
#97350=EDGE_CURVE('',#97340,#97260,#97320,.T.);
#97360=ORIENTED_EDGE('',*,*,#97350,.T.);
#97370=CARTESIAN_POINT('',(-3.4090488301517787E+01,
   0.0000000000000000E+00,2.0199999999999999E+01));
#97380=DIRECTION('',(0.0000000000000000E+00,1.0000000000000000E+00,
   0.0000000000000000E+00));
#97390=VECTOR('',#97380,1.0000000000000000E+00);
#97400=LINE('',#97370,#97390);
#97410=EDGE_CURVE('',#97340,#97020,#97400,.T.);
#97420=ORIENTED_EDGE('',*,*,#97410,.F.);
#97430=EDGE_LOOP('',(#97420,#97360,#97280,#97200,#97120,#97040));
#97440=FACE_OUTER_BOUND('',#97430,.T.);
#97450=ADVANCED_FACE('',(#97440),#96940,.T.);
#97460=COLOUR_RGB('',5.0196081399917603E-01,1.0000000000000000E+00,
   5.0196081399917603E-01);
#97470=FILL_AREA_STYLE_COLOUR('',#97460);
#97480=FILL_AREA_STYLE('',(#97470));
#97490=SURFACE_STYLE_FILL_AREA(#97480);
#97500=SURFACE_SIDE_STYLE('',(#97490));
#97510=SURFACE_STYLE_USAGE(.BOTH.,#97500);
#97520=PRESENTATION_STYLE_ASSIGNMENT((#97510));
#97530=CARTESIAN_POINT('',(-3.1158000928102481E+01,
   2.8001376124790593E+01,2.0752512626584682E+01));
#97540=DIRECTION('',(0.0000000000000000E+00,1.0000000000000000E+00,
   0.0000000000000000E+00));
#97550=DIRECTION('',(7.0710678118654746E-01,0.0000000000000000E+00,
   -7.0710678118654757E-01));
#97560=AXIS2_PLACEMENT_3D('',#97530,#97540,#97550);
#97570=PLANE('',#97560);
#97580=CARTESIAN_POINT('',(-8.4502159542249785E+01,
   2.8001376124790593E+01,-3.2591645987562615E+01));
#97590=DIRECTION('',(-7.0710678118654757E-01,0.0000000000000000E+00,
   -7.0710678118654746E-01));
#97600=VECTOR('',#97590,1.0000000000000000E+00);
#97610=LINE('',#97580,#97600);
#97620=CARTESIAN_POINT('',(-3.0199486452468442E+01,
   2.8001376124790593E+01,2.1711027102218718E+01));
#97630=VERTEX_POINT('',#97620);
#97640=CARTESIAN_POINT('',(-3.0814019159546973E+01,
   2.8001376124790593E+01,2.1096494395139700E+01));
#97650=VERTEX_POINT('',#97640);
#97660=EDGE_CURVE('',#97630,#97650,#97610,.T.);
#97670=ORIENTED_EDGE('',*,*,#97660,.T.);
#97680=CARTESIAN_POINT('',(-3.1405488301517792E+01,
   2.8001376124790593E+01,2.1000000000000000E+01));
#97690=DIRECTION('',(0.0000000000000000E+00,1.0000000000000000E+00,
   0.0000000000000000E+00));
#97700=DIRECTION('',(-1.0000000000000000E+00,0.0000000000000000E+00,
   0.0000000000000000E+00));
#97710=AXIS2_PLACEMENT_3D('',#97680,#97690,#97700);
#97720=CIRCLE('',#97710,1.3999999999999999E+00);
#97730=CARTESIAN_POINT('',(-3.0694461199299042E+01,
   2.8001376124790593E+01,2.2206001849049315E+01));
#97740=VERTEX_POINT('',#97730);
#97750=EDGE_CURVE('',#97740,#97630,#97720,.T.);
#97760=ORIENTED_EDGE('',*,*,#97750,.T.);
#97770=CARTESIAN_POINT('',(-8.4502159542249785E+01,
   2.8001376124790593E+01,-3.1601696493901422E+01));
#97780=DIRECTION('',(7.0710678118654757E-01,0.0000000000000000E+00,
   7.0710678118654746E-01));
#97790=VECTOR('',#97780,1.0000000000000000E+00);
#97800=LINE('',#97770,#97790);
#97810=CARTESIAN_POINT('',(-3.1350485798849824E+01,
   2.8001376124790593E+01,2.1549977249499520E+01));
#97820=VERTEX_POINT('',#97810);
#97830=EDGE_CURVE('',#97820,#97740,#97800,.T.);
#97840=ORIENTED_EDGE('',*,*,#97830,.T.);
#97850=CARTESIAN_POINT('',(-3.1355488301517802E+01,
   2.8001376124790593E+01,2.1000000000000000E+01));
#97860=DIRECTION('',(0.0000000000000000E+00,-1.0000000000000000E+00,
   0.0000000000000000E+00));
#97870=DIRECTION('',(1.0000000000000000E+00,0.0000000000000000E+00,
   0.0000000000000000E+00));
#97880=AXIS2_PLACEMENT_3D('',#97850,#97860,#97870);
#97890=CIRCLE('',#97880,5.5000000000000004E-01);
#97900=EDGE_CURVE('',#97650,#97820,#97890,.T.);
#97910=ORIENTED_EDGE('',*,*,#97900,.T.);
#97920=EDGE_LOOP('',(#97910,#97840,#97760,#97670));
#97930=FACE_OUTER_BOUND('',#97920,.T.);
#97940=ADVANCED_FACE('',(#97930),#97570,.T.);
#97950=COLOUR_RGB('',9.4901967048645020E-01,9.4901967048645020E-01,
   1.0000000000000000E+00);
#97960=FILL_AREA_STYLE_COLOUR('',#97950);
#97970=FILL_AREA_STYLE('',(#97960));
#97980=SURFACE_STYLE_FILL_AREA(#97970);
#97990=SURFACE_SIDE_STYLE('',(#97980));
#98000=SURFACE_STYLE_USAGE(.BOTH.,#97990);
#98010=PRESENTATION_STYLE_ASSIGNMENT((#98000));
#98020=ORIENTED_EDGE('',*,*,#97900,.F.);
#98030=EDGE_CURVE('',#77230,#97820,#97800,.T.);
#98040=ORIENTED_EDGE('',*,*,#98030,.T.);
#98050=ORIENTED_EDGE('',*,*,#77470,.T.);
#98060=EDGE_CURVE('',#97650,#77400,#97610,.T.);
#98070=ORIENTED_EDGE('',*,*,#98060,.T.);
#98080=EDGE_LOOP('',(#98070,#98050,#98040,#98020));
#98090=FACE_OUTER_BOUND('',#98080,.T.);
#98100=ADVANCED_FACE('',(#98090),#97570,.T.);
#98110=COLOUR_RGB('',9.4901967048645020E-01,9.4901967048645020E-01,
   1.0000000000000000E+00);
#98120=FILL_AREA_STYLE_COLOUR('',#98110);
#98130=FILL_AREA_STYLE('',(#98120));
#98140=SURFACE_STYLE_FILL_AREA(#98130);
#98150=SURFACE_SIDE_STYLE('',(#98140));
#98160=SURFACE_STYLE_USAGE(.BOTH.,#98150);
#98170=PRESENTATION_STYLE_ASSIGNMENT((#98160));
#98180=CARTESIAN_POINT('',(-3.3520488301517801E+01,
   2.3821376124790600E+01,2.1000000000000000E+01));
#98190=DIRECTION('',(-0.0000000000000000E+00,1.0000000000000000E+00,
   0.0000000000000000E+00));
#98200=DIRECTION('',(1.0000000000000000E+00,0.0000000000000000E+00,
   0.0000000000000000E+00));
#98210=AXIS2_PLACEMENT_3D('',#98180,#98190,#98200);
#98220=PLANE('',#98210);
#98230=CARTESIAN_POINT('',(-3.3805488301517798E+01,
   2.3821376124790600E+01,2.1800000000000001E+01));
#98240=DIRECTION('',(1.0000000000000000E+00,0.0000000000000000E+00,
   0.0000000000000000E+00));
#98250=VECTOR('',#98240,1.0000000000000000E+00);
#98260=LINE('',#98230,#98250);
#98270=CARTESIAN_POINT('',(-3.3805488301517791E+01,
   2.3821376124790600E+01,2.1799999999999997E+01));
#98280=VERTEX_POINT('',#98270);
#98290=CARTESIAN_POINT('',(-3.3520488301517801E+01,
   2.3821376124790600E+01,2.1800000000000001E+01));
#98300=VERTEX_POINT('',#98290);
#98310=EDGE_CURVE('',#98280,#98300,#98260,.T.);
#98320=ORIENTED_EDGE('',*,*,#98310,.F.);
#98330=CARTESIAN_POINT('',(-3.3520488301517801E+01,
   2.3821376124790600E+01,2.1000000000000000E+01));
#98340=DIRECTION('',(0.0000000000000000E+00,0.0000000000000000E+00,
   -1.0000000000000000E+00));
#98350=VECTOR('',#98340,1.0000000000000000E+00);
#98360=LINE('',#98330,#98350);
#98370=EDGE_CURVE('',#98300,#97100,#98360,.T.);
#98380=ORIENTED_EDGE('',*,*,#98370,.F.);
#98390=ORIENTED_EDGE('',*,*,#97110,.T.);
#98400=CARTESIAN_POINT('',(-3.3805488301517798E+01,
   2.3821376124790600E+01,1.7500000000000000E+01));
#98410=DIRECTION('',(0.0000000000000000E+00,0.0000000000000000E+00,
   -1.0000000000000000E+00));
#98420=VECTOR('',#98410,1.0000000000000000E+00);
#98430=LINE('',#98400,#98420);
#98440=EDGE_CURVE('',#98280,#97000,#98430,.T.);
#98450=ORIENTED_EDGE('',*,*,#98440,.T.);
#98460=EDGE_LOOP('',(#98450,#98390,#98380,#98320));
#98470=FACE_OUTER_BOUND('',#98460,.T.);
#98480=ADVANCED_FACE('',(#98470),#98220,.F.);
#98490=COLOUR_RGB('',5.0196081399917603E-01,1.0000000000000000E+00,
   5.0196081399917603E-01);
#98500=FILL_AREA_STYLE_COLOUR('',#98490);
#98510=FILL_AREA_STYLE('',(#98500));
#98520=SURFACE_STYLE_FILL_AREA(#98510);
#98530=SURFACE_SIDE_STYLE('',(#98520));
#98540=SURFACE_STYLE_USAGE(.BOTH.,#98530);
#98550=PRESENTATION_STYLE_ASSIGNMENT((#98540));
#98560=CARTESIAN_POINT('',(-3.4617870503397079E+01,
   2.4921376124790601E+01,2.0199999999999999E+01));
#98570=DIRECTION('',(0.0000000000000000E+00,0.0000000000000000E+00,
   1.0000000000000000E+00));
#98580=DIRECTION('',(1.0000000000000000E+00,0.0000000000000000E+00,
   0.0000000000000000E+00));
#98590=AXIS2_PLACEMENT_3D('',#98560,#98570,#98580);
#98600=CYLINDRICAL_SURFACE('',#98590,4.9999999999998912E-01);
#98610=CARTESIAN_POINT('',(-3.4617870503397079E+01,
   2.4921376124790601E+01,2.2327382201879288E+01));
#98620=DIRECTION('',(7.0710678118655212E-01,0.0000000000000000E+00,
   7.0710678118654302E-01));
#98630=DIRECTION('',(7.0710678118654302E-01,0.0000000000000000E+00,
   -7.0710678118655212E-01));
#98640=AXIS2_PLACEMENT_3D('',#98610,#98620,#98630);
#98650=ELLIPSE('',#98640,7.0710678118653658E-01,4.9999999999998901E-01);
#98660=CARTESIAN_POINT('',(-3.4134907590252553E+01,
   2.5050785647341851E+01,2.1844419288734755E+01));
#98670=VERTEX_POINT('',#98660);
#98680=CARTESIAN_POINT('',(-3.4617870503397079E+01,
   2.5421376124790594E+01,2.2327382201879288E+01));
#98690=VERTEX_POINT('',#98680);
#98700=EDGE_CURVE('',#98670,#98690,#98650,.T.);
#98710=ORIENTED_EDGE('',*,*,#98700,.T.);
#98720=CARTESIAN_POINT('',(-3.4134907590252553E+01,
   2.5050785647341851E+01,2.0199999999999999E+01));
#98730=DIRECTION('',(0.0000000000000000E+00,0.0000000000000000E+00,
   -1.0000000000000000E+00));
#98740=VECTOR('',#98730,1.0000000000000000E+00);
#98750=LINE('',#98720,#98740);
#98760=CARTESIAN_POINT('',(-3.4134907590252553E+01,
   2.5050785647341851E+01,2.0155580711265237E+01));
#98770=VERTEX_POINT('',#98760);
#98780=EDGE_CURVE('',#98670,#98770,#98750,.T.);
#98790=ORIENTED_EDGE('',*,*,#98780,.F.);
#98800=CARTESIAN_POINT('',(-3.4617870503397079E+01,
   2.4921376124790594E+01,1.9672617798120719E+01));
#98810=DIRECTION('',(7.0710678118654302E-01,0.0000000000000000E+00,
   -7.0710678118655201E-01));
#98820=DIRECTION('',(-7.0710678118655201E-01,0.0000000000000000E+00,
   -7.0710678118654302E-01));
#98830=AXIS2_PLACEMENT_3D('',#98800,#98810,#98820);
#98840=ELLIPSE('',#98830,7.0710678118652770E-01,4.9999999999998912E-01);
#98850=CARTESIAN_POINT('',(-3.4617870503397079E+01,
   2.5421376124790594E+01,1.9672617798120719E+01));
#98860=VERTEX_POINT('',#98850);
#98870=EDGE_CURVE('',#98860,#98770,#98840,.T.);
#98880=ORIENTED_EDGE('',*,*,#98870,.T.);
#98890=CARTESIAN_POINT('',(-3.4617870503397079E+01,
   2.5421376124790601E+01,2.1000000000000000E+01));
#98900=DIRECTION('',(0.0000000000000000E+00,0.0000000000000000E+00,
   1.0000000000000000E+00));
#98910=VECTOR('',#98900,1.0000000000000000E+00);
#98920=LINE('',#98890,#98910);
#98930=EDGE_CURVE('',#98860,#98690,#98920,.T.);
#98940=ORIENTED_EDGE('',*,*,#98930,.F.);
#98950=EDGE_LOOP('',(#98940,#98880,#98790,#98710));
#98960=FACE_OUTER_BOUND('',#98950,.T.);
#98970=ADVANCED_FACE('',(#98960),#98600,.F.);
#98980=COLOUR_RGB('',5.0196081399917603E-01,1.0000000000000000E+00,
   5.0196081399917603E-01);
#98990=FILL_AREA_STYLE_COLOUR('',#98980);
#99000=FILL_AREA_STYLE('',(#98990));
#99010=SURFACE_STYLE_FILL_AREA(#99000);
#99020=SURFACE_SIDE_STYLE('',(#99010));
#99030=SURFACE_STYLE_USAGE(.BOTH.,#99020);
#99040=PRESENTATION_STYLE_ASSIGNMENT((#99030));
#99050=CARTESIAN_POINT('',(-3.4644041692111067E+01,
   2.5421376124790601E+01,2.0199999999999999E+01));
#99060=DIRECTION('',(-0.0000000000000000E+00,1.0000000000000000E+00,
   0.0000000000000000E+00));
#99070=DIRECTION('',(1.0000000000000000E+00,0.0000000000000000E+00,
   0.0000000000000000E+00));
#99080=AXIS2_PLACEMENT_3D('',#99050,#99060,#99070);
#99090=PLANE('',#99080);
#99100=CARTESIAN_POINT('',(-3.4997595082704343E+01,
   2.5421376124790601E+01,2.2000000000000000E+01));
#99110=DIRECTION('',(0.0000000000000000E+00,-1.0000000000000000E+00,
   0.0000000000000000E+00));
#99120=DIRECTION('',(1.0000000000000000E+00,0.0000000000000000E+00,
   0.0000000000000000E+00));
#99130=AXIS2_PLACEMENT_3D('',#99100,#99110,#99120);
#99140=CIRCLE('',#99130,5.0000000000000400E-01);
#99150=CARTESIAN_POINT('',(-3.4644041692111067E+01,
   2.5421376124790601E+01,2.2353553390593277E+01));
#99160=VERTEX_POINT('',#99150);
#99170=CARTESIAN_POINT('',(-3.4955488301517804E+01,
   2.5421376124790601E+01,2.2498223864320160E+01));
#99180=VERTEX_POINT('',#99170);
#99190=EDGE_CURVE('',#99160,#99180,#99140,.T.);
#99200=ORIENTED_EDGE('',*,*,#99190,.T.);
#99210=CARTESIAN_POINT('',(-3.3290488301517811E+01,
   2.5421376124790601E+01,2.1000000000000000E+01));
#99220=DIRECTION('',(7.0710678118654302E-01,0.0000000000000000E+00,
   -7.0710678118655212E-01));
#99230=VECTOR('',#99220,1.0000000000000000E+00);
#99240=LINE('',#99210,#99230);
#99250=EDGE_CURVE('',#99160,#98690,#99240,.T.);
#99260=ORIENTED_EDGE('',*,*,#99250,.F.);
#99270=ORIENTED_EDGE('',*,*,#98930,.T.);
#99280=CARTESIAN_POINT('',(0.0000000000000000E+00,2.5421376124790594E+01
   ,5.4290488301517350E+01));
#99290=DIRECTION('',(-7.0710678118655201E-01,0.0000000000000000E+00,
   -7.0710678118654302E-01));
#99300=VECTOR('',#99290,1.0000000000000000E+00);
#99310=LINE('',#99280,#99300);
#99320=CARTESIAN_POINT('',(-3.4644041692111067E+01,
   2.5421376124790601E+01,1.9646446609406727E+01));
#99330=VERTEX_POINT('',#99320);
#99340=EDGE_CURVE('',#98860,#99330,#99310,.T.);
#99350=ORIENTED_EDGE('',*,*,#99340,.F.);
#99360=CARTESIAN_POINT('',(-3.4997595082704343E+01,
   2.5421376124790601E+01,2.0000000000000000E+01));
#99370=DIRECTION('',(0.0000000000000000E+00,-1.0000000000000000E+00,
   0.0000000000000000E+00));
#99380=DIRECTION('',(1.0000000000000000E+00,0.0000000000000000E+00,
   0.0000000000000000E+00));
#99390=AXIS2_PLACEMENT_3D('',#99360,#99370,#99380);
#99400=CIRCLE('',#99390,5.0000000000000000E-01);
#99410=CARTESIAN_POINT('',(-3.4955488301517804E+01,
   2.5421376124790601E+01,1.9501776135679844E+01));
#99420=VERTEX_POINT('',#99410);
#99430=EDGE_CURVE('',#99420,#99330,#99400,.T.);
#99440=ORIENTED_EDGE('',*,*,#99430,.T.);
#99450=CARTESIAN_POINT('',(-3.4955488301517804E+01,
   2.5421376124790601E+01,1.7500000000000000E+01));
#99460=DIRECTION('',(0.0000000000000000E+00,0.0000000000000000E+00,
   1.0000000000000000E+00));
#99470=VECTOR('',#99460,1.0000000000000000E+00);
#99480=LINE('',#99450,#99470);
#99490=EDGE_CURVE('',#99420,#99180,#99480,.T.);
#99500=ORIENTED_EDGE('',*,*,#99490,.F.);
#99510=EDGE_LOOP('',(#99500,#99440,#99350,#99270,#99260,#99200));
#99520=FACE_OUTER_BOUND('',#99510,.T.);
#99530=ADVANCED_FACE('',(#99520),#99090,.F.);
#99540=COLOUR_RGB('',5.0196081399917603E-01,1.0000000000000000E+00,
   5.0196081399917603E-01);
#99550=FILL_AREA_STYLE_COLOUR('',#99540);
#99560=FILL_AREA_STYLE('',(#99550));
#99570=SURFACE_STYLE_FILL_AREA(#99560);
#99580=SURFACE_SIDE_STYLE('',(#99570));
#99590=SURFACE_STYLE_USAGE(.BOTH.,#99580);
#99600=PRESENTATION_STYLE_ASSIGNMENT((#99590));
#99610=CARTESIAN_POINT('',(-3.1158000928102481E+01,
   2.7601376124790594E+01,2.0752512626584682E+01));
#99620=DIRECTION('',(-7.0710678118654746E-01,0.0000000000000000E+00,
   7.0710678118654757E-01));
#99630=DIRECTION('',(0.0000000000000000E+00,1.0000000000000000E+00,
   0.0000000000000000E+00));
#99640=AXIS2_PLACEMENT_3D('',#99610,#99620,#99630);
#99650=PLANE('',#99640);
#99660=ORIENTED_EDGE('',*,*,#97660,.F.);
#99670=CARTESIAN_POINT('',(-3.0814019159547051E+01,
   3.9321376124790604E+01,2.1096494395140112E+01));
#99680=DIRECTION('',(0.0000000000000000E+00,-1.0000000000000000E+00,
   0.0000000000000000E+00));
#99690=VECTOR('',#99680,1.0000000000000000E+00);
#99700=LINE('',#99670,#99690);
#99710=EDGE_CURVE('',#95480,#97650,#99700,.T.);
#99720=ORIENTED_EDGE('',*,*,#99710,.T.);
#99730=CARTESIAN_POINT('',(-3.0199486452468442E+01,
   2.8601376124790601E+01,2.1711027102218718E+01));
#99740=VERTEX_POINT('',#99730);
#99750=EDGE_CURVE('',#95480,#99740,#95540,.T.);
#99760=ORIENTED_EDGE('',*,*,#99750,.F.);
#99770=CARTESIAN_POINT('',(-3.0199486452468442E+01,
   2.7145319094080318E+01,2.1711027102218718E+01));
#99780=DIRECTION('',(0.0000000000000000E+00,1.0000000000000000E+00,
   0.0000000000000000E+00));
#99790=VECTOR('',#99780,1.0000000000000000E+00);
#99800=LINE('',#99770,#99790);
#99810=EDGE_CURVE('',#97630,#99740,#99800,.T.);
#99820=ORIENTED_EDGE('',*,*,#99810,.T.);
#99830=EDGE_LOOP('',(#99820,#99760,#99720,#99660));
#99840=FACE_OUTER_BOUND('',#99830,.T.);
#99850=ADVANCED_FACE('',(#99840),#99650,.T.);
#99860=COLOUR_RGB('',9.4901967048645020E-01,9.4901967048645020E-01,
   1.0000000000000000E+00);
#99870=FILL_AREA_STYLE_COLOUR('',#99860);
#99880=FILL_AREA_STYLE('',(#99870));
#99890=SURFACE_STYLE_FILL_AREA(#99880);
#99900=SURFACE_SIDE_STYLE('',(#99890));
#99910=SURFACE_STYLE_USAGE(.BOTH.,#99900);
#99920=PRESENTATION_STYLE_ASSIGNMENT((#99910));
#99930=CARTESIAN_POINT('',(-3.4644041692111067E+01,
   2.1232822734197338E+01,2.0199999999999999E+01));
#99940=DIRECTION('',(7.0710678118654535E-01,-7.0710678118654968E-01,
   0.0000000000000000E+00));
#99950=DIRECTION('',(-7.0710678118654968E-01,-7.0710678118654535E-01,
   0.0000000000000000E+00));
#99960=AXIS2_PLACEMENT_3D('',#99930,#99940,#99950);
#99970=PLANE('',#99960);
#99980=ORIENTED_EDGE('',*,*,#97350,.F.);
#99990=CARTESIAN_POINT('',(-3.3805488301517805E+01,
   2.2071376124790600E+01,2.1000000000000000E+01));
#100000=DIRECTION('',(0.0000000000000000E+00,0.0000000000000000E+00,
   1.0000000000000000E+00));
#100010=VECTOR('',#100000,1.0000000000000000E+00);
#100020=LINE('',#99990,#100010);
#100030=CARTESIAN_POINT('',(-3.3805488301517805E+01,
   2.2071376124790600E+01,2.1799999999999997E+01));
#100040=VERTEX_POINT('',#100030);
#100050=EDGE_CURVE('',#97260,#100040,#100020,.T.);
#100060=ORIENTED_EDGE('',*,*,#100050,.F.);
#100070=CARTESIAN_POINT('',(0.0000000000000000E+00,
   5.5876864426308202E+01,2.1800000000000001E+01));
#100080=DIRECTION('',(7.0710678118654968E-01,7.0710678118654535E-01,
   0.0000000000000000E+00));
#100090=VECTOR('',#100080,1.0000000000000000E+00);
#100100=LINE('',#100070,#100090);
#100110=CARTESIAN_POINT('',(-3.4090488301517780E+01,
   2.1786376124790618E+01,2.1800000000000001E+01));
#100120=VERTEX_POINT('',#100110);
#100130=EDGE_CURVE('',#100120,#100040,#100100,.T.);
#100140=ORIENTED_EDGE('',*,*,#100130,.T.);
#100150=CARTESIAN_POINT('',(-3.3290488301517804E+01,
   2.2586376124790586E+01,2.1000000000000000E+01));
#100160=DIRECTION('',(-5.7735026918962440E-01,-5.7735026918962096E-01,
   5.7735026918963195E-01));
#100170=VECTOR('',#100160,1.0000000000000000E+00);
#100180=LINE('',#100150,#100170);
#100190=CARTESIAN_POINT('',(-3.4644041692111067E+01,
   2.1232822734197338E+01,2.2353553390593277E+01));
#100200=VERTEX_POINT('',#100190);
#100210=EDGE_CURVE('',#100120,#100200,#100180,.T.);
#100220=ORIENTED_EDGE('',*,*,#100210,.F.);
#100230=CARTESIAN_POINT('',(-3.4997595082704343E+01,
   2.0879269343604062E+01,2.2000000000000000E+01));
#100240=DIRECTION('',(7.0710678118654535E-01,-7.0710678118654968E-01,
   0.0000000000000000E+00));
#100250=DIRECTION('',(-7.0710678118654968E-01,-7.0710678118654535E-01,
   0.0000000000000000E+00));
#100260=AXIS2_PLACEMENT_3D('',#100230,#100240,#100250);
#100270=ELLIPSE('',#100260,7.0710678118655101E-01,5.0000000000000400E-01
   );
#100280=CARTESIAN_POINT('',(-3.4955488301517804E+01,
   2.0921376124790594E+01,2.2498223864320160E+01));
#100290=VERTEX_POINT('',#100280);
#100300=EDGE_CURVE('',#100200,#100290,#100270,.T.);
#100310=ORIENTED_EDGE('',*,*,#100300,.F.);
#100320=CARTESIAN_POINT('',(-3.4955488301517804E+01,
   2.0921376124790608E+01,2.1000000000000000E+01));
#100330=DIRECTION('',(0.0000000000000000E+00,0.0000000000000000E+00,
   -1.0000000000000000E+00));
#100340=VECTOR('',#100330,1.0000000000000000E+00);
#100350=LINE('',#100320,#100340);
#100360=CARTESIAN_POINT('',(-3.4955488301517804E+01,
   2.0921376124790608E+01,1.9501776135679844E+01));
#100370=VERTEX_POINT('',#100360);
#100380=EDGE_CURVE('',#100290,#100370,#100350,.T.);
#100390=ORIENTED_EDGE('',*,*,#100380,.F.);
#100400=CARTESIAN_POINT('',(-3.4997595082704343E+01,
   2.0879269343604062E+01,2.0000000000000000E+01));
#100410=DIRECTION('',(7.0710678118654535E-01,-7.0710678118654968E-01,
   0.0000000000000000E+00));
#100420=DIRECTION('',(-7.0710678118654968E-01,-7.0710678118654535E-01,
   0.0000000000000000E+00));
#100430=AXIS2_PLACEMENT_3D('',#100400,#100410,#100420);
#100440=ELLIPSE('',#100430,7.0710678118654535E-01,5.0000000000000000E-01
   );
#100450=CARTESIAN_POINT('',(-3.4644041692111067E+01,
   2.1232822734197338E+01,1.9646446609406727E+01));
#100460=VERTEX_POINT('',#100450);
#100470=EDGE_CURVE('',#100370,#100460,#100440,.T.);
#100480=ORIENTED_EDGE('',*,*,#100470,.F.);
#100490=CARTESIAN_POINT('',(0.0000000000000000E+00,
   5.5876864426308202E+01,5.4290488301517357E+01));
#100500=DIRECTION('',(5.7735026918962939E-01,5.7735026918962584E-01,
   5.7735026918962207E-01));
#100510=VECTOR('',#100500,1.0000000000000000E+00);
#100520=LINE('',#100490,#100510);
#100530=EDGE_CURVE('',#100460,#97340,#100520,.T.);
#100540=ORIENTED_EDGE('',*,*,#100530,.F.);
#100550=EDGE_LOOP('',(#100540,#100480,#100390,#100310,#100220,#100140,
   #100060,#99980));
#100560=FACE_OUTER_BOUND('',#100550,.T.);
#100570=ADVANCED_FACE('',(#100560),#99970,.F.);
#100580=COLOUR_RGB('',5.0196081399917603E-01,1.0000000000000000E+00,
   5.0196081399917603E-01);
#100590=FILL_AREA_STYLE_COLOUR('',#100580);
#100600=FILL_AREA_STYLE('',(#100590));
#100610=SURFACE_STYLE_FILL_AREA(#100600);
#100620=SURFACE_SIDE_STYLE('',(#100610));
#100630=SURFACE_STYLE_USAGE(.BOTH.,#100620);
#100640=PRESENTATION_STYLE_ASSIGNMENT((#100630));
#100650=CARTESIAN_POINT('',(-3.1355488301517802E+01,
   1.7821376124790600E+01,1.7816025403784437E+01));
#100660=DIRECTION('',(0.0000000000000000E+00,-2.5881904510252085E-01,
   9.6592582628906820E-01));
#100670=DIRECTION('',(0.0000000000000000E+00,9.6592582628906842E-01,
   2.5881904510252091E-01));
#100680=AXIS2_PLACEMENT_3D('',#100650,#100660,#100670);
#100690=PLANE('',#100680);
#100700=ORIENTED_EDGE('',*,*,#80880,.T.);
#100710=ORIENTED_EDGE('',*,*,#76220,.T.);
#100720=ORIENTED_EDGE('',*,*,#92850,.T.);
#100730=ORIENTED_EDGE('',*,*,#83730,.T.);
#100740=EDGE_LOOP('',(#100730,#100720,#100710,#100700));
#100750=FACE_OUTER_BOUND('',#100740,.T.);
#100760=ADVANCED_FACE('',(#100750),#100690,.T.);
#100770=COLOUR_RGB('',9.4901961088180542E-01,9.4901961088180542E-01,
   1.0000000000000000E+00);
#100780=FILL_AREA_STYLE_COLOUR('',#100770);
#100790=FILL_AREA_STYLE('',(#100780));
#100800=SURFACE_STYLE_FILL_AREA(#100790);
#100810=SURFACE_SIDE_STYLE('',(#100800));
#100820=SURFACE_STYLE_USAGE(.BOTH.,#100810);
#100830=PRESENTATION_STYLE_ASSIGNMENT((#100820));
#100840=CARTESIAN_POINT('',(-3.4997595082704343E+01,
   2.2071376124790600E+01,1.8500000000000000E+01));
#100850=DIRECTION('',(0.0000000000000000E+00,-1.0000000000000000E+00,
   0.0000000000000000E+00));
#100860=DIRECTION('',(1.0000000000000000E+00,0.0000000000000000E+00,
   0.0000000000000000E+00));
#100870=AXIS2_PLACEMENT_3D('',#100840,#100850,#100860);
#100880=CYLINDRICAL_SURFACE('',#100870,5.0000000000000400E-01);
#100890=ORIENTED_EDGE('',*,*,#95160,.F.);
#100900=CARTESIAN_POINT('',(-3.4955488301517804E+01,
   2.2071376124790600E+01,1.8998223864320160E+01));
#100910=DIRECTION('',(0.0000000000000000E+00,-1.0000000000000000E+00,
   0.0000000000000000E+00));
#100920=VECTOR('',#100910,1.0000000000000000E+00);
#100930=LINE('',#100900,#100920);
#100940=CARTESIAN_POINT('',(-3.4955488301517804E+01,
   2.0921376124790594E+01,1.8998223864320160E+01));
#100950=VERTEX_POINT('',#100940);
#100960=EDGE_CURVE('',#95060,#100950,#100930,.T.);
#100970=ORIENTED_EDGE('',*,*,#100960,.F.);
#100980=CARTESIAN_POINT('',(-3.4997595082704343E+01,
   2.0879269343604062E+01,1.8500000000000000E+01));
#100990=DIRECTION('',(7.0710678118654535E-01,-7.0710678118654968E-01,
   0.0000000000000000E+00));
#101000=DIRECTION('',(-7.0710678118654968E-01,-7.0710678118654535E-01,
   0.0000000000000000E+00));
#101010=AXIS2_PLACEMENT_3D('',#100980,#100990,#101000);
#101020=ELLIPSE('',#101010,7.0710678118655101E-01,5.0000000000000400E-01
   );
#101030=CARTESIAN_POINT('',(-3.4644041692111067E+01,
   2.1232822734197338E+01,1.8853553390593277E+01));
#101040=VERTEX_POINT('',#101030);
#101050=EDGE_CURVE('',#101040,#100950,#101020,.T.);
#101060=ORIENTED_EDGE('',*,*,#101050,.T.);
#101070=CARTESIAN_POINT('',(-3.4644041692111067E+01,
   0.0000000000000000E+00,1.8853553390593270E+01));
#101080=DIRECTION('',(0.0000000000000000E+00,-1.0000000000000000E+00,
   0.0000000000000000E+00));
#101090=VECTOR('',#101080,1.0000000000000000E+00);
#101100=LINE('',#101070,#101090);
#101110=EDGE_CURVE('',#95150,#101040,#101100,.T.);
#101120=ORIENTED_EDGE('',*,*,#101110,.T.);
#101130=EDGE_LOOP('',(#101120,#101060,#100970,#100890));
#101140=FACE_OUTER_BOUND('',#101130,.T.);
#101150=ADVANCED_FACE('',(#101140),#100880,.F.);
#101160=COLOUR_RGB('',5.0196081399917603E-01,1.0000000000000000E+00,
   5.0196081399917603E-01);
#101170=FILL_AREA_STYLE_COLOUR('',#101160);
#101180=FILL_AREA_STYLE('',(#101170));
#101190=SURFACE_STYLE_FILL_AREA(#101180);
#101200=SURFACE_SIDE_STYLE('',(#101190));
#101210=SURFACE_STYLE_USAGE(.BOTH.,#101200);
#101220=PRESENTATION_STYLE_ASSIGNMENT((#101210));
#101230=CARTESIAN_POINT('',(-3.0780488301517799E+01,
   2.7601376124790601E+01,2.1000000000000000E+01));
#101240=DIRECTION('',(-0.0000000000000000E+00,1.0000000000000000E+00,
   0.0000000000000000E+00));
#101250=DIRECTION('',(1.0000000000000000E+00,0.0000000000000000E+00,
   0.0000000000000000E+00));
#101260=AXIS2_PLACEMENT_3D('',#101230,#101240,#101250);
#101270=PLANE('',#101260);
#101280=CARTESIAN_POINT('',(-3.1405488301517792E+01,
   2.7601376124790601E+01,2.1000000000000000E+01));
#101290=DIRECTION('',(0.0000000000000000E+00,1.0000000000000000E+00,
   0.0000000000000000E+00));
#101300=DIRECTION('',(-1.0000000000000000E+00,0.0000000000000000E+00,
   0.0000000000000000E+00));
#101310=AXIS2_PLACEMENT_3D('',#101280,#101290,#101300);
#101320=CIRCLE('',#101310,1.3999999999999999E+00);
#101330=CARTESIAN_POINT('',(-3.2805488301517791E+01,
   2.7601376124790601E+01,2.1000000000000000E+01));
#101340=VERTEX_POINT('',#101330);
#101350=CARTESIAN_POINT('',(-3.0005488301517794E+01,
   2.7601376124790601E+01,2.1000000000000000E+01));
#101360=VERTEX_POINT('',#101350);
#101370=EDGE_CURVE('',#101340,#101360,#101320,.T.);
#101380=ORIENTED_EDGE('',*,*,#101370,.F.);
#101390=EDGE_CURVE('',#101360,#101340,#101320,.T.);
#101400=ORIENTED_EDGE('',*,*,#101390,.F.);
#101410=EDGE_LOOP('',(#101400,#101380));
#101420=FACE_BOUND('',#101410,.T.);
#101430=CARTESIAN_POINT('',(-3.1405488301517799E+01,
   2.7601376124790601E+01,2.1000000000000000E+01));
#101440=DIRECTION('',(0.0000000000000000E+00,-1.0000000000000000E+00,
   0.0000000000000000E+00));
#101450=DIRECTION('',(-1.0000000000000000E+00,0.0000000000000000E+00,
   0.0000000000000000E+00));
#101460=AXIS2_PLACEMENT_3D('',#101430,#101440,#101450);
#101470=CIRCLE('',#101460,1.4499999999999993E+00);
#101480=CARTESIAN_POINT('',(-3.2855488301517795E+01,
   2.7601376124790601E+01,2.1000000000000000E+01));
#101490=VERTEX_POINT('',#101480);
#101500=CARTESIAN_POINT('',(-2.9955488301517800E+01,
   2.7601376124790601E+01,2.1000000000000000E+01));
#101510=VERTEX_POINT('',#101500);
#101520=EDGE_CURVE('',#101490,#101510,#101470,.T.);
#101530=ORIENTED_EDGE('',*,*,#101520,.F.);
#101540=EDGE_CURVE('',#101510,#101490,#101470,.T.);
#101550=ORIENTED_EDGE('',*,*,#101540,.F.);
#101560=EDGE_LOOP('',(#101550,#101530));
#101570=FACE_OUTER_BOUND('',#101560,.T.);
#101580=ADVANCED_FACE('',(#101420,#101570),#101270,.T.);
#101590=COLOUR_RGB('',5.0196081399917603E-01,1.0000000000000000E+00,
   5.0196081399917603E-01);
#101600=FILL_AREA_STYLE_COLOUR('',#101590);
#101610=FILL_AREA_STYLE('',(#101600));
#101620=SURFACE_STYLE_FILL_AREA(#101610);
#101630=SURFACE_SIDE_STYLE('',(#101620));
#101640=SURFACE_STYLE_USAGE(.BOTH.,#101630);
#101650=PRESENTATION_STYLE_ASSIGNMENT((#101640));
#101660=CARTESIAN_POINT('',(-3.4090488301517794E+01,
   2.2071376124790600E+01,2.5299999999999997E+01));
#101670=DIRECTION('',(7.0710678118655212E-01,-0.0000000000000000E+00,
   7.0710678118654302E-01));
#101680=DIRECTION('',(7.0710678118654302E-01,0.0000000000000000E+00,
   -7.0710678118655212E-01));
#101690=AXIS2_PLACEMENT_3D('',#101660,#101670,#101680);
#101700=PLANE('',#101690);
#101710=CARTESIAN_POINT('',(-2.7422569806281842E+01,
   0.0000000000000000E+00,1.8632081504763953E+01));
#101720=DIRECTION('',(2.5056280708574147E-01,-9.3511312653102330E-01,
   -2.5056280708574469E-01));
#101730=VECTOR('',#101720,1.0000000000000000E+00);
#101740=LINE('',#101710,#101730);
#101750=CARTESIAN_POINT('',(-3.4134907590252553E+01,
   2.5050785647341851E+01,2.5344419288734755E+01));
#101760=VERTEX_POINT('',#101750);
#101770=CARTESIAN_POINT('',(-3.4090488301517780E+01,
   2.4885010604947620E+01,2.5300000000000001E+01));
#101780=VERTEX_POINT('',#101770);
#101790=EDGE_CURVE('',#101760,#101780,#101740,.T.);
#101800=ORIENTED_EDGE('',*,*,#101790,.T.);
#101810=CARTESIAN_POINT('',(-3.4617870503397079E+01,
   2.4921376124790601E+01,2.5827382201879288E+01));
#101820=DIRECTION('',(7.0710678118655212E-01,0.0000000000000000E+00,
   7.0710678118654302E-01));
#101830=DIRECTION('',(7.0710678118654302E-01,0.0000000000000000E+00,
   -7.0710678118655212E-01));
#101840=AXIS2_PLACEMENT_3D('',#101810,#101820,#101830);
#101850=ELLIPSE('',#101840,7.0710678118653658E-01,4.9999999999998901E-01
   );
#101860=CARTESIAN_POINT('',(-3.4617870503397079E+01,
   2.5421376124790594E+01,2.5827382201879288E+01));
#101870=VERTEX_POINT('',#101860);
#101880=EDGE_CURVE('',#101760,#101870,#101850,.T.);
#101890=ORIENTED_EDGE('',*,*,#101880,.F.);
#101900=CARTESIAN_POINT('',(-2.9790488301517854E+01,
   2.5421376124790601E+01,2.1000000000000000E+01));
#101910=DIRECTION('',(7.0710678118654302E-01,0.0000000000000000E+00,
   -7.0710678118655212E-01));
#101920=VECTOR('',#101910,1.0000000000000000E+00);
#101930=LINE('',#101900,#101920);
#101940=CARTESIAN_POINT('',(-3.4644041692111067E+01,
   2.5421376124790601E+01,2.5853553390593277E+01));
#101950=VERTEX_POINT('',#101940);
#101960=EDGE_CURVE('',#101950,#101870,#101930,.T.);
#101970=ORIENTED_EDGE('',*,*,#101960,.T.);
#101980=CARTESIAN_POINT('',(-3.4644041692111067E+01,
   2.2071376124790600E+01,2.5853553390593277E+01));
#101990=DIRECTION('',(0.0000000000000000E+00,-1.0000000000000000E+00,
   0.0000000000000000E+00));
#102000=VECTOR('',#101990,1.0000000000000000E+00);
#102010=LINE('',#101980,#102000);
#102020=EDGE_CURVE('',#101950,#92270,#102010,.T.);
#102030=ORIENTED_EDGE('',*,*,#102020,.F.);
#102040=ORIENTED_EDGE('',*,*,#92280,.T.);
#102050=CARTESIAN_POINT('',(-3.4090488301517780E+01,
   0.0000000000000000E+00,2.5300000000000001E+01));
#102060=DIRECTION('',(0.0000000000000000E+00,1.0000000000000000E+00,
   0.0000000000000000E+00));
#102070=VECTOR('',#102060,1.0000000000000000E+00);
#102080=LINE('',#102050,#102070);
#102090=EDGE_CURVE('',#92190,#101780,#102080,.T.);
#102100=ORIENTED_EDGE('',*,*,#102090,.F.);
#102110=EDGE_LOOP('',(#102100,#102040,#102030,#101970,#101890,#101800));
#102120=FACE_OUTER_BOUND('',#102110,.T.);
#102130=ADVANCED_FACE('',(#102120),#101700,.F.);
#102140=COLOUR_RGB('',5.0196081399917603E-01,1.0000000000000000E+00,
   5.0196081399917603E-01);
#102150=FILL_AREA_STYLE_COLOUR('',#102140);
#102160=FILL_AREA_STYLE('',(#102150));
#102170=SURFACE_STYLE_FILL_AREA(#102160);
#102180=SURFACE_SIDE_STYLE('',(#102170));
#102190=SURFACE_STYLE_USAGE(.BOTH.,#102180);
#102200=PRESENTATION_STYLE_ASSIGNMENT((#102190));
#102210=CARTESIAN_POINT('',(-3.1405488301517799E+01,
   2.8561376124790595E+01,1.7500000000000000E+01));
#102220=DIRECTION('',(0.0000000000000000E+00,-1.0000000000000000E+00,
   0.0000000000000000E+00));
#102230=DIRECTION('',(-1.0000000000000000E+00,0.0000000000000000E+00,
   0.0000000000000000E+00));
#102240=AXIS2_PLACEMENT_3D('',#102210,#102220,#102230);
#102250=CYLINDRICAL_SURFACE('',#102240,1.4499999999999993E+00);
#102260=CARTESIAN_POINT('',(-3.2855488301517795E+01,
   2.8561376124790595E+01,1.7500000000000000E+01));
#102270=DIRECTION('',(0.0000000000000000E+00,-1.0000000000000000E+00,
   0.0000000000000000E+00));
#102280=VECTOR('',#102270,1.0000000000000000E+00);
#102290=LINE('',#102260,#102280);
#102300=EDGE_CURVE('',#91190,#85930,#102290,.T.);
#102310=ORIENTED_EDGE('',*,*,#102300,.F.);
#102320=ORIENTED_EDGE('',*,*,#85980,.T.);
#102330=CARTESIAN_POINT('',(-2.9955488301517800E+01,
   2.8561376124790595E+01,1.7500000000000000E+01));
#102340=DIRECTION('',(0.0000000000000000E+00,-1.0000000000000000E+00,
   0.0000000000000000E+00));
#102350=VECTOR('',#102340,1.0000000000000000E+00);
#102360=LINE('',#102330,#102350);
#102370=EDGE_CURVE('',#91210,#85950,#102360,.T.);
#102380=ORIENTED_EDGE('',*,*,#102370,.T.);
#102390=ORIENTED_EDGE('',*,*,#91240,.F.);
#102400=EDGE_LOOP('',(#102390,#102380,#102320,#102310));
#102410=FACE_OUTER_BOUND('',#102400,.T.);
#102420=ADVANCED_FACE('',(#102410),#102250,.F.);
#102430=COLOUR_RGB('',5.0196081399917603E-01,1.0000000000000000E+00,
   5.0196081399917603E-01);
#102440=FILL_AREA_STYLE_COLOUR('',#102430);
#102450=FILL_AREA_STYLE('',(#102440));
#102460=SURFACE_STYLE_FILL_AREA(#102450);
#102470=SURFACE_SIDE_STYLE('',(#102460));
#102480=SURFACE_STYLE_USAGE(.BOTH.,#102470);
#102490=PRESENTATION_STYLE_ASSIGNMENT((#102480));
#102500=CARTESIAN_POINT('',(-3.1652975674933074E+01,
   2.8601376124790594E+01,1.7747487373415282E+01));
#102510=DIRECTION('',(7.0710678118654746E-01,0.0000000000000000E+00,
   -7.0710678118654757E-01));
#102520=DIRECTION('',(0.0000000000000000E+00,-1.0000000000000000E+00,
   0.0000000000000000E+00));
#102530=AXIS2_PLACEMENT_3D('',#102500,#102510,#102520);
#102540=PLANE('',#102530);
#102550=ORIENTED_EDGE('',*,*,#62610,.T.);
#102560=CARTESIAN_POINT('',(-8.4502159542249785E+01,
   2.8001376124790593E+01,-3.5101696493901422E+01));
#102570=DIRECTION('',(7.0710678118654757E-01,0.0000000000000000E+00,
   7.0710678118654746E-01));
#102580=VECTOR('',#102570,1.0000000000000000E+00);
#102590=LINE('',#102560,#102580);
#102600=CARTESIAN_POINT('',(-3.1350485798849824E+01,
   2.8001376124790593E+01,1.8049977249499520E+01));
#102610=VERTEX_POINT('',#102600);
#102620=EDGE_CURVE('',#62520,#102610,#102590,.T.);
#102630=ORIENTED_EDGE('',*,*,#102620,.F.);
#102640=CARTESIAN_POINT('',(-3.1350485798848844E+01,
   3.9321376124790604E+01,1.8049977249499513E+01));
#102650=DIRECTION('',(0.0000000000000000E+00,-1.0000000000000000E+00,
   0.0000000000000000E+00));
#102660=VECTOR('',#102650,1.0000000000000000E+00);
#102670=LINE('',#102640,#102660);
#102680=EDGE_CURVE('',#77650,#102610,#102670,.T.);
#102690=ORIENTED_EDGE('',*,*,#102680,.T.);
#102700=EDGE_CURVE('',#77650,#62600,#77730,.T.);
#102710=ORIENTED_EDGE('',*,*,#102700,.F.);
#102720=EDGE_LOOP('',(#102710,#102690,#102630,#102550));
#102730=FACE_OUTER_BOUND('',#102720,.T.);
#102740=ADVANCED_FACE('',(#102730),#102540,.T.);
#102750=COLOUR_RGB('',9.4901967048645020E-01,9.4901967048645020E-01,
   1.0000000000000000E+00);
#102760=FILL_AREA_STYLE_COLOUR('',#102750);
#102770=FILL_AREA_STYLE('',(#102760));
#102780=SURFACE_STYLE_FILL_AREA(#102770);
#102790=SURFACE_SIDE_STYLE('',(#102780));
#102800=SURFACE_STYLE_USAGE(.BOTH.,#102790);
#102810=PRESENTATION_STYLE_ASSIGNMENT((#102800));
#102820=CARTESIAN_POINT('',(-3.0694461199299042E+01,
   2.8001376124790593E+01,1.8706001849049315E+01));
#102830=VERTEX_POINT('',#102820);
#102840=EDGE_CURVE('',#102610,#102830,#102590,.T.);
#102850=ORIENTED_EDGE('',*,*,#102840,.F.);
#102860=CARTESIAN_POINT('',(-3.0694461199299035E+01,
   2.7145319094080318E+01,1.8706001849049326E+01));
#102870=DIRECTION('',(0.0000000000000000E+00,1.0000000000000000E+00,
   0.0000000000000000E+00));
#102880=VECTOR('',#102870,1.0000000000000000E+00);
#102890=LINE('',#102860,#102880);
#102900=EDGE_CURVE('',#102830,#77750,#102890,.T.);
#102910=ORIENTED_EDGE('',*,*,#102900,.F.);
#102920=ORIENTED_EDGE('',*,*,#77760,.F.);
#102930=ORIENTED_EDGE('',*,*,#102680,.F.);
#102940=EDGE_LOOP('',(#102930,#102920,#102910,#102850));
#102950=FACE_OUTER_BOUND('',#102940,.T.);
#102960=ADVANCED_FACE('',(#102950),#102540,.T.);
#102970=COLOUR_RGB('',9.4901967048645020E-01,9.4901967048645020E-01,
   1.0000000000000000E+00);
#102980=FILL_AREA_STYLE_COLOUR('',#102970);
#102990=FILL_AREA_STYLE('',(#102980));
#103000=SURFACE_STYLE_FILL_AREA(#102990);
#103010=SURFACE_SIDE_STYLE('',(#103000));
#103020=SURFACE_STYLE_USAGE(.BOTH.,#103010);
#103030=PRESENTATION_STYLE_ASSIGNMENT((#103020));
#103040=CARTESIAN_POINT('',(-3.1355488301517802E+01,
   2.8601376124790601E+01,2.1000000000000000E+01));
#103050=DIRECTION('',(0.0000000000000000E+00,-1.0000000000000000E+00,
   0.0000000000000000E+00));
#103060=DIRECTION('',(1.0000000000000000E+00,0.0000000000000000E+00,
   0.0000000000000000E+00));
#103070=AXIS2_PLACEMENT_3D('',#103040,#103050,#103060);
#103080=CIRCLE('',#103070,5.5000000000000004E-01);
#103090=EDGE_CURVE('',#81280,#95460,#103080,.T.);
#103100=ORIENTED_EDGE('',*,*,#103090,.F.);
#103110=ORIENTED_EDGE('',*,*,#95610,.F.);
#103120=ORIENTED_EDGE('',*,*,#94760,.T.);
#103130=EDGE_LOOP('',(#103120,#103110,#103100));
#103140=FACE_OUTER_BOUND('',#103130,.T.);
#103150=ADVANCED_FACE('',(#103140),#93590,.T.);
#103160=COLOUR_RGB('',9.4901967048645020E-01,9.4901967048645020E-01,
   1.0000000000000000E+00);
#103170=FILL_AREA_STYLE_COLOUR('',#103160);
#103180=FILL_AREA_STYLE('',(#103170));
#103190=SURFACE_STYLE_FILL_AREA(#103180);
#103200=SURFACE_SIDE_STYLE('',(#103190));
#103210=SURFACE_STYLE_USAGE(.BOTH.,#103200);
#103220=PRESENTATION_STYLE_ASSIGNMENT((#103210));
#103230=CARTESIAN_POINT('',(-3.1405488301517792E+01,
   2.7145319094080318E+01,1.7500000000000000E+01));
#103240=DIRECTION('',(0.0000000000000000E+00,1.0000000000000000E+00,
   0.0000000000000000E+00));
#103250=DIRECTION('',(-1.0000000000000000E+00,0.0000000000000000E+00,
   0.0000000000000000E+00));
#103260=AXIS2_PLACEMENT_3D('',#103230,#103240,#103250);
#103270=CYLINDRICAL_SURFACE('',#103260,1.3999999999999999E+00);
#103280=CARTESIAN_POINT('',(-3.0005488301517794E+01,
   2.7145319094080318E+01,1.7500000000000000E+01));
#103290=DIRECTION('',(0.0000000000000000E+00,1.0000000000000000E+00,
   0.0000000000000000E+00));
#103300=VECTOR('',#103290,1.0000000000000000E+00);
#103310=LINE('',#103280,#103300);
#103320=EDGE_CURVE('',#86100,#75380,#103310,.T.);
#103330=ORIENTED_EDGE('',*,*,#103320,.F.);
#103340=ORIENTED_EDGE('',*,*,#75390,.F.);
#103350=ORIENTED_EDGE('',*,*,#70920,.T.);
#103360=ORIENTED_EDGE('',*,*,#89720,.F.);
#103370=ORIENTED_EDGE('',*,*,#76990,.F.);
#103380=ORIENTED_EDGE('',*,*,#77870,.F.);
#103390=CARTESIAN_POINT('',(-3.2805488301517791E+01,
   2.7145319094080318E+01,1.7500000000000000E+01));
#103400=DIRECTION('',(0.0000000000000000E+00,1.0000000000000000E+00,
   0.0000000000000000E+00));
#103410=VECTOR('',#103400,1.0000000000000000E+00);
#103420=LINE('',#103390,#103410);
#103430=EDGE_CURVE('',#86080,#77840,#103420,.T.);
#103440=ORIENTED_EDGE('',*,*,#103430,.T.);
#103450=ORIENTED_EDGE('',*,*,#86130,.T.);
#103460=EDGE_LOOP('',(#103450,#103440,#103380,#103370,#103360,#103350,
   #103340,#103330));
#103470=FACE_OUTER_BOUND('',#103460,.T.);
#103480=ADVANCED_FACE('',(#103470),#103270,.T.);
#103490=COLOUR_RGB('',9.4901967048645020E-01,9.4901967048645020E-01,
   1.0000000000000000E+00);
#103500=FILL_AREA_STYLE_COLOUR('',#103490);
#103510=FILL_AREA_STYLE('',(#103500));
#103520=SURFACE_STYLE_FILL_AREA(#103510);
#103530=SURFACE_SIDE_STYLE('',(#103520));
#103540=SURFACE_STYLE_USAGE(.BOTH.,#103530);
#103550=PRESENTATION_STYLE_ASSIGNMENT((#103540));
#103560=CARTESIAN_POINT('',(-3.1355488301517802E+01,
   2.0821376124790600E+01,2.1000000000000000E+01));
#103570=DIRECTION('',(0.0000000000000000E+00,-1.0000000000000000E+00,
   0.0000000000000000E+00));
#103580=DIRECTION('',(1.0000000000000000E+00,0.0000000000000000E+00,
   0.0000000000000000E+00));
#103590=AXIS2_PLACEMENT_3D('',#103560,#103570,#103580);
#103600=CYLINDRICAL_SURFACE('',#103590,5.5000000000000004E-01);
#103610=CARTESIAN_POINT('',(-3.0805488301517801E+01,
   2.0821376124790600E+01,2.1000000000000000E+01));
#103620=DIRECTION('',(0.0000000000000000E+00,-1.0000000000000000E+00,
   0.0000000000000000E+00));
#103630=VECTOR('',#103620,1.0000000000000000E+00);
#103640=LINE('',#103610,#103630);
#103650=EDGE_CURVE('',#85430,#84160,#103640,.T.);
#103660=ORIENTED_EDGE('',*,*,#103650,.T.);
#103670=ORIENTED_EDGE('',*,*,#85440,.T.);
#103680=CARTESIAN_POINT('',(-3.1905488301517803E+01,
   2.0821376124790600E+01,2.1000000000000000E+01));
#103690=DIRECTION('',(0.0000000000000000E+00,-1.0000000000000000E+00,
   0.0000000000000000E+00));
#103700=VECTOR('',#103690,1.0000000000000000E+00);
#103710=LINE('',#103680,#103700);
#103720=EDGE_CURVE('',#85410,#83950,#103710,.T.);
#103730=ORIENTED_EDGE('',*,*,#103720,.F.);
#103740=ORIENTED_EDGE('',*,*,#84240,.F.);
#103750=EDGE_LOOP('',(#103740,#103730,#103670,#103660));
#103760=FACE_OUTER_BOUND('',#103750,.T.);
#103770=ADVANCED_FACE('',(#103760),#103600,.T.);
#103780=COLOUR_RGB('',9.4901961088180542E-01,9.4901961088180542E-01,
   1.0000000000000000E+00);
#103790=FILL_AREA_STYLE_COLOUR('',#103780);
#103800=FILL_AREA_STYLE('',(#103790));
#103810=SURFACE_STYLE_FILL_AREA(#103800);
#103820=SURFACE_SIDE_STYLE('',(#103810));
#103830=SURFACE_STYLE_USAGE(.BOTH.,#103820);
#103840=PRESENTATION_STYLE_ASSIGNMENT((#103830));
#103850=CARTESIAN_POINT('',(-3.1158000928102481E+01,
   2.8001376124790593E+01,1.7252512626584682E+01));
#103860=DIRECTION('',(0.0000000000000000E+00,1.0000000000000000E+00,
   0.0000000000000000E+00));
#103870=DIRECTION('',(7.0710678118654746E-01,0.0000000000000000E+00,
   -7.0710678118654757E-01));
#103880=AXIS2_PLACEMENT_3D('',#103850,#103860,#103870);
#103890=PLANE('',#103880);
#103900=CARTESIAN_POINT('',(-8.4502159542249785E+01,
   2.8001376124790593E+01,-3.6091645987562615E+01));
#103910=DIRECTION('',(-7.0710678118654757E-01,0.0000000000000000E+00,
   -7.0710678118654746E-01));
#103920=VECTOR('',#103910,1.0000000000000000E+00);
#103930=LINE('',#103900,#103920);
#103940=CARTESIAN_POINT('',(-3.0199486452468442E+01,
   2.8001376124790593E+01,1.8211027102218718E+01));
#103950=VERTEX_POINT('',#103940);
#103960=CARTESIAN_POINT('',(-3.0814019159546973E+01,
   2.8001376124790593E+01,1.7596494395139700E+01));
#103970=VERTEX_POINT('',#103960);
#103980=EDGE_CURVE('',#103950,#103970,#103930,.T.);
#103990=ORIENTED_EDGE('',*,*,#103980,.T.);
#104000=CARTESIAN_POINT('',(-3.1405488301517792E+01,
   2.8001376124790593E+01,1.7500000000000000E+01));
#104010=DIRECTION('',(0.0000000000000000E+00,1.0000000000000000E+00,
   0.0000000000000000E+00));
#104020=DIRECTION('',(-1.0000000000000000E+00,0.0000000000000000E+00,
   0.0000000000000000E+00));
#104030=AXIS2_PLACEMENT_3D('',#104000,#104010,#104020);
#104040=CIRCLE('',#104030,1.3999999999999999E+00);
#104050=EDGE_CURVE('',#102830,#103950,#104040,.T.);
#104060=ORIENTED_EDGE('',*,*,#104050,.T.);
#104070=ORIENTED_EDGE('',*,*,#102840,.T.);
#104080=CARTESIAN_POINT('',(-3.1355488301517802E+01,
   2.8001376124790593E+01,1.7500000000000000E+01));
#104090=DIRECTION('',(0.0000000000000000E+00,-1.0000000000000000E+00,
   0.0000000000000000E+00));
#104100=DIRECTION('',(1.0000000000000000E+00,0.0000000000000000E+00,
   0.0000000000000000E+00));
#104110=AXIS2_PLACEMENT_3D('',#104080,#104090,#104100);
#104120=CIRCLE('',#104110,5.5000000000000004E-01);
#104130=EDGE_CURVE('',#103970,#102610,#104120,.T.);
#104140=ORIENTED_EDGE('',*,*,#104130,.T.);
#104150=EDGE_LOOP('',(#104140,#104070,#104060,#103990));
#104160=FACE_OUTER_BOUND('',#104150,.T.);
#104170=ADVANCED_FACE('',(#104160),#103890,.T.);
#104180=COLOUR_RGB('',9.4901967048645020E-01,9.4901967048645020E-01,
   1.0000000000000000E+00);
#104190=FILL_AREA_STYLE_COLOUR('',#104180);
#104200=FILL_AREA_STYLE('',(#104190));
#104210=SURFACE_STYLE_FILL_AREA(#104200);
#104220=SURFACE_SIDE_STYLE('',(#104210));
#104230=SURFACE_STYLE_USAGE(.BOTH.,#104220);
#104240=PRESENTATION_STYLE_ASSIGNMENT((#104230));
#104250=ORIENTED_EDGE('',*,*,#104130,.F.);
#104260=ORIENTED_EDGE('',*,*,#102620,.T.);
#104270=ORIENTED_EDGE('',*,*,#87860,.T.);
#104280=EDGE_CURVE('',#103970,#62030,#103930,.T.);
#104290=ORIENTED_EDGE('',*,*,#104280,.T.);
#104300=EDGE_LOOP('',(#104290,#104270,#104260,#104250));
#104310=FACE_OUTER_BOUND('',#104300,.T.);
#104320=ADVANCED_FACE('',(#104310),#103890,.T.);
#104330=COLOUR_RGB('',9.4901967048645020E-01,9.4901967048645020E-01,
   1.0000000000000000E+00);
#104340=FILL_AREA_STYLE_COLOUR('',#104330);
#104350=FILL_AREA_STYLE('',(#104340));
#104360=SURFACE_STYLE_FILL_AREA(#104350);
#104370=SURFACE_SIDE_STYLE('',(#104360));
#104380=SURFACE_STYLE_USAGE(.BOTH.,#104370);
#104390=PRESENTATION_STYLE_ASSIGNMENT((#104380));
#104400=CARTESIAN_POINT('',(-3.1158000928102481E+01,
   2.7601376124790594E+01,1.7252512626584682E+01));
#104410=DIRECTION('',(-7.0710678118654746E-01,0.0000000000000000E+00,
   7.0710678118654757E-01));
#104420=DIRECTION('',(0.0000000000000000E+00,1.0000000000000000E+00,
   0.0000000000000000E+00));
#104430=AXIS2_PLACEMENT_3D('',#104400,#104410,#104420);
#104440=PLANE('',#104430);
#104450=ORIENTED_EDGE('',*,*,#103980,.F.);
#104460=CARTESIAN_POINT('',(-3.0814019159547051E+01,
   3.9321376124790604E+01,1.7596494395140112E+01));
#104470=DIRECTION('',(0.0000000000000000E+00,-1.0000000000000000E+00,
   0.0000000000000000E+00));
#104480=VECTOR('',#104470,1.0000000000000000E+00);
#104490=LINE('',#104460,#104480);
#104500=EDGE_CURVE('',#75500,#103970,#104490,.T.);
#104510=ORIENTED_EDGE('',*,*,#104500,.T.);
#104520=ORIENTED_EDGE('',*,*,#75510,.F.);
#104530=CARTESIAN_POINT('',(-3.0199486452468442E+01,
   2.7145319094080318E+01,1.8211027102218718E+01));
#104540=DIRECTION('',(0.0000000000000000E+00,1.0000000000000000E+00,
   0.0000000000000000E+00));
#104550=VECTOR('',#104540,1.0000000000000000E+00);
#104560=LINE('',#104530,#104550);
#104570=EDGE_CURVE('',#103950,#75420,#104560,.T.);
#104580=ORIENTED_EDGE('',*,*,#104570,.T.);
#104590=EDGE_LOOP('',(#104580,#104520,#104510,#104450));
#104600=FACE_OUTER_BOUND('',#104590,.T.);
#104610=ADVANCED_FACE('',(#104600),#104440,.T.);
#104620=COLOUR_RGB('',9.4901967048645020E-01,9.4901967048645020E-01,
   1.0000000000000000E+00);
#104630=FILL_AREA_STYLE_COLOUR('',#104620);
#104640=FILL_AREA_STYLE('',(#104630));
#104650=SURFACE_STYLE_FILL_AREA(#104640);
#104660=SURFACE_SIDE_STYLE('',(#104650));
#104670=SURFACE_STYLE_USAGE(.BOTH.,#104660);
#104680=PRESENTATION_STYLE_ASSIGNMENT((#104670));
#104690=ORIENTED_EDGE('',*,*,#104280,.F.);
#104700=ORIENTED_EDGE('',*,*,#62280,.T.);
#104710=EDGE_CURVE('',#62210,#75500,#75480,.T.);
#104720=ORIENTED_EDGE('',*,*,#104710,.F.);
#104730=ORIENTED_EDGE('',*,*,#104500,.F.);
#104740=EDGE_LOOP('',(#104730,#104720,#104700,#104690));
#104750=FACE_OUTER_BOUND('',#104740,.T.);
#104760=ADVANCED_FACE('',(#104750),#104440,.T.);
#104770=COLOUR_RGB('',9.4901967048645020E-01,9.4901967048645020E-01,
   1.0000000000000000E+00);
#104780=FILL_AREA_STYLE_COLOUR('',#104770);
#104790=FILL_AREA_STYLE('',(#104780));
#104800=SURFACE_STYLE_FILL_AREA(#104790);
#104810=SURFACE_SIDE_STYLE('',(#104800));
#104820=SURFACE_STYLE_USAGE(.BOTH.,#104810);
#104830=PRESENTATION_STYLE_ASSIGNMENT((#104820));
#104840=ORIENTED_EDGE('',*,*,#78870,.F.);
#104850=ORIENTED_EDGE('',*,*,#93430,.T.);
#104860=CARTESIAN_POINT('',(-3.2611490150567114E+01,
   2.8601376124790601E+01,2.0288972897781235E+01));
#104870=VERTEX_POINT('',#104860);
#104880=EDGE_CURVE('',#93360,#104870,#93340,.T.);
#104890=ORIENTED_EDGE('',*,*,#104880,.F.);
#104900=CARTESIAN_POINT('',(-3.2611490150567114E+01,
   2.7145319094080318E+01,2.0288972897781235E+01));
#104910=DIRECTION('',(0.0000000000000000E+00,1.0000000000000000E+00,
   0.0000000000000000E+00));
#104920=VECTOR('',#104910,1.0000000000000000E+00);
#104930=LINE('',#104900,#104920);
#104940=EDGE_CURVE('',#78860,#104870,#104930,.T.);
#104950=ORIENTED_EDGE('',*,*,#104940,.T.);
#104960=EDGE_LOOP('',(#104950,#104890,#104850,#104840));
#104970=FACE_OUTER_BOUND('',#104960,.T.);
#104980=ADVANCED_FACE('',(#104970),#93210,.T.);
#104990=COLOUR_RGB('',9.4901967048645020E-01,9.4901967048645020E-01,
   1.0000000000000000E+00);
#105000=FILL_AREA_STYLE_COLOUR('',#104990);
#105010=FILL_AREA_STYLE('',(#105000));
#105020=SURFACE_STYLE_FILL_AREA(#105010);
#105030=SURFACE_SIDE_STYLE('',(#105020));
#105040=SURFACE_STYLE_USAGE(.BOTH.,#105030);
#105050=PRESENTATION_STYLE_ASSIGNMENT((#105040));
#105060=CARTESIAN_POINT('',(-3.2074229385564998E+01,
   2.8601376124790601E+01,1.8168741084047205E+01));
#105070=DIRECTION('',(0.0000000000000000E+00,1.0000000000000000E+00,
   0.0000000000000000E+00));
#105080=DIRECTION('',(7.0710678118654746E-01,0.0000000000000000E+00,
   -7.0710678118654757E-01));
#105090=AXIS2_PLACEMENT_3D('',#105060,#105070,#105080);
#105100=PLANE('',#105090);
#105110=ORIENTED_EDGE('',*,*,#77680,.F.);
#105120=ORIENTED_EDGE('',*,*,#93050,.T.);
#105130=ORIENTED_EDGE('',*,*,#102700,.T.);
#105140=EDGE_LOOP('',(#105130,#105120,#105110));
#105150=FACE_OUTER_BOUND('',#105140,.T.);
#105160=ADVANCED_FACE('',(#105150),#105100,.T.);
#105170=COLOUR_RGB('',9.4901967048645020E-01,9.4901967048645020E-01,
   1.0000000000000000E+00);
#105180=FILL_AREA_STYLE_COLOUR('',#105170);
#105190=FILL_AREA_STYLE('',(#105180));
#105200=SURFACE_STYLE_FILL_AREA(#105190);
#105210=SURFACE_SIDE_STYLE('',(#105200));
#105220=SURFACE_STYLE_USAGE(.BOTH.,#105210);
#105230=PRESENTATION_STYLE_ASSIGNMENT((#105220));
#105240=ORIENTED_EDGE('',*,*,#75600,.F.);
#105250=ORIENTED_EDGE('',*,*,#104710,.T.);
#105260=ORIENTED_EDGE('',*,*,#79160,.T.);
#105270=EDGE_LOOP('',(#105260,#105250,#105240));
#105280=FACE_OUTER_BOUND('',#105270,.T.);
#105290=ADVANCED_FACE('',(#105280),#105100,.T.);
#105300=COLOUR_RGB('',9.4901967048645020E-01,9.4901967048645020E-01,
   1.0000000000000000E+00);
#105310=FILL_AREA_STYLE_COLOUR('',#105300);
#105320=FILL_AREA_STYLE('',(#105310));
#105330=SURFACE_STYLE_FILL_AREA(#105320);
#105340=SURFACE_SIDE_STYLE('',(#105330));
#105350=SURFACE_STYLE_USAGE(.BOTH.,#105340);
#105360=PRESENTATION_STYLE_ASSIGNMENT((#105350));
#105370=CARTESIAN_POINT('',(-3.4644041692111067E+01,
   2.2071376124790600E+01,1.9646446609406730E+01));
#105380=DIRECTION('',(7.0710678118654302E-01,0.0000000000000000E+00,
   -7.0710678118655201E-01));
#105390=DIRECTION('',(-7.0710678118655201E-01,0.0000000000000000E+00,
   -7.0710678118654302E-01));
#105400=AXIS2_PLACEMENT_3D('',#105370,#105380,#105390);
#105410=PLANE('',#105400);
#105420=ORIENTED_EDGE('',*,*,#99340,.T.);
#105430=ORIENTED_EDGE('',*,*,#98870,.F.);
#105440=CARTESIAN_POINT('',(-2.7422569806281828E+01,
   0.0000000000000000E+00,2.6867918495235866E+01));
#105450=DIRECTION('',(-2.5056280708574180E-01,9.3511312653102474E-01,
   -2.5056280708573864E-01));
#105460=VECTOR('',#105450,1.0000000000000000E+00);
#105470=LINE('',#105440,#105460);
#105480=EDGE_CURVE('',#97020,#98770,#105470,.T.);
#105490=ORIENTED_EDGE('',*,*,#105480,.T.);
#105500=ORIENTED_EDGE('',*,*,#97410,.T.);
#105510=ORIENTED_EDGE('',*,*,#100530,.T.);
#105520=CARTESIAN_POINT('',(-3.4644041692111067E+01,
   2.2071376124790600E+01,1.9646446609406727E+01));
#105530=DIRECTION('',(0.0000000000000000E+00,-1.0000000000000000E+00,
   0.0000000000000000E+00));
#105540=VECTOR('',#105530,1.0000000000000000E+00);
#105550=LINE('',#105520,#105540);
#105560=EDGE_CURVE('',#99330,#100460,#105550,.T.);
#105570=ORIENTED_EDGE('',*,*,#105560,.T.);
#105580=EDGE_LOOP('',(#105570,#105510,#105500,#105490,#105430,#105420));
#105590=FACE_OUTER_BOUND('',#105580,.T.);
#105600=ADVANCED_FACE('',(#105590),#105410,.F.);
#105610=COLOUR_RGB('',5.0196081399917603E-01,1.0000000000000000E+00,
   5.0196081399917603E-01);
#105620=FILL_AREA_STYLE_COLOUR('',#105610);
#105630=FILL_AREA_STYLE('',(#105620));
#105640=SURFACE_STYLE_FILL_AREA(#105630);
#105650=SURFACE_SIDE_STYLE('',(#105640));
#105660=SURFACE_STYLE_USAGE(.BOTH.,#105650);
#105670=PRESENTATION_STYLE_ASSIGNMENT((#105660));
#105680=CARTESIAN_POINT('',(-3.3520488301517801E+01,
   2.2071376124790600E+01,2.4500000000000000E+01));
#105690=DIRECTION('',(-0.0000000000000000E+00,-1.0000000000000000E+00,
   -0.0000000000000000E+00));
#105700=DIRECTION('',(-1.0000000000000000E+00,0.0000000000000000E+00,
   0.0000000000000000E+00));
#105710=AXIS2_PLACEMENT_3D('',#105680,#105690,#105700);
#105720=PLANE('',#105710);
#105730=CARTESIAN_POINT('',(-3.3805488301517798E+01,
   2.2071376124790600E+01,2.5300000000000001E+01));
#105740=DIRECTION('',(1.0000000000000000E+00,0.0000000000000000E+00,
   0.0000000000000000E+00));
#105750=VECTOR('',#105740,1.0000000000000000E+00);
#105760=LINE('',#105730,#105750);
#105770=CARTESIAN_POINT('',(-3.3520488301517801E+01,
   2.2071376124790600E+01,2.5300000000000001E+01));
#105780=VERTEX_POINT('',#105770);
#105790=EDGE_CURVE('',#92110,#105780,#105760,.T.);
#105800=ORIENTED_EDGE('',*,*,#105790,.T.);
#105810=ORIENTED_EDGE('',*,*,#92120,.T.);
#105820=CARTESIAN_POINT('',(-3.3805488301517798E+01,
   2.2071376124790600E+01,2.3699999999999999E+01));
#105830=DIRECTION('',(1.0000000000000000E+00,0.0000000000000000E+00,
   0.0000000000000000E+00));
#105840=VECTOR('',#105830,1.0000000000000000E+00);
#105850=LINE('',#105820,#105840);
#105860=CARTESIAN_POINT('',(-3.3520488301517801E+01,
   2.2071376124790600E+01,2.3699999999999999E+01));
#105870=VERTEX_POINT('',#105860);
#105880=EDGE_CURVE('',#92030,#105870,#105850,.T.);
#105890=ORIENTED_EDGE('',*,*,#105880,.F.);
#105900=CARTESIAN_POINT('',(-3.3520488301517801E+01,
   2.2071376124790600E+01,2.4500000000000000E+01));
#105910=DIRECTION('',(0.0000000000000000E+00,0.0000000000000000E+00,
   1.0000000000000000E+00));
#105920=VECTOR('',#105910,1.0000000000000000E+00);
#105930=LINE('',#105900,#105920);
#105940=EDGE_CURVE('',#105870,#105780,#105930,.T.);
#105950=ORIENTED_EDGE('',*,*,#105940,.F.);
#105960=EDGE_LOOP('',(#105950,#105890,#105810,#105800));
#105970=FACE_OUTER_BOUND('',#105960,.T.);
#105980=ADVANCED_FACE('',(#105970),#105720,.F.);
#105990=COLOUR_RGB('',5.0196081399917603E-01,1.0000000000000000E+00,
   5.0196081399917603E-01);
#106000=FILL_AREA_STYLE_COLOUR('',#105990);
#106010=FILL_AREA_STYLE('',(#106000));
#106020=SURFACE_STYLE_FILL_AREA(#106010);
#106030=SURFACE_SIDE_STYLE('',(#106020));
#106040=SURFACE_STYLE_USAGE(.BOTH.,#106030);
#106050=PRESENTATION_STYLE_ASSIGNMENT((#106040));
#106060=CARTESIAN_POINT('',(-3.1652975674933074E+01,
   2.8601376124790594E+01,2.1247487373415282E+01));
#106070=DIRECTION('',(7.0710678118654746E-01,0.0000000000000000E+00,
   -7.0710678118654757E-01));
#106080=DIRECTION('',(0.0000000000000000E+00,-1.0000000000000000E+00,
   0.0000000000000000E+00));
#106090=AXIS2_PLACEMENT_3D('',#106060,#106070,#106080);
#106100=PLANE('',#106090);
#106110=ORIENTED_EDGE('',*,*,#93290,.T.);
#106120=ORIENTED_EDGE('',*,*,#98030,.F.);
#106130=CARTESIAN_POINT('',(-3.1350485798848844E+01,
   3.9321376124790604E+01,2.1549977249499513E+01));
#106140=DIRECTION('',(0.0000000000000000E+00,-1.0000000000000000E+00,
   0.0000000000000000E+00));
#106150=VECTOR('',#106140,1.0000000000000000E+00);
#106160=LINE('',#106130,#106150);
#106170=CARTESIAN_POINT('',(-3.1350485798850627E+01,
   2.8601376124790601E+01,2.1549977249499527E+01));
#106180=VERTEX_POINT('',#106170);
#106190=EDGE_CURVE('',#106180,#97820,#106160,.T.);
#106200=ORIENTED_EDGE('',*,*,#106190,.T.);
#106210=CARTESIAN_POINT('',(-8.4502159542249785E+01,
   2.8601376124790601E+01,-3.1601696493901422E+01));
#106220=DIRECTION('',(-7.0710678118654757E-01,0.0000000000000000E+00,
   -7.0710678118654746E-01));
#106230=VECTOR('',#106220,1.0000000000000000E+00);
#106240=LINE('',#106210,#106230);
#106250=EDGE_CURVE('',#106180,#93280,#106240,.T.);
#106260=ORIENTED_EDGE('',*,*,#106250,.F.);
#106270=EDGE_LOOP('',(#106260,#106200,#106120,#106110));
#106280=FACE_OUTER_BOUND('',#106270,.T.);
#106290=ADVANCED_FACE('',(#106280),#106100,.T.);
#106300=COLOUR_RGB('',9.4901967048645020E-01,9.4901967048645020E-01,
   1.0000000000000000E+00);
#106310=FILL_AREA_STYLE_COLOUR('',#106300);
#106320=FILL_AREA_STYLE('',(#106310));
#106330=SURFACE_STYLE_FILL_AREA(#106320);
#106340=SURFACE_SIDE_STYLE('',(#106330));
#106350=SURFACE_STYLE_USAGE(.BOTH.,#106340);
#106360=PRESENTATION_STYLE_ASSIGNMENT((#106350));
#106370=CARTESIAN_POINT('',(-3.4090488301517780E+01,
   2.1786376124790618E+01,1.6699999999999999E+01));
#106380=DIRECTION('',(7.0710678118654535E-01,-7.0710678118654968E-01,
   0.0000000000000000E+00));
#106390=DIRECTION('',(-7.0710678118654968E-01,-7.0710678118654535E-01,
   0.0000000000000000E+00));
#106400=AXIS2_PLACEMENT_3D('',#106370,#106380,#106390);
#106410=PLANE('',#106400);
#106420=ORIENTED_EDGE('',*,*,#101050,.F.);
#106430=CARTESIAN_POINT('',(-3.4955488301517804E+01,
   2.0921376124790608E+01,1.4000000000000000E+01));
#106440=DIRECTION('',(0.0000000000000000E+00,0.0000000000000000E+00,
   1.0000000000000000E+00));
#106450=VECTOR('',#106440,1.0000000000000000E+00);
#106460=LINE('',#106430,#106450);
#106470=EDGE_CURVE('',#28080,#100950,#106460,.T.);
#106480=ORIENTED_EDGE('',*,*,#106470,.T.);
#106490=ORIENTED_EDGE('',*,*,#28090,.F.);
#106500=ORIENTED_EDGE('',*,*,#63950,.F.);
#106510=ORIENTED_EDGE('',*,*,#81880,.F.);
#106520=ORIENTED_EDGE('',*,*,#82200,.F.);
#106530=CARTESIAN_POINT('',(0.0000000000000000E+00,
   5.5876864426308202E+01,1.8300000000000001E+01));
#106540=DIRECTION('',(7.0710678118654968E-01,7.0710678118654535E-01,
   0.0000000000000000E+00));
#106550=VECTOR('',#106540,1.0000000000000000E+00);
#106560=LINE('',#106530,#106550);
#106570=CARTESIAN_POINT('',(-3.4090488301517780E+01,
   2.1786376124790618E+01,1.8300000000000001E+01));
#106580=VERTEX_POINT('',#106570);
#106590=EDGE_CURVE('',#106580,#82110,#106560,.T.);
#106600=ORIENTED_EDGE('',*,*,#106590,.T.);
#106610=CARTESIAN_POINT('',(-3.3290488301517804E+01,
   2.2586376124790586E+01,1.7500000000000000E+01));
#106620=DIRECTION('',(-5.7735026918962440E-01,-5.7735026918962096E-01,
   5.7735026918963195E-01));
#106630=VECTOR('',#106620,1.0000000000000000E+00);
#106640=LINE('',#106610,#106630);
#106650=EDGE_CURVE('',#106580,#101040,#106640,.T.);
#106660=ORIENTED_EDGE('',*,*,#106650,.F.);
#106670=EDGE_LOOP('',(#106660,#106600,#106520,#106510,#106500,#106490,
   #106480,#106420));
#106680=FACE_OUTER_BOUND('',#106670,.T.);
#106690=ADVANCED_FACE('',(#106680),#106410,.F.);
#106700=COLOUR_RGB('',5.0196081399917603E-01,1.0000000000000000E+00,
   5.0196081399917603E-01);
#106710=FILL_AREA_STYLE_COLOUR('',#106700);
#106720=FILL_AREA_STYLE('',(#106710));
#106730=SURFACE_STYLE_FILL_AREA(#106720);
#106740=SURFACE_SIDE_STYLE('',(#106730));
#106750=SURFACE_STYLE_USAGE(.BOTH.,#106740);
#106760=PRESENTATION_STYLE_ASSIGNMENT((#106750));
#106770=CARTESIAN_POINT('',(-3.4090488301517794E+01,
   2.2071376124790600E+01,1.8299999999999997E+01));
#106780=DIRECTION('',(7.0710678118655212E-01,-0.0000000000000000E+00,
   7.0710678118654302E-01));
#106790=DIRECTION('',(7.0710678118654302E-01,0.0000000000000000E+00,
   -7.0710678118655212E-01));
#106800=AXIS2_PLACEMENT_3D('',#106770,#106780,#106790);
#106810=PLANE('',#106800);
#106820=CARTESIAN_POINT('',(-2.7422569806281842E+01,
   0.0000000000000000E+00,1.1632081504763953E+01));
#106830=DIRECTION('',(2.5056280708574147E-01,-9.3511312653102330E-01,
   -2.5056280708574469E-01));
#106840=VECTOR('',#106830,1.0000000000000000E+00);
#106850=LINE('',#106820,#106840);
#106860=CARTESIAN_POINT('',(-3.4090488301517780E+01,
   2.4885010604947620E+01,1.8300000000000001E+01));
#106870=VERTEX_POINT('',#106860);
#106880=EDGE_CURVE('',#83260,#106870,#106850,.T.);
#106890=ORIENTED_EDGE('',*,*,#106880,.T.);
#106900=ORIENTED_EDGE('',*,*,#83290,.F.);
#106910=ORIENTED_EDGE('',*,*,#95220,.T.);
#106920=ORIENTED_EDGE('',*,*,#101110,.F.);
#106930=ORIENTED_EDGE('',*,*,#106650,.T.);
#106940=CARTESIAN_POINT('',(-3.4090488301517780E+01,
   0.0000000000000000E+00,1.8300000000000001E+01));
#106950=DIRECTION('',(0.0000000000000000E+00,1.0000000000000000E+00,
   0.0000000000000000E+00));
#106960=VECTOR('',#106950,1.0000000000000000E+00);
#106970=LINE('',#106940,#106960);
#106980=EDGE_CURVE('',#106580,#106870,#106970,.T.);
#106990=ORIENTED_EDGE('',*,*,#106980,.F.);
#107000=EDGE_LOOP('',(#106990,#106930,#106920,#106910,#106900,#106890));
#107010=FACE_OUTER_BOUND('',#107000,.T.);
#107020=ADVANCED_FACE('',(#107010),#106810,.F.);
#107030=COLOUR_RGB('',5.0196081399917603E-01,1.0000000000000000E+00,
   5.0196081399917603E-01);
#107040=FILL_AREA_STYLE_COLOUR('',#107030);
#107050=FILL_AREA_STYLE('',(#107040));
#107060=SURFACE_STYLE_FILL_AREA(#107050);
#107070=SURFACE_SIDE_STYLE('',(#107060));
#107080=SURFACE_STYLE_USAGE(.BOTH.,#107070);
#107090=PRESENTATION_STYLE_ASSIGNMENT((#107080));
#107100=CARTESIAN_POINT('',(-3.3520488301517801E+01,
   2.2071376124790600E+01,1.7500000000000000E+01));
#107110=DIRECTION('',(1.0000000000000000E+00,0.0000000000000000E+00,
   0.0000000000000000E+00));
#107120=DIRECTION('',(0.0000000000000000E+00,-1.0000000000000000E+00,
   0.0000000000000000E+00));
#107130=AXIS2_PLACEMENT_3D('',#107100,#107110,#107120);
#107140=PLANE('',#107130);
#107150=ORIENTED_EDGE('',*,*,#81740,.T.);
#107160=ORIENTED_EDGE('',*,*,#82960,.T.);
#107170=CARTESIAN_POINT('',(-3.3520488301517801E+01,
   2.3821376124790600E+01,1.8300000000000001E+01));
#107180=DIRECTION('',(0.0000000000000000E+00,-1.0000000000000000E+00,
   0.0000000000000000E+00));
#107190=VECTOR('',#107180,1.0000000000000000E+00);
#107200=LINE('',#107170,#107190);
#107210=EDGE_CURVE('',#82890,#82130,#107200,.T.);
#107220=ORIENTED_EDGE('',*,*,#107210,.F.);
#107230=ORIENTED_EDGE('',*,*,#82270,.T.);
#107240=EDGE_LOOP('',(#107230,#107220,#107160,#107150));
#107250=FACE_OUTER_BOUND('',#107240,.T.);
#107260=ADVANCED_FACE('',(#107250),#107140,.F.);
#107270=COLOUR_RGB('',5.0196081399917603E-01,1.0000000000000000E+00,
   5.0196081399917603E-01);
#107280=FILL_AREA_STYLE_COLOUR('',#107270);
#107290=FILL_AREA_STYLE('',(#107280));
#107300=SURFACE_STYLE_FILL_AREA(#107290);
#107310=SURFACE_SIDE_STYLE('',(#107300));
#107320=SURFACE_STYLE_USAGE(.BOTH.,#107310);
#107330=PRESENTATION_STYLE_ASSIGNMENT((#107320));
#107340=CARTESIAN_POINT('',(-3.4997595082704343E+01,
   2.2071376124790600E+01,2.0000000000000000E+01));
#107350=DIRECTION('',(0.0000000000000000E+00,-1.0000000000000000E+00,
   0.0000000000000000E+00));
#107360=DIRECTION('',(1.0000000000000000E+00,0.0000000000000000E+00,
   0.0000000000000000E+00));
#107370=AXIS2_PLACEMENT_3D('',#107340,#107350,#107360);
#107380=CYLINDRICAL_SURFACE('',#107370,5.0000000000000000E-01);
#107390=ORIENTED_EDGE('',*,*,#105560,.F.);
#107400=ORIENTED_EDGE('',*,*,#100470,.T.);
#107410=CARTESIAN_POINT('',(-3.4955488301517804E+01,
   2.2071376124790600E+01,1.9501776135679844E+01));
#107420=DIRECTION('',(0.0000000000000000E+00,-1.0000000000000000E+00,
   0.0000000000000000E+00));
#107430=VECTOR('',#107420,1.0000000000000000E+00);
#107440=LINE('',#107410,#107430);
#107450=EDGE_CURVE('',#99420,#100370,#107440,.T.);
#107460=ORIENTED_EDGE('',*,*,#107450,.T.);
#107470=ORIENTED_EDGE('',*,*,#99430,.F.);
#107480=EDGE_LOOP('',(#107470,#107460,#107400,#107390));
#107490=FACE_OUTER_BOUND('',#107480,.T.);
#107500=ADVANCED_FACE('',(#107490),#107380,.F.);
#107510=COLOUR_RGB('',5.0196081399917603E-01,1.0000000000000000E+00,
   5.0196081399917603E-01);
#107520=FILL_AREA_STYLE_COLOUR('',#107510);
#107530=FILL_AREA_STYLE('',(#107520));
#107540=SURFACE_STYLE_FILL_AREA(#107530);
#107550=SURFACE_SIDE_STYLE('',(#107540));
#107560=SURFACE_STYLE_USAGE(.BOTH.,#107550);
#107570=PRESENTATION_STYLE_ASSIGNMENT((#107560));
#107580=CARTESIAN_POINT('',(0.0000000000000000E+00,
   0.0000000000000000E+00,1.8300000000000001E+01));
#107590=DIRECTION('',(0.0000000000000000E+00,0.0000000000000000E+00,
   1.0000000000000000E+00));
#107600=DIRECTION('',(1.0000000000000000E+00,0.0000000000000000E+00,
   0.0000000000000000E+00));
#107610=AXIS2_PLACEMENT_3D('',#107580,#107590,#107600);
#107620=PLANE('',#107610);
#107630=ORIENTED_EDGE('',*,*,#106590,.F.);
#107640=ORIENTED_EDGE('',*,*,#82140,.F.);
#107650=ORIENTED_EDGE('',*,*,#107210,.T.);
#107660=ORIENTED_EDGE('',*,*,#82900,.T.);
#107670=CARTESIAN_POINT('',(-3.3805488301517798E+01,
   2.3821376124790600E+01,1.8300000000000001E+01));
#107680=DIRECTION('',(-2.5881904510253184E-01,9.6592582628906531E-01,
   0.0000000000000000E+00));
#107690=VECTOR('',#107680,1.0000000000000000E+00);
#107700=LINE('',#107670,#107690);
#107710=EDGE_CURVE('',#82870,#106870,#107700,.T.);
#107720=ORIENTED_EDGE('',*,*,#107710,.F.);
#107730=ORIENTED_EDGE('',*,*,#106980,.T.);
#107740=EDGE_LOOP('',(#107730,#107720,#107660,#107650,#107640,#107630));
#107750=FACE_OUTER_BOUND('',#107740,.T.);
#107760=ADVANCED_FACE('',(#107750),#107620,.F.);
#107770=COLOUR_RGB('',5.0196081399917603E-01,1.0000000000000000E+00,
   5.0196081399917603E-01);
#107780=FILL_AREA_STYLE_COLOUR('',#107770);
#107790=FILL_AREA_STYLE('',(#107780));
#107800=SURFACE_STYLE_FILL_AREA(#107790);
#107810=SURFACE_SIDE_STYLE('',(#107800));
#107820=SURFACE_STYLE_USAGE(.BOTH.,#107810);
#107830=PRESENTATION_STYLE_ASSIGNMENT((#107820));
#107840=CARTESIAN_POINT('',(-3.4617870503397079E+01,
   2.4921376124790601E+01,2.3699999999999999E+01));
#107850=DIRECTION('',(0.0000000000000000E+00,0.0000000000000000E+00,
   1.0000000000000000E+00));
#107860=DIRECTION('',(1.0000000000000000E+00,0.0000000000000000E+00,
   0.0000000000000000E+00));
#107870=AXIS2_PLACEMENT_3D('',#107840,#107850,#107860);
#107880=CYLINDRICAL_SURFACE('',#107870,4.9999999999998912E-01);
#107890=ORIENTED_EDGE('',*,*,#101880,.T.);
#107900=CARTESIAN_POINT('',(-3.4134907590252553E+01,
   2.5050785647341851E+01,2.3699999999999999E+01));
#107910=DIRECTION('',(0.0000000000000000E+00,0.0000000000000000E+00,
   -1.0000000000000000E+00));
#107920=VECTOR('',#107910,1.0000000000000000E+00);
#107930=LINE('',#107900,#107920);
#107940=EDGE_CURVE('',#101760,#95940,#107930,.T.);
#107950=ORIENTED_EDGE('',*,*,#107940,.F.);
#107960=ORIENTED_EDGE('',*,*,#95950,.T.);
#107970=CARTESIAN_POINT('',(-3.4617870503397079E+01,
   2.5421376124790594E+01,2.3699999999999999E+01));
#107980=DIRECTION('',(0.0000000000000000E+00,0.0000000000000000E+00,
   1.0000000000000000E+00));
#107990=VECTOR('',#107980,1.0000000000000000E+00);
#108000=LINE('',#107970,#107990);
#108010=EDGE_CURVE('',#95830,#101870,#108000,.T.);
#108020=ORIENTED_EDGE('',*,*,#108010,.F.);
#108030=EDGE_LOOP('',(#108020,#107960,#107950,#107890));
#108040=FACE_OUTER_BOUND('',#108030,.T.);
#108050=ADVANCED_FACE('',(#108040),#107880,.F.);
#108060=COLOUR_RGB('',5.0196081399917603E-01,1.0000000000000000E+00,
   5.0196081399917603E-01);
#108070=FILL_AREA_STYLE_COLOUR('',#108060);
#108080=FILL_AREA_STYLE('',(#108070));
#108090=SURFACE_STYLE_FILL_AREA(#108080);
#108100=SURFACE_SIDE_STYLE('',(#108090));
#108110=SURFACE_STYLE_USAGE(.BOTH.,#108100);
#108120=PRESENTATION_STYLE_ASSIGNMENT((#108110));
#108130=CARTESIAN_POINT('',(-3.4134907590252553E+01,
   2.5050785647341851E+01,1.6699999999999999E+01));
#108140=DIRECTION('',(9.6592582628906531E-01,2.5881904510253184E-01,
   0.0000000000000000E+00));
#108150=DIRECTION('',(2.5881904510253184E-01,-9.6592582628906531E-01,
   0.0000000000000000E+00));
#108160=AXIS2_PLACEMENT_3D('',#108130,#108140,#108150);
#108170=PLANE('',#108160);
#108180=ORIENTED_EDGE('',*,*,#107710,.T.);
#108190=ORIENTED_EDGE('',*,*,#83030,.F.);
#108200=ORIENTED_EDGE('',*,*,#81580,.F.);
#108210=ORIENTED_EDGE('',*,*,#63810,.F.);
#108220=ORIENTED_EDGE('',*,*,#83350,.T.);
#108230=ORIENTED_EDGE('',*,*,#106880,.F.);
#108240=EDGE_LOOP('',(#108230,#108220,#108210,#108200,#108190,#108180));
#108250=FACE_OUTER_BOUND('',#108240,.T.);
#108260=ADVANCED_FACE('',(#108250),#108170,.F.);
#108270=COLOUR_RGB('',5.0196081399917603E-01,1.0000000000000000E+00,
   5.0196081399917603E-01);
#108280=FILL_AREA_STYLE_COLOUR('',#108270);
#108290=FILL_AREA_STYLE('',(#108280));
#108300=SURFACE_STYLE_FILL_AREA(#108290);
#108310=SURFACE_SIDE_STYLE('',(#108300));
#108320=SURFACE_STYLE_USAGE(.BOTH.,#108310);
#108330=PRESENTATION_STYLE_ASSIGNMENT((#108320));
#108340=CARTESIAN_POINT('',(-3.4177964823400686E+01,
   2.4029245874728044E+01,2.3699999999999999E+01));
#108350=DIRECTION('',(0.0000000000000000E+00,0.0000000000000000E+00,
   1.0000000000000000E+00));
#108360=DIRECTION('',(1.0000000000000000E+00,0.0000000000000000E+00,
   0.0000000000000000E+00));
#108370=AXIS2_PLACEMENT_3D('',#108340,#108350,#108360);
#108380=PLANE('',#108370);
#108390=CARTESIAN_POINT('',(-3.3805488301517798E+01,
   2.3821376124790600E+01,2.3699999999999999E+01));
#108400=DIRECTION('',(-2.5881904510253184E-01,9.6592582628906531E-01,
   0.0000000000000000E+00));
#108410=VECTOR('',#108400,1.0000000000000000E+00);
#108420=LINE('',#108390,#108410);
#108430=CARTESIAN_POINT('',(-3.3805488301517798E+01,
   2.3821376124790600E+01,2.3699999999999999E+01));
#108440=VERTEX_POINT('',#108430);
#108450=EDGE_CURVE('',#108440,#96020,#108420,.T.);
#108460=ORIENTED_EDGE('',*,*,#108450,.T.);
#108470=CARTESIAN_POINT('',(-3.3805488301517798E+01,
   2.3821376124790600E+01,2.3699999999999999E+01));
#108480=DIRECTION('',(1.0000000000000000E+00,0.0000000000000000E+00,
   0.0000000000000000E+00));
#108490=VECTOR('',#108480,1.0000000000000000E+00);
#108500=LINE('',#108470,#108490);
#108510=CARTESIAN_POINT('',(-3.3520488301517801E+01,
   2.3821376124790600E+01,2.3699999999999999E+01));
#108520=VERTEX_POINT('',#108510);
#108530=EDGE_CURVE('',#108440,#108520,#108500,.T.);
#108540=ORIENTED_EDGE('',*,*,#108530,.F.);
#108550=CARTESIAN_POINT('',(-3.3520488301517801E+01,
   2.3821376124790600E+01,2.3699999999999999E+01));
#108560=DIRECTION('',(0.0000000000000000E+00,-1.0000000000000000E+00,
   0.0000000000000000E+00));
#108570=VECTOR('',#108560,1.0000000000000000E+00);
#108580=LINE('',#108550,#108570);
#108590=EDGE_CURVE('',#108520,#105870,#108580,.T.);
#108600=ORIENTED_EDGE('',*,*,#108590,.F.);
#108610=ORIENTED_EDGE('',*,*,#105880,.T.);
#108620=ORIENTED_EDGE('',*,*,#92040,.T.);
#108630=ORIENTED_EDGE('',*,*,#96090,.F.);
#108640=EDGE_LOOP('',(#108630,#108620,#108610,#108600,#108540,#108460));
#108650=FACE_OUTER_BOUND('',#108640,.T.);
#108660=ADVANCED_FACE('',(#108650),#108380,.T.);
#108670=COLOUR_RGB('',5.0196081399917603E-01,1.0000000000000000E+00,
   5.0196081399917603E-01);
#108680=FILL_AREA_STYLE_COLOUR('',#108670);
#108690=FILL_AREA_STYLE('',(#108680));
#108700=SURFACE_STYLE_FILL_AREA(#108690);
#108710=SURFACE_SIDE_STYLE('',(#108700));
#108720=SURFACE_STYLE_USAGE(.BOTH.,#108710);
#108730=PRESENTATION_STYLE_ASSIGNMENT((#108720));
#108740=CARTESIAN_POINT('',(-3.3520488301517801E+01,
   2.2071376124790600E+01,2.4500000000000000E+01));
#108750=DIRECTION('',(1.0000000000000000E+00,0.0000000000000000E+00,
   0.0000000000000000E+00));
#108760=DIRECTION('',(0.0000000000000000E+00,-1.0000000000000000E+00,
   0.0000000000000000E+00));
#108770=AXIS2_PLACEMENT_3D('',#108740,#108750,#108760);
#108780=PLANE('',#108770);
#108790=CARTESIAN_POINT('',(-3.3520488301517801E+01,
   2.3821376124790600E+01,2.5300000000000001E+01));
#108800=DIRECTION('',(0.0000000000000000E+00,-1.0000000000000000E+00,
   0.0000000000000000E+00));
#108810=VECTOR('',#108800,1.0000000000000000E+00);
#108820=LINE('',#108790,#108810);
#108830=CARTESIAN_POINT('',(-3.3520488301517801E+01,
   2.3821376124790600E+01,2.5300000000000001E+01));
#108840=VERTEX_POINT('',#108830);
#108850=EDGE_CURVE('',#108840,#105780,#108820,.T.);
#108860=ORIENTED_EDGE('',*,*,#108850,.F.);
#108870=ORIENTED_EDGE('',*,*,#105940,.T.);
#108880=ORIENTED_EDGE('',*,*,#108590,.T.);
#108890=CARTESIAN_POINT('',(-3.3520488301517801E+01,
   2.3821376124790600E+01,2.4500000000000000E+01));
#108900=DIRECTION('',(0.0000000000000000E+00,0.0000000000000000E+00,
   -1.0000000000000000E+00));
#108910=VECTOR('',#108900,1.0000000000000000E+00);
#108920=LINE('',#108890,#108910);
#108930=EDGE_CURVE('',#108840,#108520,#108920,.T.);
#108940=ORIENTED_EDGE('',*,*,#108930,.T.);
#108950=EDGE_LOOP('',(#108940,#108880,#108870,#108860));
#108960=FACE_OUTER_BOUND('',#108950,.T.);
#108970=ADVANCED_FACE('',(#108960),#108780,.F.);
#108980=COLOUR_RGB('',5.0196081399917603E-01,1.0000000000000000E+00,
   5.0196081399917603E-01);
#108990=FILL_AREA_STYLE_COLOUR('',#108980);
#109000=FILL_AREA_STYLE('',(#108990));
#109010=SURFACE_STYLE_FILL_AREA(#109000);
#109020=SURFACE_SIDE_STYLE('',(#109010));
#109030=SURFACE_STYLE_USAGE(.BOTH.,#109020);
#109040=PRESENTATION_STYLE_ASSIGNMENT((#109030));
#109050=CARTESIAN_POINT('',(-3.2611490150567121E+01,
   2.8001376124790593E+01,2.3788972897781235E+01));
#109060=VERTEX_POINT('',#109050);
#109070=EDGE_CURVE('',#109060,#70010,#69990,.T.);
#109080=ORIENTED_EDGE('',*,*,#109070,.T.);
#109090=CARTESIAN_POINT('',(-3.1405488301517792E+01,
   2.8001376124790593E+01,2.4500000000000000E+01));
#109100=DIRECTION('',(0.0000000000000000E+00,1.0000000000000000E+00,
   0.0000000000000000E+00));
#109110=DIRECTION('',(-1.0000000000000000E+00,0.0000000000000000E+00,
   0.0000000000000000E+00));
#109120=AXIS2_PLACEMENT_3D('',#109090,#109100,#109110);
#109130=CIRCLE('',#109120,1.3999999999999999E+00);
#109140=EDGE_CURVE('',#86310,#109060,#109130,.T.);
#109150=ORIENTED_EDGE('',*,*,#109140,.T.);
#109160=ORIENTED_EDGE('',*,*,#86320,.T.);
#109170=ORIENTED_EDGE('',*,*,#70130,.T.);
#109180=EDGE_LOOP('',(#109170,#109160,#109150,#109080));
#109190=FACE_OUTER_BOUND('',#109180,.T.);
#109200=ADVANCED_FACE('',(#109190),#69950,.T.);
#109210=COLOUR_RGB('',9.4901967048645020E-01,9.4901967048645020E-01,
   1.0000000000000000E+00);
#109220=FILL_AREA_STYLE_COLOUR('',#109210);
#109230=FILL_AREA_STYLE('',(#109220));
#109240=SURFACE_STYLE_FILL_AREA(#109230);
#109250=SURFACE_SIDE_STYLE('',(#109240));
#109260=SURFACE_STYLE_USAGE(.BOTH.,#109250);
#109270=PRESENTATION_STYLE_ASSIGNMENT((#109260));
#109280=CARTESIAN_POINT('',(-3.1405488301517792E+01,
   2.7145319094080318E+01,2.4500000000000000E+01));
#109290=DIRECTION('',(0.0000000000000000E+00,1.0000000000000000E+00,
   0.0000000000000000E+00));
#109300=DIRECTION('',(-1.0000000000000000E+00,0.0000000000000000E+00,
   0.0000000000000000E+00));
#109310=AXIS2_PLACEMENT_3D('',#109280,#109290,#109300);
#109320=CYLINDRICAL_SURFACE('',#109310,1.3999999999999999E+00);
#109330=CARTESIAN_POINT('',(-3.0005488301517794E+01,
   2.7145319094080318E+01,2.4500000000000000E+01));
#109340=DIRECTION('',(0.0000000000000000E+00,1.0000000000000000E+00,
   0.0000000000000000E+00));
#109350=VECTOR('',#109340,1.0000000000000000E+00);
#109360=LINE('',#109330,#109350);
#109370=CARTESIAN_POINT('',(-3.0005488301517794E+01,
   2.7601376124790601E+01,2.4500000000000000E+01));
#109380=VERTEX_POINT('',#109370);
#109390=CARTESIAN_POINT('',(-3.0005488301517794E+01,
   2.8601376124790601E+01,2.4500000000000000E+01));
#109400=VERTEX_POINT('',#109390);
#109410=EDGE_CURVE('',#109380,#109400,#109360,.T.);
#109420=ORIENTED_EDGE('',*,*,#109410,.F.);
#109430=CARTESIAN_POINT('',(-3.1405488301517792E+01,
   2.8601376124790601E+01,2.4500000000000000E+01));
#109440=DIRECTION('',(0.0000000000000000E+00,1.0000000000000000E+00,
   0.0000000000000000E+00));
#109450=DIRECTION('',(-1.0000000000000000E+00,0.0000000000000000E+00,
   0.0000000000000000E+00));
#109460=AXIS2_PLACEMENT_3D('',#109430,#109440,#109450);
#109470=CIRCLE('',#109460,1.3999999999999999E+00);
#109480=EDGE_CURVE('',#109400,#86390,#109470,.T.);
#109490=ORIENTED_EDGE('',*,*,#109480,.F.);
#109500=ORIENTED_EDGE('',*,*,#86400,.T.);
#109510=ORIENTED_EDGE('',*,*,#109140,.F.);
#109520=CARTESIAN_POINT('',(-3.2611490150567114E+01,
   2.7145319094080318E+01,2.3788972897781235E+01));
#109530=DIRECTION('',(0.0000000000000000E+00,1.0000000000000000E+00,
   0.0000000000000000E+00));
#109540=VECTOR('',#109530,1.0000000000000000E+00);
#109550=LINE('',#109520,#109540);
#109560=EDGE_CURVE('',#109060,#96620,#109550,.T.);
#109570=ORIENTED_EDGE('',*,*,#109560,.F.);
#109580=ORIENTED_EDGE('',*,*,#96630,.F.);
#109590=CARTESIAN_POINT('',(-3.2805488301517791E+01,
   2.7145319094080318E+01,2.4500000000000000E+01));
#109600=DIRECTION('',(0.0000000000000000E+00,1.0000000000000000E+00,
   0.0000000000000000E+00));
#109610=VECTOR('',#109600,1.0000000000000000E+00);
#109620=LINE('',#109590,#109610);
#109630=CARTESIAN_POINT('',(-3.2805488301517791E+01,
   2.7601376124790601E+01,2.4500000000000000E+01));
#109640=VERTEX_POINT('',#109630);
#109650=EDGE_CURVE('',#109640,#96580,#109620,.T.);
#109660=ORIENTED_EDGE('',*,*,#109650,.T.);
#109670=CARTESIAN_POINT('',(-3.1405488301517792E+01,
   2.7601376124790601E+01,2.4500000000000000E+01));
#109680=DIRECTION('',(0.0000000000000000E+00,1.0000000000000000E+00,
   0.0000000000000000E+00));
#109690=DIRECTION('',(-1.0000000000000000E+00,0.0000000000000000E+00,
   0.0000000000000000E+00));
#109700=AXIS2_PLACEMENT_3D('',#109670,#109680,#109690);
#109710=CIRCLE('',#109700,1.3999999999999999E+00);
#109720=EDGE_CURVE('',#109380,#109640,#109710,.T.);
#109730=ORIENTED_EDGE('',*,*,#109720,.T.);
#109740=EDGE_LOOP('',(#109730,#109660,#109580,#109570,#109510,#109500,
   #109490,#109420));
#109750=FACE_OUTER_BOUND('',#109740,.T.);
#109760=ADVANCED_FACE('',(#109750),#109320,.T.);
#109770=COLOUR_RGB('',9.4901967048645020E-01,9.4901967048645020E-01,
   1.0000000000000000E+00);
#109780=FILL_AREA_STYLE_COLOUR('',#109770);
#109790=FILL_AREA_STYLE('',(#109780));
#109800=SURFACE_STYLE_FILL_AREA(#109790);
#109810=SURFACE_SIDE_STYLE('',(#109800));
#109820=SURFACE_STYLE_USAGE(.BOTH.,#109810);
#109830=PRESENTATION_STYLE_ASSIGNMENT((#109820));
#109840=CARTESIAN_POINT('',(-3.3520488301517801E+01,
   2.3821376124790600E+01,2.4500000000000000E+01));
#109850=DIRECTION('',(-0.0000000000000000E+00,1.0000000000000000E+00,
   0.0000000000000000E+00));
#109860=DIRECTION('',(1.0000000000000000E+00,0.0000000000000000E+00,
   0.0000000000000000E+00));
#109870=AXIS2_PLACEMENT_3D('',#109840,#109850,#109860);
#109880=PLANE('',#109870);
#109890=ORIENTED_EDGE('',*,*,#108530,.T.);
#109900=CARTESIAN_POINT('',(-3.3805488301517798E+01,
   2.3821376124790600E+01,2.1000000000000000E+01));
#109910=DIRECTION('',(0.0000000000000000E+00,0.0000000000000000E+00,
   -1.0000000000000000E+00));
#109920=VECTOR('',#109910,1.0000000000000000E+00);
#109930=LINE('',#109900,#109920);
#109940=CARTESIAN_POINT('',(-3.3805488301517798E+01,
   2.3821376124790600E+01,2.5300000000000001E+01));
#109950=VERTEX_POINT('',#109940);
#109960=EDGE_CURVE('',#109950,#108440,#109930,.T.);
#109970=ORIENTED_EDGE('',*,*,#109960,.T.);
#109980=CARTESIAN_POINT('',(-3.3805488301517798E+01,
   2.3821376124790600E+01,2.5300000000000001E+01));
#109990=DIRECTION('',(1.0000000000000000E+00,0.0000000000000000E+00,
   0.0000000000000000E+00));
#110000=VECTOR('',#109990,1.0000000000000000E+00);
#110010=LINE('',#109980,#110000);
#110020=EDGE_CURVE('',#109950,#108840,#110010,.T.);
#110030=ORIENTED_EDGE('',*,*,#110020,.F.);
#110040=ORIENTED_EDGE('',*,*,#108930,.F.);
#110050=EDGE_LOOP('',(#110040,#110030,#109970,#109890));
#110060=FACE_OUTER_BOUND('',#110050,.T.);
#110070=ADVANCED_FACE('',(#110060),#109880,.F.);
#110080=COLOUR_RGB('',5.0196081399917603E-01,1.0000000000000000E+00,
   5.0196081399917603E-01);
#110090=FILL_AREA_STYLE_COLOUR('',#110080);
#110100=FILL_AREA_STYLE('',(#110090));
#110110=SURFACE_STYLE_FILL_AREA(#110100);
#110120=SURFACE_SIDE_STYLE('',(#110110));
#110130=SURFACE_STYLE_USAGE(.BOTH.,#110120);
#110140=PRESENTATION_STYLE_ASSIGNMENT((#110130));
#110150=CARTESIAN_POINT('',(0.0000000000000000E+00,
   0.0000000000000000E+00,2.5300000000000001E+01));
#110160=DIRECTION('',(0.0000000000000000E+00,0.0000000000000000E+00,
   1.0000000000000000E+00));
#110170=DIRECTION('',(1.0000000000000000E+00,0.0000000000000000E+00,
   0.0000000000000000E+00));
#110180=AXIS2_PLACEMENT_3D('',#110150,#110160,#110170);
#110190=PLANE('',#110180);
#110200=CARTESIAN_POINT('',(-3.3805488301517798E+01,
   2.3821376124790600E+01,2.5300000000000001E+01));
#110210=DIRECTION('',(-2.5881904510253184E-01,9.6592582628906531E-01,
   0.0000000000000000E+00));
#110220=VECTOR('',#110210,1.0000000000000000E+00);
#110230=LINE('',#110200,#110220);
#110240=EDGE_CURVE('',#109950,#101780,#110230,.T.);
#110250=ORIENTED_EDGE('',*,*,#110240,.F.);
#110260=ORIENTED_EDGE('',*,*,#102090,.T.);
#110270=ORIENTED_EDGE('',*,*,#92200,.F.);
#110280=ORIENTED_EDGE('',*,*,#105790,.F.);
#110290=ORIENTED_EDGE('',*,*,#108850,.T.);
#110300=ORIENTED_EDGE('',*,*,#110020,.T.);
#110310=EDGE_LOOP('',(#110300,#110290,#110280,#110270,#110260,#110250));
#110320=FACE_OUTER_BOUND('',#110310,.T.);
#110330=ADVANCED_FACE('',(#110320),#110190,.F.);
#110340=COLOUR_RGB('',5.0196081399917603E-01,1.0000000000000000E+00,
   5.0196081399917603E-01);
#110350=FILL_AREA_STYLE_COLOUR('',#110340);
#110360=FILL_AREA_STYLE('',(#110350));
#110370=SURFACE_STYLE_FILL_AREA(#110360);
#110380=SURFACE_SIDE_STYLE('',(#110370));
#110390=SURFACE_STYLE_USAGE(.BOTH.,#110380);
#110400=PRESENTATION_STYLE_ASSIGNMENT((#110390));
#110410=CARTESIAN_POINT('',(-3.4997595082704343E+01,
   2.2071376124790600E+01,2.5500000000000000E+01));
#110420=DIRECTION('',(0.0000000000000000E+00,-1.0000000000000000E+00,
   0.0000000000000000E+00));
#110430=DIRECTION('',(1.0000000000000000E+00,0.0000000000000000E+00,
   0.0000000000000000E+00));
#110440=AXIS2_PLACEMENT_3D('',#110410,#110420,#110430);
#110450=CYLINDRICAL_SURFACE('',#110440,5.0000000000000400E-01);
#110460=CARTESIAN_POINT('',(-3.4997595082704343E+01,
   2.5421376124790601E+01,2.5500000000000000E+01));
#110470=DIRECTION('',(0.0000000000000000E+00,-1.0000000000000000E+00,
   0.0000000000000000E+00));
#110480=DIRECTION('',(1.0000000000000000E+00,0.0000000000000000E+00,
   0.0000000000000000E+00));
#110490=AXIS2_PLACEMENT_3D('',#110460,#110470,#110480);
#110500=CIRCLE('',#110490,5.0000000000000400E-01);
#110510=CARTESIAN_POINT('',(-3.4955488301517804E+01,
   2.5421376124790601E+01,2.5998223864320160E+01));
#110520=VERTEX_POINT('',#110510);
#110530=EDGE_CURVE('',#101950,#110520,#110500,.T.);
#110540=ORIENTED_EDGE('',*,*,#110530,.F.);
#110550=CARTESIAN_POINT('',(-3.4955488301517804E+01,
   2.2071376124790600E+01,2.5998223864320160E+01));
#110560=DIRECTION('',(0.0000000000000000E+00,-1.0000000000000000E+00,
   0.0000000000000000E+00));
#110570=VECTOR('',#110560,1.0000000000000000E+00);
#110580=LINE('',#110550,#110570);
#110590=EDGE_CURVE('',#110520,#92360,#110580,.T.);
#110600=ORIENTED_EDGE('',*,*,#110590,.F.);
#110610=ORIENTED_EDGE('',*,*,#92370,.T.);
#110620=ORIENTED_EDGE('',*,*,#102020,.T.);
#110630=EDGE_LOOP('',(#110620,#110610,#110600,#110540));
#110640=FACE_OUTER_BOUND('',#110630,.T.);
#110650=ADVANCED_FACE('',(#110640),#110450,.F.);
#110660=COLOUR_RGB('',5.0196081399917603E-01,1.0000000000000000E+00,
   5.0196081399917603E-01);
#110670=FILL_AREA_STYLE_COLOUR('',#110660);
#110680=FILL_AREA_STYLE('',(#110670));
#110690=SURFACE_STYLE_FILL_AREA(#110680);
#110700=SURFACE_SIDE_STYLE('',(#110690));
#110710=SURFACE_STYLE_USAGE(.BOTH.,#110700);
#110720=PRESENTATION_STYLE_ASSIGNMENT((#110710));
#110730=CARTESIAN_POINT('',(-3.0780488301517799E+01,
   2.7601376124790601E+01,2.4500000000000000E+01));
#110740=DIRECTION('',(-0.0000000000000000E+00,1.0000000000000000E+00,
   0.0000000000000000E+00));
#110750=DIRECTION('',(1.0000000000000000E+00,0.0000000000000000E+00,
   0.0000000000000000E+00));
#110760=AXIS2_PLACEMENT_3D('',#110730,#110740,#110750);
#110770=PLANE('',#110760);
#110780=CARTESIAN_POINT('',(-3.1405488301517799E+01,
   2.7601376124790601E+01,2.4500000000000000E+01));
#110790=DIRECTION('',(0.0000000000000000E+00,-1.0000000000000000E+00,
   0.0000000000000000E+00));
#110800=DIRECTION('',(-1.0000000000000000E+00,0.0000000000000000E+00,
   0.0000000000000000E+00));
#110810=AXIS2_PLACEMENT_3D('',#110780,#110790,#110800);
#110820=CIRCLE('',#110810,1.4499999999999993E+00);
#110830=CARTESIAN_POINT('',(-3.2855488301517795E+01,
   2.7601376124790601E+01,2.4500000000000000E+01));
#110840=VERTEX_POINT('',#110830);
#110850=CARTESIAN_POINT('',(-2.9955488301517800E+01,
   2.7601376124790601E+01,2.4500000000000000E+01));
#110860=VERTEX_POINT('',#110850);
#110870=EDGE_CURVE('',#110840,#110860,#110820,.T.);
#110880=ORIENTED_EDGE('',*,*,#110870,.F.);
#110890=EDGE_CURVE('',#110860,#110840,#110820,.T.);
#110900=ORIENTED_EDGE('',*,*,#110890,.F.);
#110910=EDGE_LOOP('',(#110900,#110880));
#110920=FACE_OUTER_BOUND('',#110910,.T.);
#110930=EDGE_CURVE('',#109640,#109380,#109710,.T.);
#110940=ORIENTED_EDGE('',*,*,#110930,.F.);
#110950=ORIENTED_EDGE('',*,*,#109720,.F.);
#110960=EDGE_LOOP('',(#110950,#110940));
#110970=FACE_BOUND('',#110960,.T.);
#110980=ADVANCED_FACE('',(#110920,#110970),#110770,.T.);
#110990=COLOUR_RGB('',5.0196081399917603E-01,1.0000000000000000E+00,
   5.0196081399917603E-01);
#111000=FILL_AREA_STYLE_COLOUR('',#110990);
#111010=FILL_AREA_STYLE('',(#111000));
#111020=SURFACE_STYLE_FILL_AREA(#111010);
#111030=SURFACE_SIDE_STYLE('',(#111020));
#111040=SURFACE_STYLE_USAGE(.BOTH.,#111030);
#111050=PRESENTATION_STYLE_ASSIGNMENT((#111040));
#111060=CARTESIAN_POINT('',(-3.4644041692111067E+01,
   2.5421376124790601E+01,2.3699999999999999E+01));
#111070=DIRECTION('',(-0.0000000000000000E+00,1.0000000000000000E+00,
   0.0000000000000000E+00));
#111080=DIRECTION('',(1.0000000000000000E+00,0.0000000000000000E+00,
   0.0000000000000000E+00));
#111090=AXIS2_PLACEMENT_3D('',#111060,#111070,#111080);
#111100=PLANE('',#111090);
#111110=ORIENTED_EDGE('',*,*,#110530,.T.);
#111120=ORIENTED_EDGE('',*,*,#101960,.F.);
#111130=ORIENTED_EDGE('',*,*,#108010,.T.);
#111140=ORIENTED_EDGE('',*,*,#95860,.F.);
#111150=CARTESIAN_POINT('',(-3.4997595082704343E+01,
   2.5421376124790601E+01,2.3500000000000000E+01));
#111160=DIRECTION('',(0.0000000000000000E+00,-1.0000000000000000E+00,
   0.0000000000000000E+00));
#111170=DIRECTION('',(1.0000000000000000E+00,0.0000000000000000E+00,
   0.0000000000000000E+00));
#111180=AXIS2_PLACEMENT_3D('',#111150,#111160,#111170);
#111190=CIRCLE('',#111180,5.0000000000000000E-01);
#111200=CARTESIAN_POINT('',(-3.4955488301517804E+01,
   2.5421376124790601E+01,2.3001776135679844E+01));
#111210=VERTEX_POINT('',#111200);
#111220=EDGE_CURVE('',#111210,#95850,#111190,.T.);
#111230=ORIENTED_EDGE('',*,*,#111220,.T.);
#111240=CARTESIAN_POINT('',(-3.4955488301517804E+01,
   2.5421376124790601E+01,2.1000000000000000E+01));
#111250=DIRECTION('',(0.0000000000000000E+00,0.0000000000000000E+00,
   1.0000000000000000E+00));
#111260=VECTOR('',#111250,1.0000000000000000E+00);
#111270=LINE('',#111240,#111260);
#111280=EDGE_CURVE('',#111210,#110520,#111270,.T.);
#111290=ORIENTED_EDGE('',*,*,#111280,.F.);
#111300=EDGE_LOOP('',(#111290,#111230,#111140,#111130,#111120,#111110));
#111310=FACE_OUTER_BOUND('',#111300,.T.);
#111320=ADVANCED_FACE('',(#111310),#111100,.F.);
#111330=COLOUR_RGB('',5.0196081399917603E-01,1.0000000000000000E+00,
   5.0196081399917603E-01);
#111340=FILL_AREA_STYLE_COLOUR('',#111330);
#111350=FILL_AREA_STYLE('',(#111340));
#111360=SURFACE_STYLE_FILL_AREA(#111350);
#111370=SURFACE_SIDE_STYLE('',(#111360));
#111380=SURFACE_STYLE_USAGE(.BOTH.,#111370);
#111390=PRESENTATION_STYLE_ASSIGNMENT((#111380));
#111400=ORIENTED_EDGE('',*,*,#70210,.F.);
#111410=ORIENTED_EDGE('',*,*,#86540,.T.);
#111420=CARTESIAN_POINT('',(-3.0910513554687164E+01,
   2.8601376124790601E+01,2.4500000000000000E+01));
#111430=VERTEX_POINT('',#111420);
#111440=EDGE_CURVE('',#86470,#111430,#86450,.T.);
#111450=ORIENTED_EDGE('',*,*,#111440,.F.);
#111460=CARTESIAN_POINT('',(-3.0910513554687164E+01,
   -2.2653715864353234E+01,2.4500000000000000E+01));
#111470=DIRECTION('',(0.0000000000000000E+00,1.0000000000000000E+00,
   -0.0000000000000000E+00));
#111480=VECTOR('',#111470,1.0000000000000000E+00);
#111490=LINE('',#111460,#111480);
#111500=EDGE_CURVE('',#70200,#111430,#111490,.T.);
#111510=ORIENTED_EDGE('',*,*,#111500,.T.);
#111520=EDGE_LOOP('',(#111510,#111450,#111410,#111400));
#111530=FACE_OUTER_BOUND('',#111520,.T.);
#111540=ADVANCED_FACE('',(#111530),#86290,.T.);
#111550=COLOUR_RGB('',9.4901967048645020E-01,9.4901967048645020E-01,
   1.0000000000000000E+00);
#111560=FILL_AREA_STYLE_COLOUR('',#111550);
#111570=FILL_AREA_STYLE('',(#111560));
#111580=SURFACE_STYLE_FILL_AREA(#111570);
#111590=SURFACE_SIDE_STYLE('',(#111580));
#111600=SURFACE_STYLE_USAGE(.BOTH.,#111590);
#111610=PRESENTATION_STYLE_ASSIGNMENT((#111600));
#111620=CARTESIAN_POINT('',(-3.1158000928102481E+01,
   2.7601376124790594E+01,2.4252512626584682E+01));
#111630=DIRECTION('',(-7.0710678118654746E-01,0.0000000000000000E+00,
   7.0710678118654757E-01));
#111640=DIRECTION('',(0.0000000000000000E+00,1.0000000000000000E+00,
   0.0000000000000000E+00));
#111650=AXIS2_PLACEMENT_3D('',#111620,#111630,#111640);
#111660=PLANE('',#111650);
#111670=EDGE_CURVE('',#90450,#70200,#90530,.T.);
#111680=ORIENTED_EDGE('',*,*,#111670,.F.);
#111690=ORIENTED_EDGE('',*,*,#111500,.F.);
#111700=CARTESIAN_POINT('',(-8.4502159542249785E+01,
   2.8601376124790601E+01,-2.9091645987562615E+01));
#111710=DIRECTION('',(7.0710678118654757E-01,0.0000000000000000E+00,
   7.0710678118654746E-01));
#111720=VECTOR('',#111710,1.0000000000000000E+00);
#111730=LINE('',#111700,#111720);
#111740=CARTESIAN_POINT('',(-3.0814019159547051E+01,
   2.8601376124790601E+01,2.4596494395140116E+01));
#111750=VERTEX_POINT('',#111740);
#111760=EDGE_CURVE('',#111430,#111750,#111730,.T.);
#111770=ORIENTED_EDGE('',*,*,#111760,.F.);
#111780=CARTESIAN_POINT('',(-3.0814019159547051E+01,
   3.9321376124790604E+01,2.4596494395140116E+01));
#111790=DIRECTION('',(0.0000000000000000E+00,-1.0000000000000000E+00,
   0.0000000000000000E+00));
#111800=VECTOR('',#111790,1.0000000000000000E+00);
#111810=LINE('',#111780,#111800);
#111820=EDGE_CURVE('',#111750,#90450,#111810,.T.);
#111830=ORIENTED_EDGE('',*,*,#111820,.F.);
#111840=EDGE_LOOP('',(#111830,#111770,#111690,#111680));
#111850=FACE_OUTER_BOUND('',#111840,.T.);
#111860=ADVANCED_FACE('',(#111850),#111660,.T.);
#111870=COLOUR_RGB('',9.4901967048645020E-01,9.4901967048645020E-01,
   1.0000000000000000E+00);
#111880=FILL_AREA_STYLE_COLOUR('',#111870);
#111890=FILL_AREA_STYLE('',(#111880));
#111900=SURFACE_STYLE_FILL_AREA(#111890);
#111910=SURFACE_SIDE_STYLE('',(#111900));
#111920=SURFACE_STYLE_USAGE(.BOTH.,#111910);
#111930=PRESENTATION_STYLE_ASSIGNMENT((#111920));
#111940=CARTESIAN_POINT('',(-3.1355488301517802E+01,
   2.0821376124790600E+01,2.4500000000000000E+01));
#111950=DIRECTION('',(0.0000000000000000E+00,-1.0000000000000000E+00,
   0.0000000000000000E+00));
#111960=DIRECTION('',(1.0000000000000000E+00,0.0000000000000000E+00,
   0.0000000000000000E+00));
#111970=AXIS2_PLACEMENT_3D('',#111940,#111950,#111960);
#111980=CYLINDRICAL_SURFACE('',#111970,5.5000000000000004E-01);
#111990=CARTESIAN_POINT('',(-3.0805488301517801E+01,
   2.0821376124790600E+01,2.4500000000000000E+01));
#112000=DIRECTION('',(0.0000000000000000E+00,-1.0000000000000000E+00,
   0.0000000000000000E+00));
#112010=VECTOR('',#112000,1.0000000000000000E+00);
#112020=LINE('',#111990,#112010);
#112030=CARTESIAN_POINT('',(-3.0805488301517801E+01,
   2.0321376124790600E+01,2.4500000000000000E+01));
#112040=VERTEX_POINT('',#112030);
#112050=EDGE_CURVE('',#85260,#112040,#112020,.T.);
#112060=ORIENTED_EDGE('',*,*,#112050,.T.);
#112070=ORIENTED_EDGE('',*,*,#85310,.T.);
#112080=CARTESIAN_POINT('',(-3.1905488301517803E+01,
   2.0821376124790600E+01,2.4500000000000000E+01));
#112090=DIRECTION('',(0.0000000000000000E+00,-1.0000000000000000E+00,
   0.0000000000000000E+00));
#112100=VECTOR('',#112090,1.0000000000000000E+00);
#112110=LINE('',#112080,#112100);
#112120=CARTESIAN_POINT('',(-3.1905488301517803E+01,
   2.0321376124790600E+01,2.4500000000000000E+01));
#112130=VERTEX_POINT('',#112120);
#112140=EDGE_CURVE('',#85280,#112130,#112110,.T.);
#112150=ORIENTED_EDGE('',*,*,#112140,.F.);
#112160=CARTESIAN_POINT('',(-3.1355488301517802E+01,
   2.0321376124790600E+01,2.4500000000000000E+01));
#112170=DIRECTION('',(0.0000000000000000E+00,-1.0000000000000000E+00,
   0.0000000000000000E+00));
#112180=DIRECTION('',(1.0000000000000000E+00,0.0000000000000000E+00,
   0.0000000000000000E+00));
#112190=AXIS2_PLACEMENT_3D('',#112160,#112170,#112180);
#112200=CIRCLE('',#112190,5.5000000000000004E-01);
#112210=EDGE_CURVE('',#112130,#112040,#112200,.T.);
#112220=ORIENTED_EDGE('',*,*,#112210,.F.);
#112230=EDGE_LOOP('',(#112220,#112150,#112070,#112060));
#112240=FACE_OUTER_BOUND('',#112230,.T.);
#112250=ADVANCED_FACE('',(#112240),#111980,.T.);
#112260=COLOUR_RGB('',9.4901961088180542E-01,9.4901961088180542E-01,
   1.0000000000000000E+00);
#112270=FILL_AREA_STYLE_COLOUR('',#112260);
#112280=FILL_AREA_STYLE('',(#112270));
#112290=SURFACE_STYLE_FILL_AREA(#112280);
#112300=SURFACE_SIDE_STYLE('',(#112290));
#112310=SURFACE_STYLE_USAGE(.BOTH.,#112300);
#112320=PRESENTATION_STYLE_ASSIGNMENT((#112310));
#112330=CARTESIAN_POINT('',(-3.4997595082704343E+01,
   2.2071376124790600E+01,2.3500000000000000E+01));
#112340=DIRECTION('',(0.0000000000000000E+00,-1.0000000000000000E+00,
   0.0000000000000000E+00));
#112350=DIRECTION('',(1.0000000000000000E+00,0.0000000000000000E+00,
   0.0000000000000000E+00));
#112360=AXIS2_PLACEMENT_3D('',#112330,#112340,#112350);
#112370=CYLINDRICAL_SURFACE('',#112360,5.0000000000000000E-01);
#112380=ORIENTED_EDGE('',*,*,#96160,.F.);
#112390=ORIENTED_EDGE('',*,*,#92540,.T.);
#112400=CARTESIAN_POINT('',(-3.4955488301517804E+01,
   2.2071376124790600E+01,2.3001776135679844E+01));
#112410=DIRECTION('',(0.0000000000000000E+00,-1.0000000000000000E+00,
   0.0000000000000000E+00));
#112420=VECTOR('',#112410,1.0000000000000000E+00);
#112430=LINE('',#112400,#112420);
#112440=EDGE_CURVE('',#111210,#92440,#112430,.T.);
#112450=ORIENTED_EDGE('',*,*,#112440,.T.);
#112460=ORIENTED_EDGE('',*,*,#111220,.F.);
#112470=EDGE_LOOP('',(#112460,#112450,#112390,#112380));
#112480=FACE_OUTER_BOUND('',#112470,.T.);
#112490=ADVANCED_FACE('',(#112480),#112370,.F.);
#112500=COLOUR_RGB('',5.0196081399917603E-01,1.0000000000000000E+00,
   5.0196081399917603E-01);
#112510=FILL_AREA_STYLE_COLOUR('',#112500);
#112520=FILL_AREA_STYLE('',(#112510));
#112530=SURFACE_STYLE_FILL_AREA(#112520);
#112540=SURFACE_SIDE_STYLE('',(#112530));
#112550=SURFACE_STYLE_USAGE(.BOTH.,#112540);
#112560=PRESENTATION_STYLE_ASSIGNMENT((#112550));
#112570=CARTESIAN_POINT('',(-2.9886031253416185E+01,
   2.0321376124790600E+01,2.3226922491185586E+01));
#112580=DIRECTION('',(0.0000000000000000E+00,-1.0000000000000000E+00,
   0.0000000000000000E+00));
#112590=DIRECTION('',(1.0000000000000000E+00,0.0000000000000000E+00,
   0.0000000000000000E+00));
#112600=AXIS2_PLACEMENT_3D('',#112570,#112580,#112590);
#112610=PLANE('',#112600);
#112620=CARTESIAN_POINT('',(-8.4502159542249785E+01,
   2.0321376124790600E+01,2.4500000000000000E+01));
#112630=DIRECTION('',(-1.0000000000000000E+00,-0.0000000000000000E+00,
   0.0000000000000000E+00));
#112640=VECTOR('',#112630,1.0000000000000000E+00);
#112650=LINE('',#112620,#112640);
#112660=CARTESIAN_POINT('',(-3.1605488301517802E+01,
   2.0321376124790600E+01,2.4500000000000000E+01));
#112670=VERTEX_POINT('',#112660);
#112680=EDGE_CURVE('',#112670,#112130,#112650,.T.);
#112690=ORIENTED_EDGE('',*,*,#112680,.T.);
#112700=CARTESIAN_POINT('',(-3.1605488301517802E+01,
   2.0321376124790600E+01,2.6000000000000000E+01));
#112710=DIRECTION('',(0.0000000000000000E+00,0.0000000000000000E+00,
   -1.0000000000000000E+00));
#112720=VECTOR('',#112710,1.0000000000000000E+00);
#112730=LINE('',#112700,#112720);
#112740=CARTESIAN_POINT('',(-3.1605488301517802E+01,
   2.0321376124790600E+01,2.4050000000000001E+01));
#112750=VERTEX_POINT('',#112740);
#112760=EDGE_CURVE('',#112670,#112750,#112730,.T.);
#112770=ORIENTED_EDGE('',*,*,#112760,.F.);
#112780=CARTESIAN_POINT('',(-8.4502159542249785E+01,
   2.0321376124790600E+01,2.4050000000000001E+01));
#112790=DIRECTION('',(1.0000000000000000E+00,0.0000000000000000E+00,
   0.0000000000000000E+00));
#112800=VECTOR('',#112790,1.0000000000000000E+00);
#112810=LINE('',#112780,#112800);
#112820=CARTESIAN_POINT('',(-3.1105488301517802E+01,
   2.0321376124790600E+01,2.4050000000000001E+01));
#112830=VERTEX_POINT('',#112820);
#112840=EDGE_CURVE('',#112750,#112830,#112810,.T.);
#112850=ORIENTED_EDGE('',*,*,#112840,.F.);
#112860=CARTESIAN_POINT('',(-3.1105488301517802E+01,
   2.0321376124790600E+01,2.6000000000000000E+01));
#112870=DIRECTION('',(0.0000000000000000E+00,0.0000000000000000E+00,
   -1.0000000000000000E+00));
#112880=VECTOR('',#112870,1.0000000000000000E+00);
#112890=LINE('',#112860,#112880);
#112900=CARTESIAN_POINT('',(-3.1105488301517802E+01,
   2.0321376124790600E+01,2.4500000000000000E+01));
#112910=VERTEX_POINT('',#112900);
#112920=EDGE_CURVE('',#112910,#112830,#112890,.T.);
#112930=ORIENTED_EDGE('',*,*,#112920,.T.);
#112940=EDGE_CURVE('',#112040,#112910,#112650,.T.);
#112950=ORIENTED_EDGE('',*,*,#112940,.T.);
#112960=ORIENTED_EDGE('',*,*,#112210,.T.);
#112970=EDGE_LOOP('',(#112960,#112950,#112930,#112850,#112770,#112690));
#112980=FACE_OUTER_BOUND('',#112970,.T.);
#112990=ADVANCED_FACE('',(#112980),#112610,.T.);
#113000=COLOUR_RGB('',9.4901961088180542E-01,9.4901961088180542E-01,
   1.0000000000000000E+00);
#113010=FILL_AREA_STYLE_COLOUR('',#113000);
#113020=FILL_AREA_STYLE('',(#113010));
#113030=SURFACE_STYLE_FILL_AREA(#113020);
#113040=SURFACE_SIDE_STYLE('',(#113030));
#113050=SURFACE_STYLE_USAGE(.BOTH.,#113040);
#113060=PRESENTATION_STYLE_ASSIGNMENT((#113050));
#113070=CARTESIAN_POINT('',(-3.1605488301517802E+01,
   2.0321376124790600E+01,2.4050000000000001E+01));
#113080=DIRECTION('',(-1.0000000000000000E+00,0.0000000000000000E+00,
   0.0000000000000000E+00));
#113090=DIRECTION('',(0.0000000000000000E+00,0.0000000000000000E+00,
   1.0000000000000000E+00));
#113100=AXIS2_PLACEMENT_3D('',#113070,#113080,#113090);
#113110=PLANE('',#113100);
#113120=CARTESIAN_POINT('',(-3.1605488301517802E+01,
   2.0321376124790600E+01,2.6000000000000000E+01));
#113130=DIRECTION('',(0.0000000000000000E+00,0.0000000000000000E+00,
   -1.0000000000000000E+00));
#113140=VECTOR('',#113130,1.0000000000000000E+00);
#113150=LINE('',#113120,#113140);
#113160=CARTESIAN_POINT('',(-3.1605488301517802E+01,
   2.0321376124790600E+01,2.4949999999999999E+01));
#113170=VERTEX_POINT('',#113160);
#113180=EDGE_CURVE('',#113170,#112670,#113150,.T.);
#113190=ORIENTED_EDGE('',*,*,#113180,.T.);
#113200=CARTESIAN_POINT('',(-3.1605488301517802E+01,
   -2.2653715864353234E+01,2.4949999999999999E+01));
#113210=DIRECTION('',(0.0000000000000000E+00,-1.0000000000000000E+00,
   0.0000000000000000E+00));
#113220=VECTOR('',#113210,1.0000000000000000E+00);
#113230=LINE('',#113200,#113220);
#113240=CARTESIAN_POINT('',(-3.1605488301517802E+01,
   1.8321376124790607E+01,2.4949999999999999E+01));
#113250=VERTEX_POINT('',#113240);
#113260=EDGE_CURVE('',#113170,#113250,#113230,.T.);
#113270=ORIENTED_EDGE('',*,*,#113260,.F.);
#113280=CARTESIAN_POINT('',(-3.1605488301517795E+01,
   -2.2653715864353234E+01,1.3970757191717940E+01));
#113290=DIRECTION('',(0.0000000000000000E+00,9.6592582628906831E-01,
   2.5881904510252091E-01));
#113300=VECTOR('',#113290,1.0000000000000000E+00);
#113310=LINE('',#113280,#113300);
#113320=CARTESIAN_POINT('',(-3.1605488301517802E+01,
   1.7321376124790600E+01,2.4682050807568878E+01));
#113330=VERTEX_POINT('',#113320);
#113340=EDGE_CURVE('',#113330,#113250,#113310,.T.);
#113350=ORIENTED_EDGE('',*,*,#113340,.T.);
#113360=CARTESIAN_POINT('',(-3.1605488301517802E+01,
   1.7321376124790600E+01,2.6000000000000000E+01));
#113370=DIRECTION('',(0.0000000000000000E+00,0.0000000000000000E+00,
   -1.0000000000000000E+00));
#113380=VECTOR('',#113370,1.0000000000000000E+00);
#113390=LINE('',#113360,#113380);
#113400=CARTESIAN_POINT('',(-3.1605488301517795E+01,
   1.7321376124790607E+01,2.4317949192431122E+01));
#113410=VERTEX_POINT('',#113400);
#113420=EDGE_CURVE('',#113330,#113410,#113390,.T.);
#113430=ORIENTED_EDGE('',*,*,#113420,.F.);
#113440=CARTESIAN_POINT('',(-3.1605488301517795E+01,
   -2.2653715864353234E+01,3.5029242808282063E+01));
#113450=DIRECTION('',(0.0000000000000000E+00,9.6592582628906831E-01,
   -2.5881904510252091E-01));
#113460=VECTOR('',#113450,1.0000000000000000E+00);
#113470=LINE('',#113440,#113460);
#113480=CARTESIAN_POINT('',(-3.1605488301517802E+01,
   1.8321376124790607E+01,2.4050000000000001E+01));
#113490=VERTEX_POINT('',#113480);
#113500=EDGE_CURVE('',#113410,#113490,#113470,.T.);
#113510=ORIENTED_EDGE('',*,*,#113500,.F.);
#113520=CARTESIAN_POINT('',(-3.1605488301517802E+01,
   -2.2653715864353234E+01,2.4050000000000001E+01));
#113530=DIRECTION('',(0.0000000000000000E+00,-1.0000000000000000E+00,
   0.0000000000000000E+00));
#113540=VECTOR('',#113530,1.0000000000000000E+00);
#113550=LINE('',#113520,#113540);
#113560=EDGE_CURVE('',#112750,#113490,#113550,.T.);
#113570=ORIENTED_EDGE('',*,*,#113560,.T.);
#113580=ORIENTED_EDGE('',*,*,#112760,.T.);
#113590=EDGE_LOOP('',(#113580,#113570,#113510,#113430,#113350,#113270,
   #113190));
#113600=FACE_OUTER_BOUND('',#113590,.T.);
#113610=ADVANCED_FACE('',(#113600),#113110,.T.);
#113620=COLOUR_RGB('',9.4901961088180542E-01,9.4901961088180542E-01,
   1.0000000000000000E+00);
#113630=FILL_AREA_STYLE_COLOUR('',#113620);
#113640=FILL_AREA_STYLE('',(#113630));
#113650=SURFACE_STYLE_FILL_AREA(#113640);
#113660=SURFACE_SIDE_STYLE('',(#113650));
#113670=SURFACE_STYLE_USAGE(.BOTH.,#113660);
#113680=PRESENTATION_STYLE_ASSIGNMENT((#113670));
#113690=CARTESIAN_POINT('',(-3.1105488301517802E+01,
   2.0321376124790600E+01,2.4949999999999999E+01));
#113700=DIRECTION('',(1.0000000000000000E+00,-0.0000000000000000E+00,
   0.0000000000000000E+00));
#113710=DIRECTION('',(0.0000000000000000E+00,0.0000000000000000E+00,
   -1.0000000000000000E+00));
#113720=AXIS2_PLACEMENT_3D('',#113690,#113700,#113710);
#113730=PLANE('',#113720);
#113740=CARTESIAN_POINT('',(-3.1105488301517802E+01,
   -2.2653715864353234E+01,1.3970757191717940E+01));
#113750=DIRECTION('',(0.0000000000000000E+00,9.6592582628906831E-01,
   2.5881904510252091E-01));
#113760=VECTOR('',#113750,1.0000000000000000E+00);
#113770=LINE('',#113740,#113760);
#113780=CARTESIAN_POINT('',(-3.1105488301517802E+01,
   1.7321376124790600E+01,2.4682050807568878E+01));
#113790=VERTEX_POINT('',#113780);
#113800=CARTESIAN_POINT('',(-3.1105488301517802E+01,
   1.8321376124790600E+01,2.4949999999999999E+01));
#113810=VERTEX_POINT('',#113800);
#113820=EDGE_CURVE('',#113790,#113810,#113770,.T.);
#113830=ORIENTED_EDGE('',*,*,#113820,.F.);
#113840=CARTESIAN_POINT('',(-3.1105488301517802E+01,
   -2.2653715864353234E+01,2.4949999999999999E+01));
#113850=DIRECTION('',(0.0000000000000000E+00,-1.0000000000000000E+00,
   0.0000000000000000E+00));
#113860=VECTOR('',#113850,1.0000000000000000E+00);
#113870=LINE('',#113840,#113860);
#113880=CARTESIAN_POINT('',(-3.1105488301517802E+01,
   2.0321376124790600E+01,2.4949999999999999E+01));
#113890=VERTEX_POINT('',#113880);
#113900=EDGE_CURVE('',#113890,#113810,#113870,.T.);
#113910=ORIENTED_EDGE('',*,*,#113900,.T.);
#113920=CARTESIAN_POINT('',(-3.1105488301517802E+01,
   2.0321376124790600E+01,2.6000000000000000E+01));
#113930=DIRECTION('',(0.0000000000000000E+00,0.0000000000000000E+00,
   -1.0000000000000000E+00));
#113940=VECTOR('',#113930,1.0000000000000000E+00);
#113950=LINE('',#113920,#113940);
#113960=EDGE_CURVE('',#113890,#112910,#113950,.T.);
#113970=ORIENTED_EDGE('',*,*,#113960,.F.);
#113980=ORIENTED_EDGE('',*,*,#112920,.F.);
#113990=CARTESIAN_POINT('',(-3.1105488301517802E+01,
   -2.2653715864353234E+01,2.4050000000000001E+01));
#114000=DIRECTION('',(0.0000000000000000E+00,1.0000000000000000E+00,
   0.0000000000000000E+00));
#114010=VECTOR('',#114000,1.0000000000000000E+00);
#114020=LINE('',#113990,#114010);
#114030=CARTESIAN_POINT('',(-3.1105488301517802E+01,
   1.8321376124790607E+01,2.4050000000000001E+01));
#114040=VERTEX_POINT('',#114030);
#114050=EDGE_CURVE('',#114040,#112830,#114020,.T.);
#114060=ORIENTED_EDGE('',*,*,#114050,.T.);
#114070=CARTESIAN_POINT('',(-3.1105488301517802E+01,
   -2.2653715864353234E+01,3.5029242808282063E+01));
#114080=DIRECTION('',(0.0000000000000000E+00,-9.6592582628906831E-01,
   2.5881904510252091E-01));
#114090=VECTOR('',#114080,1.0000000000000000E+00);
#114100=LINE('',#114070,#114090);
#114110=CARTESIAN_POINT('',(-3.1105488301517802E+01,
   1.7321376124790600E+01,2.4317949192431122E+01));
#114120=VERTEX_POINT('',#114110);
#114130=EDGE_CURVE('',#114040,#114120,#114100,.T.);
#114140=ORIENTED_EDGE('',*,*,#114130,.F.);
#114150=CARTESIAN_POINT('',(-3.1105488301517802E+01,
   1.7321376124790600E+01,2.6000000000000000E+01));
#114160=DIRECTION('',(0.0000000000000000E+00,0.0000000000000000E+00,
   -1.0000000000000000E+00));
#114170=VECTOR('',#114160,1.0000000000000000E+00);
#114180=LINE('',#114150,#114170);
#114190=EDGE_CURVE('',#113790,#114120,#114180,.T.);
#114200=ORIENTED_EDGE('',*,*,#114190,.T.);
#114210=EDGE_LOOP('',(#114200,#114140,#114060,#113980,#113970,#113910,
   #113830));
#114220=FACE_OUTER_BOUND('',#114210,.T.);
#114230=ADVANCED_FACE('',(#114220),#113730,.T.);
#114240=COLOUR_RGB('',9.4901961088180542E-01,9.4901961088180542E-01,
   1.0000000000000000E+00);
#114250=FILL_AREA_STYLE_COLOUR('',#114240);
#114260=FILL_AREA_STYLE('',(#114250));
#114270=SURFACE_STYLE_FILL_AREA(#114260);
#114280=SURFACE_SIDE_STYLE('',(#114270));
#114290=SURFACE_STYLE_USAGE(.BOTH.,#114280);
#114300=PRESENTATION_STYLE_ASSIGNMENT((#114290));
#114310=CARTESIAN_POINT('',(-3.1105488301517802E+01,
   2.0321376124790600E+01,2.4050000000000001E+01));
#114320=DIRECTION('',(0.0000000000000000E+00,0.0000000000000000E+00,
   -1.0000000000000000E+00));
#114330=DIRECTION('',(-1.0000000000000000E+00,0.0000000000000000E+00,
   0.0000000000000000E+00));
#114340=AXIS2_PLACEMENT_3D('',#114310,#114320,#114330);
#114350=PLANE('',#114340);
#114360=ORIENTED_EDGE('',*,*,#113560,.F.);
#114370=CARTESIAN_POINT('',(-8.4502159542249785E+01,
   1.8321376124790607E+01,2.4050000000000001E+01));
#114380=DIRECTION('',(1.0000000000000000E+00,0.0000000000000000E+00,
   0.0000000000000000E+00));
#114390=VECTOR('',#114380,1.0000000000000000E+00);
#114400=LINE('',#114370,#114390);
#114410=EDGE_CURVE('',#113490,#114040,#114400,.T.);
#114420=ORIENTED_EDGE('',*,*,#114410,.F.);
#114430=ORIENTED_EDGE('',*,*,#114050,.F.);
#114440=ORIENTED_EDGE('',*,*,#112840,.T.);
#114450=EDGE_LOOP('',(#114440,#114430,#114420,#114360));
#114460=FACE_OUTER_BOUND('',#114450,.T.);
#114470=ADVANCED_FACE('',(#114460),#114350,.T.);
#114480=COLOUR_RGB('',9.4901961088180542E-01,9.4901961088180542E-01,
   1.0000000000000000E+00);
#114490=FILL_AREA_STYLE_COLOUR('',#114480);
#114500=FILL_AREA_STYLE('',(#114490));
#114510=SURFACE_STYLE_FILL_AREA(#114500);
#114520=SURFACE_SIDE_STYLE('',(#114510));
#114530=SURFACE_STYLE_USAGE(.BOTH.,#114520);
#114540=PRESENTATION_STYLE_ASSIGNMENT((#114530));
#114550=CARTESIAN_POINT('',(-3.0199486452468442E+01,
   2.7145319094080318E+01,2.5211027102218718E+01));
#114560=DIRECTION('',(0.0000000000000000E+00,1.0000000000000000E+00,
   0.0000000000000000E+00));
#114570=VECTOR('',#114560,1.0000000000000000E+00);
#114580=LINE('',#114550,#114570);
#114590=CARTESIAN_POINT('',(-3.0199486452468442E+01,
   2.8601376124790601E+01,2.5211027102218718E+01));
#114600=VERTEX_POINT('',#114590);
#114610=EDGE_CURVE('',#90550,#114600,#114580,.T.);
#114620=ORIENTED_EDGE('',*,*,#114610,.T.);
#114630=ORIENTED_EDGE('',*,*,#90560,.F.);
#114640=ORIENTED_EDGE('',*,*,#111820,.T.);
#114650=EDGE_CURVE('',#111750,#114600,#111730,.T.);
#114660=ORIENTED_EDGE('',*,*,#114650,.F.);
#114670=EDGE_LOOP('',(#114660,#114640,#114630,#114620));
#114680=FACE_OUTER_BOUND('',#114670,.T.);
#114690=ADVANCED_FACE('',(#114680),#111660,.T.);
#114700=COLOUR_RGB('',9.4901967048645020E-01,9.4901967048645020E-01,
   1.0000000000000000E+00);
#114710=FILL_AREA_STYLE_COLOUR('',#114700);
#114720=FILL_AREA_STYLE('',(#114710));
#114730=SURFACE_STYLE_FILL_AREA(#114720);
#114740=SURFACE_SIDE_STYLE('',(#114730));
#114750=SURFACE_STYLE_USAGE(.BOTH.,#114740);
#114760=PRESENTATION_STYLE_ASSIGNMENT((#114750));
#114770=CARTESIAN_POINT('',(-3.2074229385564998E+01,
   2.8601376124790601E+01,2.5168741084047205E+01));
#114780=DIRECTION('',(0.0000000000000000E+00,1.0000000000000000E+00,
   0.0000000000000000E+00));
#114790=DIRECTION('',(7.0710678118654746E-01,0.0000000000000000E+00,
   -7.0710678118654757E-01));
#114800=AXIS2_PLACEMENT_3D('',#114770,#114780,#114790);
#114810=PLANE('',#114800);
#114820=ORIENTED_EDGE('',*,*,#111760,.T.);
#114830=CARTESIAN_POINT('',(-8.4502159542249785E+01,
   2.8601376124790601E+01,2.4500000000000000E+01));
#114840=DIRECTION('',(1.0000000000000000E+00,-0.0000000000000000E+00,
   0.0000000000000000E+00));
#114850=VECTOR('',#114840,1.0000000000000000E+00);
#114860=LINE('',#114830,#114850);
#114870=CARTESIAN_POINT('',(-3.0805488301517805E+01,
   2.8601376124790601E+01,2.4500000000000000E+01));
#114880=VERTEX_POINT('',#114870);
#114890=EDGE_CURVE('',#111430,#114880,#114860,.T.);
#114900=ORIENTED_EDGE('',*,*,#114890,.F.);
#114910=CARTESIAN_POINT('',(-3.1355488301517802E+01,
   2.8601376124790601E+01,2.4500000000000000E+01));
#114920=DIRECTION('',(0.0000000000000000E+00,-1.0000000000000000E+00,
   0.0000000000000000E+00));
#114930=DIRECTION('',(1.0000000000000000E+00,0.0000000000000000E+00,
   0.0000000000000000E+00));
#114940=AXIS2_PLACEMENT_3D('',#114910,#114920,#114930);
#114950=CIRCLE('',#114940,5.5000000000000004E-01);
#114960=EDGE_CURVE('',#114880,#111750,#114950,.T.);
#114970=ORIENTED_EDGE('',*,*,#114960,.F.);
#114980=EDGE_LOOP('',(#114970,#114900,#114820));
#114990=FACE_OUTER_BOUND('',#114980,.T.);
#115000=ADVANCED_FACE('',(#114990),#114810,.T.);
#115010=COLOUR_RGB('',9.4901967048645020E-01,9.4901967048645020E-01,
   1.0000000000000000E+00);
#115020=FILL_AREA_STYLE_COLOUR('',#115010);
#115030=FILL_AREA_STYLE('',(#115020));
#115040=SURFACE_STYLE_FILL_AREA(#115030);
#115050=SURFACE_SIDE_STYLE('',(#115040));
#115060=SURFACE_STYLE_USAGE(.BOTH.,#115050);
#115070=PRESENTATION_STYLE_ASSIGNMENT((#115060));
#115080=CARTESIAN_POINT('',(-3.1605488301517802E+01,
   2.0321376124790600E+01,2.4949999999999999E+01));
#115090=DIRECTION('',(0.0000000000000000E+00,0.0000000000000000E+00,
   1.0000000000000000E+00));
#115100=DIRECTION('',(1.0000000000000000E+00,0.0000000000000000E+00,
   0.0000000000000000E+00));
#115110=AXIS2_PLACEMENT_3D('',#115080,#115090,#115100);
#115120=PLANE('',#115110);
#115130=ORIENTED_EDGE('',*,*,#113900,.F.);
#115140=CARTESIAN_POINT('',(-8.4502159542249785E+01,
   1.8321376124790600E+01,2.4949999999999999E+01));
#115150=DIRECTION('',(-1.0000000000000000E+00,0.0000000000000000E+00,
   0.0000000000000000E+00));
#115160=VECTOR('',#115150,1.0000000000000000E+00);
#115170=LINE('',#115140,#115160);
#115180=EDGE_CURVE('',#113810,#113250,#115170,.T.);
#115190=ORIENTED_EDGE('',*,*,#115180,.F.);
#115200=ORIENTED_EDGE('',*,*,#113260,.T.);
#115210=CARTESIAN_POINT('',(-8.4502159542249785E+01,
   2.0321376124790600E+01,2.4949999999999999E+01));
#115220=DIRECTION('',(-1.0000000000000000E+00,0.0000000000000000E+00,
   0.0000000000000000E+00));
#115230=VECTOR('',#115220,1.0000000000000000E+00);
#115240=LINE('',#115210,#115230);
#115250=EDGE_CURVE('',#113890,#113170,#115240,.T.);
#115260=ORIENTED_EDGE('',*,*,#115250,.T.);
#115270=EDGE_LOOP('',(#115260,#115200,#115190,#115130));
#115280=FACE_OUTER_BOUND('',#115270,.T.);
#115290=ADVANCED_FACE('',(#115280),#115120,.T.);
#115300=COLOUR_RGB('',9.4901961088180542E-01,9.4901961088180542E-01,
   1.0000000000000000E+00);
#115310=FILL_AREA_STYLE_COLOUR('',#115300);
#115320=FILL_AREA_STYLE('',(#115310));
#115330=SURFACE_STYLE_FILL_AREA(#115320);
#115340=SURFACE_SIDE_STYLE('',(#115330));
#115350=SURFACE_STYLE_USAGE(.BOTH.,#115340);
#115360=PRESENTATION_STYLE_ASSIGNMENT((#115350));
#115370=CARTESIAN_POINT('',(-2.9886031253416185E+01,
   1.7321376124790600E+01,2.3226922491185586E+01));
#115380=DIRECTION('',(0.0000000000000000E+00,-1.0000000000000000E+00,
   0.0000000000000000E+00));
#115390=DIRECTION('',(1.0000000000000000E+00,0.0000000000000000E+00,
   0.0000000000000000E+00));
#115400=AXIS2_PLACEMENT_3D('',#115370,#115380,#115390);
#115410=PLANE('',#115400);
#115420=ORIENTED_EDGE('',*,*,#113420,.T.);
#115430=CARTESIAN_POINT('',(-8.4502159542249785E+01,
   1.7321376124790600E+01,2.4682050807568878E+01));
#115440=DIRECTION('',(1.0000000000000000E+00,0.0000000000000000E+00,
   0.0000000000000000E+00));
#115450=VECTOR('',#115440,1.0000000000000000E+00);
#115460=LINE('',#115430,#115450);
#115470=EDGE_CURVE('',#113330,#113790,#115460,.T.);
#115480=ORIENTED_EDGE('',*,*,#115470,.F.);
#115490=ORIENTED_EDGE('',*,*,#114190,.F.);
#115500=CARTESIAN_POINT('',(-8.4502159542249785E+01,
   1.7321376124790600E+01,2.4317949192431122E+01));
#115510=DIRECTION('',(-1.0000000000000000E+00,0.0000000000000000E+00,
   0.0000000000000000E+00));
#115520=VECTOR('',#115510,1.0000000000000000E+00);
#115530=LINE('',#115500,#115520);
#115540=EDGE_CURVE('',#114120,#113410,#115530,.T.);
#115550=ORIENTED_EDGE('',*,*,#115540,.F.);
#115560=EDGE_LOOP('',(#115550,#115490,#115480,#115420));
#115570=FACE_OUTER_BOUND('',#115560,.T.);
#115580=ADVANCED_FACE('',(#115570),#115410,.T.);
#115590=COLOUR_RGB('',9.4901961088180542E-01,9.4901961088180542E-01,
   1.0000000000000000E+00);
#115600=FILL_AREA_STYLE_COLOUR('',#115590);
#115610=FILL_AREA_STYLE('',(#115600));
#115620=SURFACE_STYLE_FILL_AREA(#115610);
#115630=SURFACE_SIDE_STYLE('',(#115620));
#115640=SURFACE_STYLE_USAGE(.BOTH.,#115630);
#115650=PRESENTATION_STYLE_ASSIGNMENT((#115640));
#115660=CARTESIAN_POINT('',(-3.1355488301517802E+01,
   1.7821376124790600E+01,2.4183974596215563E+01));
#115670=DIRECTION('',(0.0000000000000000E+00,2.5881904510252085E-01,
   9.6592582628906820E-01));
#115680=DIRECTION('',(0.0000000000000000E+00,9.6592582628906842E-01,
   -2.5881904510252091E-01));
#115690=AXIS2_PLACEMENT_3D('',#115660,#115670,#115680);
#115700=PLANE('',#115690);
#115710=ORIENTED_EDGE('',*,*,#114130,.T.);
#115720=ORIENTED_EDGE('',*,*,#114410,.T.);
#115730=ORIENTED_EDGE('',*,*,#113500,.T.);
#115740=ORIENTED_EDGE('',*,*,#115540,.T.);
#115750=EDGE_LOOP('',(#115740,#115730,#115720,#115710));
#115760=FACE_OUTER_BOUND('',#115750,.T.);
#115770=ADVANCED_FACE('',(#115760),#115700,.F.);
#115780=COLOUR_RGB('',9.4901961088180542E-01,9.4901961088180542E-01,
   1.0000000000000000E+00);
#115790=FILL_AREA_STYLE_COLOUR('',#115780);
#115800=FILL_AREA_STYLE('',(#115790));
#115810=SURFACE_STYLE_FILL_AREA(#115800);
#115820=SURFACE_SIDE_STYLE('',(#115810));
#115830=SURFACE_STYLE_USAGE(.BOTH.,#115820);
#115840=PRESENTATION_STYLE_ASSIGNMENT((#115830));
#115850=CARTESIAN_POINT('',(-2.9886031253416185E+01,
   2.0321376124790600E+01,2.3226922491185586E+01));
#115860=DIRECTION('',(0.0000000000000000E+00,-1.0000000000000000E+00,
   0.0000000000000000E+00));
#115870=DIRECTION('',(1.0000000000000000E+00,0.0000000000000000E+00,
   0.0000000000000000E+00));
#115880=AXIS2_PLACEMENT_3D('',#115850,#115860,#115870);
#115890=PLANE('',#115880);
#115900=ORIENTED_EDGE('',*,*,#113180,.F.);
#115910=ORIENTED_EDGE('',*,*,#112680,.F.);
#115920=CARTESIAN_POINT('',(-3.1355488301517802E+01,
   2.0321376124790600E+01,2.4500000000000000E+01));
#115930=DIRECTION('',(0.0000000000000000E+00,-1.0000000000000000E+00,
   0.0000000000000000E+00));
#115940=DIRECTION('',(1.0000000000000000E+00,0.0000000000000000E+00,
   0.0000000000000000E+00));
#115950=AXIS2_PLACEMENT_3D('',#115920,#115930,#115940);
#115960=CIRCLE('',#115950,5.5000000000000004E-01);
#115970=EDGE_CURVE('',#112040,#112130,#115960,.T.);
#115980=ORIENTED_EDGE('',*,*,#115970,.T.);
#115990=ORIENTED_EDGE('',*,*,#112940,.F.);
#116000=ORIENTED_EDGE('',*,*,#113960,.T.);
#116010=ORIENTED_EDGE('',*,*,#115250,.F.);
#116020=EDGE_LOOP('',(#116010,#116000,#115990,#115980,#115910,#115900));
#116030=FACE_OUTER_BOUND('',#116020,.T.);
#116040=ADVANCED_FACE('',(#116030),#115890,.T.);
#116050=COLOUR_RGB('',9.4901961088180542E-01,9.4901961088180542E-01,
   1.0000000000000000E+00);
#116060=FILL_AREA_STYLE_COLOUR('',#116050);
#116070=FILL_AREA_STYLE('',(#116060));
#116080=SURFACE_STYLE_FILL_AREA(#116070);
#116090=SURFACE_SIDE_STYLE('',(#116080));
#116100=SURFACE_STYLE_USAGE(.BOTH.,#116090);
#116110=PRESENTATION_STYLE_ASSIGNMENT((#116100));
#116120=CARTESIAN_POINT('',(-3.1355488301517802E+01,
   1.7821376124790600E+01,2.4816025403784437E+01));
#116130=DIRECTION('',(0.0000000000000000E+00,2.5881904510252085E-01,
   -9.6592582628906820E-01));
#116140=DIRECTION('',(0.0000000000000000E+00,9.6592582628906842E-01,
   2.5881904510252091E-01));
#116150=AXIS2_PLACEMENT_3D('',#116120,#116130,#116140);
#116160=PLANE('',#116150);
#116170=ORIENTED_EDGE('',*,*,#113340,.F.);
#116180=ORIENTED_EDGE('',*,*,#115180,.T.);
#116190=ORIENTED_EDGE('',*,*,#113820,.T.);
#116200=ORIENTED_EDGE('',*,*,#115470,.T.);
#116210=EDGE_LOOP('',(#116200,#116190,#116180,#116170));
#116220=FACE_OUTER_BOUND('',#116210,.T.);
#116230=ADVANCED_FACE('',(#116220),#116160,.F.);
#116240=COLOUR_RGB('',9.4901961088180542E-01,9.4901961088180542E-01,
   1.0000000000000000E+00);
#116250=FILL_AREA_STYLE_COLOUR('',#116240);
#116260=FILL_AREA_STYLE('',(#116250));
#116270=SURFACE_STYLE_FILL_AREA(#116260);
#116280=SURFACE_SIDE_STYLE('',(#116270));
#116290=SURFACE_STYLE_USAGE(.BOTH.,#116280);
#116300=PRESENTATION_STYLE_ASSIGNMENT((#116290));
#116310=CARTESIAN_POINT('',(0.0000000000000000E+00,
   0.0000000000000000E+00,2.6500000000000000E+01));
#116320=DIRECTION('',(0.0000000000000000E+00,0.0000000000000000E+00,
   1.0000000000000000E+00));
#116330=DIRECTION('',(1.0000000000000000E+00,0.0000000000000000E+00,
   0.0000000000000000E+00));
#116340=AXIS2_PLACEMENT_3D('',#116310,#116320,#116330);
#116350=PLANE('',#116340);
#116360=CARTESIAN_POINT('',(-3.4655488301517813E+01,
   2.5621376124790597E+01,2.6500000000000000E+01));
#116370=DIRECTION('',(0.0000000000000000E+00,0.0000000000000000E+00,
   1.0000000000000000E+00));
#116380=DIRECTION('',(1.0000000000000000E+00,0.0000000000000000E+00,
   0.0000000000000000E+00));
#116390=AXIS2_PLACEMENT_3D('',#116360,#116370,#116380);
#116400=CIRCLE('',#116390,3.0000000000000071E-01);
#116410=CARTESIAN_POINT('',(-3.4655488301517813E+01,
   2.5921376124790601E+01,2.6500000000000000E+01));
#116420=VERTEX_POINT('',#116410);
#116430=CARTESIAN_POINT('',(-3.4955488301517818E+01,
   2.5621376124790597E+01,2.6500000000000000E+01));
#116440=VERTEX_POINT('',#116430);
#116450=EDGE_CURVE('',#116420,#116440,#116400,.T.);
#116460=ORIENTED_EDGE('',*,*,#116450,.T.);
#116470=CARTESIAN_POINT('',(-3.4216515555783623E+01,
   2.5921376124790601E+01,2.6500000000000000E+01));
#116480=DIRECTION('',(-1.0000000000000000E+00,0.0000000000000000E+00,
   0.0000000000000000E+00));
#116490=VECTOR('',#116480,1.0000000000000000E+00);
#116500=LINE('',#116470,#116490);
#116510=EDGE_CURVE('',#69650,#116420,#116500,.T.);
#116520=ORIENTED_EDGE('',*,*,#116510,.T.);
#116530=ORIENTED_EDGE('',*,*,#69660,.T.);
#116540=CARTESIAN_POINT('',(-3.2921824807528317E+01,
   2.8821376124790600E+01,2.6500000000000000E+01));
#116550=DIRECTION('',(0.0000000000000000E+00,0.0000000000000000E+00,
   1.0000000000000000E+00));
#116560=DIRECTION('',(1.0000000000000000E+00,0.0000000000000000E+00,
   0.0000000000000000E+00));
#116570=AXIS2_PLACEMENT_3D('',#116540,#116550,#116560);
#116580=CIRCLE('',#116570,4.9999999999999745E-01);
#116590=EDGE_CURVE('',#91420,#69630,#116580,.T.);
#116600=ORIENTED_EDGE('',*,*,#116590,.T.);
#116610=ORIENTED_EDGE('',*,*,#91430,.F.);
#116620=CARTESIAN_POINT('',(-2.9868759565520477E+01,
   2.8821376124790600E+01,2.6500000000000000E+01));
#116630=DIRECTION('',(0.0000000000000000E+00,0.0000000000000000E+00,
   1.0000000000000000E+00));
#116640=DIRECTION('',(1.0000000000000000E+00,0.0000000000000000E+00,
   0.0000000000000000E+00));
#116650=AXIS2_PLACEMENT_3D('',#116620,#116630,#116640);
#116660=CIRCLE('',#116650,4.9999999999999767E-01);
#116670=EDGE_CURVE('',#82580,#91340,#116660,.T.);
#116680=ORIENTED_EDGE('',*,*,#116670,.T.);
#116690=ORIENTED_EDGE('',*,*,#82590,.T.);
#116700=ORIENTED_EDGE('',*,*,#84470,.T.);
#116710=ORIENTED_EDGE('',*,*,#85030,.T.);
#116720=CARTESIAN_POINT('',(-3.4955488301517804E+01,
   0.0000000000000000E+00,2.6500000000000000E+01));
#116730=DIRECTION('',(0.0000000000000000E+00,-1.0000000000000000E+00,
   0.0000000000000000E+00));
#116740=VECTOR('',#116730,1.0000000000000000E+00);
#116750=LINE('',#116720,#116740);
#116760=EDGE_CURVE('',#116440,#85020,#116750,.T.);
#116770=ORIENTED_EDGE('',*,*,#116760,.T.);
#116780=EDGE_LOOP('',(#116770,#116710,#116700,#116690,#116680,#116610,
   #116600,#116530,#116520,#116460));
#116790=FACE_OUTER_BOUND('',#116780,.T.);
#116800=CARTESIAN_POINT('',(-3.1155488301517806E+01,
   0.0000000000000000E+00,2.6500000000000000E+01));
#116810=DIRECTION('',(0.0000000000000000E+00,-1.0000000000000000E+00,
   0.0000000000000000E+00));
#116820=VECTOR('',#116810,1.0000000000000000E+00);
#116830=LINE('',#116800,#116820);
#116840=CARTESIAN_POINT('',(-3.1155488301517728E+01,
   2.4110580312212679E+01,2.6500000000000000E+01));
#116850=VERTEX_POINT('',#116840);
#116860=CARTESIAN_POINT('',(-3.1155488301517806E+01,
   2.1532171937368521E+01,2.6500000000000000E+01));
#116870=VERTEX_POINT('',#116860);
#116880=EDGE_CURVE('',#116850,#116870,#116830,.T.);
#116890=ORIENTED_EDGE('',*,*,#116880,.F.);
#116900=CARTESIAN_POINT('',(-3.0944692488939808E+01,
   2.1532171937368521E+01,2.6500000000000000E+01));
#116910=DIRECTION('',(0.0000000000000000E+00,0.0000000000000000E+00,
   1.0000000000000000E+00));
#116920=DIRECTION('',(1.0000000000000000E+00,0.0000000000000000E+00,
   0.0000000000000000E+00));
#116930=AXIS2_PLACEMENT_3D('',#116900,#116910,#116920);
#116940=CIRCLE('',#116930,2.1079581257799873E-01);
#116950=CARTESIAN_POINT('',(-3.0944692488939808E+01,
   2.1321376124790600E+01,2.6500000000000000E+01));
#116960=VERTEX_POINT('',#116950);
#116970=EDGE_CURVE('',#116870,#116960,#116940,.T.);
#116980=ORIENTED_EDGE('',*,*,#116970,.F.);
#116990=CARTESIAN_POINT('',(0.0000000000000000E+00,
   2.1321376124790600E+01,2.6500000000000000E+01));
#117000=DIRECTION('',(1.0000000000000000E+00,0.0000000000000000E+00,
   0.0000000000000000E+00));
#117010=VECTOR('',#117000,1.0000000000000000E+00);
#117020=LINE('',#116990,#117010);
#117030=CARTESIAN_POINT('',(-2.8366284114095805E+01,
   2.1321376124790600E+01,2.6500000000000000E+01));
#117040=VERTEX_POINT('',#117030);
#117050=EDGE_CURVE('',#116960,#117040,#117020,.T.);
#117060=ORIENTED_EDGE('',*,*,#117050,.F.);
#117070=CARTESIAN_POINT('',(-2.8366284114095805E+01,
   2.1532171937368521E+01,2.6500000000000000E+01));
#117080=DIRECTION('',(0.0000000000000000E+00,0.0000000000000000E+00,
   1.0000000000000000E+00));
#117090=DIRECTION('',(1.0000000000000000E+00,0.0000000000000000E+00,
   0.0000000000000000E+00));
#117100=AXIS2_PLACEMENT_3D('',#117070,#117080,#117090);
#117110=CIRCLE('',#117100,2.1079581257792057E-01);
#117120=CARTESIAN_POINT('',(-2.8155488301517885E+01,
   2.1532171937368521E+01,2.6500000000000000E+01));
#117130=VERTEX_POINT('',#117120);
#117140=EDGE_CURVE('',#117040,#117130,#117110,.T.);
#117150=ORIENTED_EDGE('',*,*,#117140,.F.);
#117160=CARTESIAN_POINT('',(-2.8155488301517806E+01,
   0.0000000000000000E+00,2.6500000000000000E+01));
#117170=DIRECTION('',(0.0000000000000000E+00,1.0000000000000000E+00,
   0.0000000000000000E+00));
#117180=VECTOR('',#117170,1.0000000000000000E+00);
#117190=LINE('',#117160,#117180);
#117200=CARTESIAN_POINT('',(-2.8155488301517806E+01,
   2.4110580312212679E+01,2.6500000000000000E+01));
#117210=VERTEX_POINT('',#117200);
#117220=EDGE_CURVE('',#117130,#117210,#117190,.T.);
#117230=ORIENTED_EDGE('',*,*,#117220,.F.);
#117240=CARTESIAN_POINT('',(-2.8366284114095805E+01,
   2.4110580312212679E+01,2.6500000000000000E+01));
#117250=DIRECTION('',(0.0000000000000000E+00,0.0000000000000000E+00,
   1.0000000000000000E+00));
#117260=DIRECTION('',(1.0000000000000000E+00,0.0000000000000000E+00,
   0.0000000000000000E+00));
#117270=AXIS2_PLACEMENT_3D('',#117240,#117250,#117260);
#117280=CIRCLE('',#117270,2.1079581257799873E-01);
#117290=CARTESIAN_POINT('',(-2.8366284114095805E+01,
   2.4321376124790600E+01,2.6500000000000000E+01));
#117300=VERTEX_POINT('',#117290);
#117310=EDGE_CURVE('',#117210,#117300,#117280,.T.);
#117320=ORIENTED_EDGE('',*,*,#117310,.F.);
#117330=CARTESIAN_POINT('',(0.0000000000000000E+00,
   2.4321376124790600E+01,2.6500000000000000E+01));
#117340=DIRECTION('',(-1.0000000000000000E+00,0.0000000000000000E+00,
   0.0000000000000000E+00));
#117350=VECTOR('',#117340,1.0000000000000000E+00);
#117360=LINE('',#117330,#117350);
#117370=CARTESIAN_POINT('',(-3.0944692488939808E+01,
   2.4321376124790600E+01,2.6500000000000000E+01));
#117380=VERTEX_POINT('',#117370);
#117390=EDGE_CURVE('',#117300,#117380,#117360,.T.);
#117400=ORIENTED_EDGE('',*,*,#117390,.F.);
#117410=CARTESIAN_POINT('',(-3.0944692488939808E+01,
   2.4110580312212679E+01,2.6500000000000000E+01));
#117420=DIRECTION('',(0.0000000000000000E+00,0.0000000000000000E+00,
   1.0000000000000000E+00));
#117430=DIRECTION('',(1.0000000000000000E+00,0.0000000000000000E+00,
   0.0000000000000000E+00));
#117440=AXIS2_PLACEMENT_3D('',#117410,#117420,#117430);
#117450=CIRCLE('',#117440,2.1079581257792057E-01);
#117460=EDGE_CURVE('',#117380,#116850,#117450,.T.);
#117470=ORIENTED_EDGE('',*,*,#117460,.F.);
#117480=EDGE_LOOP('',(#117470,#117400,#117320,#117230,#117150,#117060,
   #116980,#116890));
#117490=FACE_BOUND('',#117480,.T.);
#117500=ADVANCED_FACE('',(#116790,#117490),#116350,.T.);
#117510=COLOUR_RGB('',5.0196081399917603E-01,1.0000000000000000E+00,
   5.0196081399917603E-01);
#117520=FILL_AREA_STYLE_COLOUR('',#117510);
#117530=FILL_AREA_STYLE('',(#117520));
#117540=SURFACE_STYLE_FILL_AREA(#117530);
#117550=SURFACE_SIDE_STYLE('',(#117540));
#117560=SURFACE_STYLE_USAGE(.BOTH.,#117550);
#117570=PRESENTATION_STYLE_ASSIGNMENT((#117560));
#117580=CARTESIAN_POINT('',(-2.8366284114095805E+01,
   2.4321376124790600E+01,2.6500000000000000E+01));
#117590=DIRECTION('',(-0.0000000000000000E+00,1.0000000000000000E+00,
   0.0000000000000000E+00));
#117600=DIRECTION('',(1.0000000000000000E+00,0.0000000000000000E+00,
   0.0000000000000000E+00));
#117610=AXIS2_PLACEMENT_3D('',#117580,#117590,#117600);
#117620=PLANE('',#117610);
#117630=ORIENTED_EDGE('',*,*,#117390,.T.);
#117640=CARTESIAN_POINT('',(-2.8366284114095805E+01,
   2.4321376124790600E+01,2.6500000000000000E+01));
#117650=DIRECTION('',(0.0000000000000000E+00,0.0000000000000000E+00,
   -1.0000000000000000E+00));
#117660=VECTOR('',#117650,1.0000000000000000E+00);
#117670=LINE('',#117640,#117660);
#117680=CARTESIAN_POINT('',(-2.8366284114095805E+01,
   2.4321376124790600E+01,2.6399999999999999E+01));
#117690=VERTEX_POINT('',#117680);
#117700=EDGE_CURVE('',#117300,#117690,#117670,.T.);
#117710=ORIENTED_EDGE('',*,*,#117700,.F.);
#117720=CARTESIAN_POINT('',(-3.0944692488939808E+01,
   2.4321376124790600E+01,2.6399999999999999E+01));
#117730=DIRECTION('',(1.0000000000000000E+00,0.0000000000000000E+00,
   0.0000000000000000E+00));
#117740=VECTOR('',#117730,1.0000000000000000E+00);
#117750=LINE('',#117720,#117740);
#117760=CARTESIAN_POINT('',(-3.0944692488939808E+01,
   2.4321376124790600E+01,2.6399999999999999E+01));
#117770=VERTEX_POINT('',#117760);
#117780=EDGE_CURVE('',#117770,#117690,#117750,.T.);
#117790=ORIENTED_EDGE('',*,*,#117780,.T.);
#117800=CARTESIAN_POINT('',(-3.0944692488939808E+01,
   2.4321376124790600E+01,2.6500000000000000E+01));
#117810=DIRECTION('',(0.0000000000000000E+00,0.0000000000000000E+00,
   -1.0000000000000000E+00));
#117820=VECTOR('',#117810,1.0000000000000000E+00);
#117830=LINE('',#117800,#117820);
#117840=EDGE_CURVE('',#117380,#117770,#117830,.T.);
#117850=ORIENTED_EDGE('',*,*,#117840,.T.);
#117860=EDGE_LOOP('',(#117850,#117790,#117710,#117630));
#117870=FACE_OUTER_BOUND('',#117860,.T.);
#117880=ADVANCED_FACE('',(#117870),#117620,.F.);
#117890=COLOUR_RGB('',5.0196081399917603E-01,1.0000000000000000E+00,
   5.0196081399917603E-01);
#117900=FILL_AREA_STYLE_COLOUR('',#117890);
#117910=FILL_AREA_STYLE('',(#117900));
#117920=SURFACE_STYLE_FILL_AREA(#117910);
#117930=SURFACE_SIDE_STYLE('',(#117920));
#117940=SURFACE_STYLE_USAGE(.BOTH.,#117930);
#117950=PRESENTATION_STYLE_ASSIGNMENT((#117940));
#117960=CARTESIAN_POINT('',(-2.8366284114095805E+01,
   2.4110580312212679E+01,2.6500000000000000E+01));
#117970=DIRECTION('',(0.0000000000000000E+00,0.0000000000000000E+00,
   1.0000000000000000E+00));
#117980=DIRECTION('',(1.0000000000000000E+00,0.0000000000000000E+00,
   0.0000000000000000E+00));
#117990=AXIS2_PLACEMENT_3D('',#117960,#117970,#117980);
#118000=CYLINDRICAL_SURFACE('',#117990,2.1079581257799873E-01);
#118010=ORIENTED_EDGE('',*,*,#117310,.T.);
#118020=CARTESIAN_POINT('',(-2.8155488301517806E+01,
   2.4110580312212679E+01,2.6500000000000000E+01));
#118030=DIRECTION('',(0.0000000000000000E+00,0.0000000000000000E+00,
   1.0000000000000000E+00));
#118040=VECTOR('',#118030,1.0000000000000000E+00);
#118050=LINE('',#118020,#118040);
#118060=CARTESIAN_POINT('',(-2.8155488301517806E+01,
   2.4110580312212679E+01,2.6399999999999999E+01));
#118070=VERTEX_POINT('',#118060);
#118080=EDGE_CURVE('',#118070,#117210,#118050,.T.);
#118090=ORIENTED_EDGE('',*,*,#118080,.T.);
#118100=CARTESIAN_POINT('',(-2.8366284114095805E+01,
   2.4110580312212679E+01,2.6399999999999999E+01));
#118110=DIRECTION('',(0.0000000000000000E+00,0.0000000000000000E+00,
   1.0000000000000000E+00));
#118120=DIRECTION('',(1.0000000000000000E+00,0.0000000000000000E+00,
   0.0000000000000000E+00));
#118130=AXIS2_PLACEMENT_3D('',#118100,#118110,#118120);
#118140=CIRCLE('',#118130,2.1079581257799873E-01);
#118150=EDGE_CURVE('',#118070,#117690,#118140,.T.);
#118160=ORIENTED_EDGE('',*,*,#118150,.F.);
#118170=ORIENTED_EDGE('',*,*,#117700,.T.);
#118180=EDGE_LOOP('',(#118170,#118160,#118090,#118010));
#118190=FACE_OUTER_BOUND('',#118180,.T.);
#118200=ADVANCED_FACE('',(#118190),#118000,.F.);
#118210=COLOUR_RGB('',5.0196081399917603E-01,1.0000000000000000E+00,
   5.0196081399917603E-01);
#118220=FILL_AREA_STYLE_COLOUR('',#118210);
#118230=FILL_AREA_STYLE('',(#118220));
#118240=SURFACE_STYLE_FILL_AREA(#118230);
#118250=SURFACE_SIDE_STYLE('',(#118240));
#118260=SURFACE_STYLE_USAGE(.BOTH.,#118250);
#118270=PRESENTATION_STYLE_ASSIGNMENT((#118260));
#118280=CARTESIAN_POINT('',(-2.8155488301517806E+01,
   2.1532171937368521E+01,2.6500000000000000E+01));
#118290=DIRECTION('',(1.0000000000000000E+00,0.0000000000000000E+00,
   0.0000000000000000E+00));
#118300=DIRECTION('',(0.0000000000000000E+00,-1.0000000000000000E+00,
   0.0000000000000000E+00));
#118310=AXIS2_PLACEMENT_3D('',#118280,#118290,#118300);
#118320=PLANE('',#118310);
#118330=ORIENTED_EDGE('',*,*,#117220,.T.);
#118340=CARTESIAN_POINT('',(-2.8155488301517885E+01,
   2.1532171937368521E+01,2.6500000000000000E+01));
#118350=DIRECTION('',(0.0000000000000000E+00,0.0000000000000000E+00,
   1.0000000000000000E+00));
#118360=VECTOR('',#118350,1.0000000000000000E+00);
#118370=LINE('',#118340,#118360);
#118380=CARTESIAN_POINT('',(-2.8155488301517885E+01,
   2.1532171937368521E+01,2.6399999999999999E+01));
#118390=VERTEX_POINT('',#118380);
#118400=EDGE_CURVE('',#118390,#117130,#118370,.T.);
#118410=ORIENTED_EDGE('',*,*,#118400,.T.);
#118420=CARTESIAN_POINT('',(-2.8155488301517806E+01,
   2.4110580312212679E+01,2.6399999999999999E+01));
#118430=DIRECTION('',(0.0000000000000000E+00,-1.0000000000000000E+00,
   0.0000000000000000E+00));
#118440=VECTOR('',#118430,1.0000000000000000E+00);
#118450=LINE('',#118420,#118440);
#118460=EDGE_CURVE('',#118070,#118390,#118450,.T.);
#118470=ORIENTED_EDGE('',*,*,#118460,.T.);
#118480=ORIENTED_EDGE('',*,*,#118080,.F.);
#118490=EDGE_LOOP('',(#118480,#118470,#118410,#118330));
#118500=FACE_OUTER_BOUND('',#118490,.T.);
#118510=ADVANCED_FACE('',(#118500),#118320,.F.);
#118520=COLOUR_RGB('',5.0196081399917603E-01,1.0000000000000000E+00,
   5.0196081399917603E-01);
#118530=FILL_AREA_STYLE_COLOUR('',#118520);
#118540=FILL_AREA_STYLE('',(#118530));
#118550=SURFACE_STYLE_FILL_AREA(#118540);
#118560=SURFACE_SIDE_STYLE('',(#118550));
#118570=SURFACE_STYLE_USAGE(.BOTH.,#118560);
#118580=PRESENTATION_STYLE_ASSIGNMENT((#118570));
#118590=CARTESIAN_POINT('',(-2.8366284114095805E+01,
   2.1532171937368521E+01,2.6500000000000000E+01));
#118600=DIRECTION('',(0.0000000000000000E+00,0.0000000000000000E+00,
   1.0000000000000000E+00));
#118610=DIRECTION('',(1.0000000000000000E+00,0.0000000000000000E+00,
   0.0000000000000000E+00));
#118620=AXIS2_PLACEMENT_3D('',#118590,#118600,#118610);
#118630=CYLINDRICAL_SURFACE('',#118620,2.1079581257792057E-01);
#118640=ORIENTED_EDGE('',*,*,#117140,.T.);
#118650=CARTESIAN_POINT('',(-2.8366284114095805E+01,
   2.1321376124790600E+01,2.6500000000000000E+01));
#118660=DIRECTION('',(0.0000000000000000E+00,0.0000000000000000E+00,
   -1.0000000000000000E+00));
#118670=VECTOR('',#118660,1.0000000000000000E+00);
#118680=LINE('',#118650,#118670);
#118690=CARTESIAN_POINT('',(-2.8366284114095805E+01,
   2.1321376124790600E+01,2.6399999999999999E+01));
#118700=VERTEX_POINT('',#118690);
#118710=EDGE_CURVE('',#117040,#118700,#118680,.T.);
#118720=ORIENTED_EDGE('',*,*,#118710,.F.);
#118730=CARTESIAN_POINT('',(-2.8366284114095805E+01,
   2.1532171937368521E+01,2.6399999999999999E+01));
#118740=DIRECTION('',(0.0000000000000000E+00,0.0000000000000000E+00,
   1.0000000000000000E+00));
#118750=DIRECTION('',(1.0000000000000000E+00,0.0000000000000000E+00,
   0.0000000000000000E+00));
#118760=AXIS2_PLACEMENT_3D('',#118730,#118740,#118750);
#118770=CIRCLE('',#118760,2.1079581257792057E-01);
#118780=EDGE_CURVE('',#118700,#118390,#118770,.T.);
#118790=ORIENTED_EDGE('',*,*,#118780,.F.);
#118800=ORIENTED_EDGE('',*,*,#118400,.F.);
#118810=EDGE_LOOP('',(#118800,#118790,#118720,#118640));
#118820=FACE_OUTER_BOUND('',#118810,.T.);
#118830=ADVANCED_FACE('',(#118820),#118630,.F.);
#118840=COLOUR_RGB('',5.0196081399917603E-01,1.0000000000000000E+00,
   5.0196081399917603E-01);
#118850=FILL_AREA_STYLE_COLOUR('',#118840);
#118860=FILL_AREA_STYLE('',(#118850));
#118870=SURFACE_STYLE_FILL_AREA(#118860);
#118880=SURFACE_SIDE_STYLE('',(#118870));
#118890=SURFACE_STYLE_USAGE(.BOTH.,#118880);
#118900=PRESENTATION_STYLE_ASSIGNMENT((#118890));
#118910=CARTESIAN_POINT('',(-3.0944692488939808E+01,
   2.1321376124790600E+01,2.6500000000000000E+01));
#118920=DIRECTION('',(-0.0000000000000000E+00,-1.0000000000000000E+00,
   -0.0000000000000000E+00));
#118930=DIRECTION('',(-1.0000000000000000E+00,0.0000000000000000E+00,
   0.0000000000000000E+00));
#118940=AXIS2_PLACEMENT_3D('',#118910,#118920,#118930);
#118950=PLANE('',#118940);
#118960=ORIENTED_EDGE('',*,*,#117050,.T.);
#118970=CARTESIAN_POINT('',(-3.0944692488939808E+01,
   2.1321376124790600E+01,2.6500000000000000E+01));
#118980=DIRECTION('',(0.0000000000000000E+00,0.0000000000000000E+00,
   -1.0000000000000000E+00));
#118990=VECTOR('',#118980,1.0000000000000000E+00);
#119000=LINE('',#118970,#118990);
#119010=CARTESIAN_POINT('',(-3.0944692488939808E+01,
   2.1321376124790600E+01,2.6399999999999999E+01));
#119020=VERTEX_POINT('',#119010);
#119030=EDGE_CURVE('',#116960,#119020,#119000,.T.);
#119040=ORIENTED_EDGE('',*,*,#119030,.F.);
#119050=CARTESIAN_POINT('',(-2.8366284114095805E+01,
   2.1321376124790600E+01,2.6399999999999999E+01));
#119060=DIRECTION('',(-1.0000000000000000E+00,0.0000000000000000E+00,
   0.0000000000000000E+00));
#119070=VECTOR('',#119060,1.0000000000000000E+00);
#119080=LINE('',#119050,#119070);
#119090=EDGE_CURVE('',#118700,#119020,#119080,.T.);
#119100=ORIENTED_EDGE('',*,*,#119090,.T.);
#119110=ORIENTED_EDGE('',*,*,#118710,.T.);
#119120=EDGE_LOOP('',(#119110,#119100,#119040,#118960));
#119130=FACE_OUTER_BOUND('',#119120,.T.);
#119140=ADVANCED_FACE('',(#119130),#118950,.F.);
#119150=COLOUR_RGB('',5.0196081399917603E-01,1.0000000000000000E+00,
   5.0196081399917603E-01);
#119160=FILL_AREA_STYLE_COLOUR('',#119150);
#119170=FILL_AREA_STYLE('',(#119160));
#119180=SURFACE_STYLE_FILL_AREA(#119170);
#119190=SURFACE_SIDE_STYLE('',(#119180));
#119200=SURFACE_STYLE_USAGE(.BOTH.,#119190);
#119210=PRESENTATION_STYLE_ASSIGNMENT((#119200));
#119220=CARTESIAN_POINT('',(-3.0944692488939808E+01,
   2.1532171937368521E+01,2.6500000000000000E+01));
#119230=DIRECTION('',(0.0000000000000000E+00,0.0000000000000000E+00,
   1.0000000000000000E+00));
#119240=DIRECTION('',(1.0000000000000000E+00,0.0000000000000000E+00,
   0.0000000000000000E+00));
#119250=AXIS2_PLACEMENT_3D('',#119220,#119230,#119240);
#119260=CYLINDRICAL_SURFACE('',#119250,2.1079581257799873E-01);
#119270=ORIENTED_EDGE('',*,*,#116970,.T.);
#119280=CARTESIAN_POINT('',(-3.1155488301517806E+01,
   2.1532171937368521E+01,2.6500000000000000E+01));
#119290=DIRECTION('',(0.0000000000000000E+00,0.0000000000000000E+00,
   1.0000000000000000E+00));
#119300=VECTOR('',#119290,1.0000000000000000E+00);
#119310=LINE('',#119280,#119300);
#119320=CARTESIAN_POINT('',(-3.1155488301517806E+01,
   2.1532171937368521E+01,2.6399999999999999E+01));
#119330=VERTEX_POINT('',#119320);
#119340=EDGE_CURVE('',#119330,#116870,#119310,.T.);
#119350=ORIENTED_EDGE('',*,*,#119340,.T.);
#119360=CARTESIAN_POINT('',(-3.0944692488939808E+01,
   2.1532171937368521E+01,2.6399999999999999E+01));
#119370=DIRECTION('',(0.0000000000000000E+00,0.0000000000000000E+00,
   1.0000000000000000E+00));
#119380=DIRECTION('',(1.0000000000000000E+00,0.0000000000000000E+00,
   0.0000000000000000E+00));
#119390=AXIS2_PLACEMENT_3D('',#119360,#119370,#119380);
#119400=CIRCLE('',#119390,2.1079581257799873E-01);
#119410=EDGE_CURVE('',#119330,#119020,#119400,.T.);
#119420=ORIENTED_EDGE('',*,*,#119410,.F.);
#119430=ORIENTED_EDGE('',*,*,#119030,.T.);
#119440=EDGE_LOOP('',(#119430,#119420,#119350,#119270));
#119450=FACE_OUTER_BOUND('',#119440,.T.);
#119460=ADVANCED_FACE('',(#119450),#119260,.F.);
#119470=COLOUR_RGB('',5.0196081399917603E-01,1.0000000000000000E+00,
   5.0196081399917603E-01);
#119480=FILL_AREA_STYLE_COLOUR('',#119470);
#119490=FILL_AREA_STYLE('',(#119480));
#119500=SURFACE_STYLE_FILL_AREA(#119490);
#119510=SURFACE_SIDE_STYLE('',(#119500));
#119520=SURFACE_STYLE_USAGE(.BOTH.,#119510);
#119530=PRESENTATION_STYLE_ASSIGNMENT((#119520));
#119540=CARTESIAN_POINT('',(-3.1155488301517806E+01,
   2.4110580312212679E+01,2.6500000000000000E+01));
#119550=DIRECTION('',(-1.0000000000000000E+00,0.0000000000000000E+00,
   0.0000000000000000E+00));
#119560=DIRECTION('',(0.0000000000000000E+00,1.0000000000000000E+00,
   0.0000000000000000E+00));
#119570=AXIS2_PLACEMENT_3D('',#119540,#119550,#119560);
#119580=PLANE('',#119570);
#119590=ORIENTED_EDGE('',*,*,#116880,.T.);
#119600=CARTESIAN_POINT('',(-3.1155488301517728E+01,
   2.4110580312212679E+01,2.6500000000000000E+01));
#119610=DIRECTION('',(0.0000000000000000E+00,0.0000000000000000E+00,
   1.0000000000000000E+00));
#119620=VECTOR('',#119610,1.0000000000000000E+00);
#119630=LINE('',#119600,#119620);
#119640=CARTESIAN_POINT('',(-3.1155488301517728E+01,
   2.4110580312212679E+01,2.6399999999999999E+01));
#119650=VERTEX_POINT('',#119640);
#119660=EDGE_CURVE('',#119650,#116850,#119630,.T.);
#119670=ORIENTED_EDGE('',*,*,#119660,.T.);
#119680=CARTESIAN_POINT('',(-3.1155488301517806E+01,
   2.4110580312212679E+01,2.6399999999999999E+01));
#119690=DIRECTION('',(0.0000000000000000E+00,-1.0000000000000000E+00,
   0.0000000000000000E+00));
#119700=VECTOR('',#119690,1.0000000000000000E+00);
#119710=LINE('',#119680,#119700);
#119720=EDGE_CURVE('',#119650,#119330,#119710,.T.);
#119730=ORIENTED_EDGE('',*,*,#119720,.F.);
#119740=ORIENTED_EDGE('',*,*,#119340,.F.);
#119750=EDGE_LOOP('',(#119740,#119730,#119670,#119590));
#119760=FACE_OUTER_BOUND('',#119750,.T.);
#119770=ADVANCED_FACE('',(#119760),#119580,.F.);
#119780=COLOUR_RGB('',5.0196081399917603E-01,1.0000000000000000E+00,
   5.0196081399917603E-01);
#119790=FILL_AREA_STYLE_COLOUR('',#119780);
#119800=FILL_AREA_STYLE('',(#119790));
#119810=SURFACE_STYLE_FILL_AREA(#119800);
#119820=SURFACE_SIDE_STYLE('',(#119810));
#119830=SURFACE_STYLE_USAGE(.BOTH.,#119820);
#119840=PRESENTATION_STYLE_ASSIGNMENT((#119830));
#119850=CARTESIAN_POINT('',(-3.0944692488939808E+01,
   2.4110580312212679E+01,2.6500000000000000E+01));
#119860=DIRECTION('',(0.0000000000000000E+00,0.0000000000000000E+00,
   1.0000000000000000E+00));
#119870=DIRECTION('',(1.0000000000000000E+00,0.0000000000000000E+00,
   0.0000000000000000E+00));
#119880=AXIS2_PLACEMENT_3D('',#119850,#119860,#119870);
#119890=CYLINDRICAL_SURFACE('',#119880,2.1079581257792057E-01);
#119900=ORIENTED_EDGE('',*,*,#117460,.T.);
#119910=ORIENTED_EDGE('',*,*,#117840,.F.);
#119920=CARTESIAN_POINT('',(-3.0944692488939808E+01,
   2.4110580312212679E+01,2.6399999999999999E+01));
#119930=DIRECTION('',(0.0000000000000000E+00,0.0000000000000000E+00,
   1.0000000000000000E+00));
#119940=DIRECTION('',(1.0000000000000000E+00,0.0000000000000000E+00,
   0.0000000000000000E+00));
#119950=AXIS2_PLACEMENT_3D('',#119920,#119930,#119940);
#119960=CIRCLE('',#119950,2.1079581257792057E-01);
#119970=EDGE_CURVE('',#117770,#119650,#119960,.T.);
#119980=ORIENTED_EDGE('',*,*,#119970,.F.);
#119990=ORIENTED_EDGE('',*,*,#119660,.F.);
#120000=EDGE_LOOP('',(#119990,#119980,#119910,#119900));
#120010=FACE_OUTER_BOUND('',#120000,.T.);
#120020=ADVANCED_FACE('',(#120010),#119890,.F.);
#120030=COLOUR_RGB('',5.0196081399917603E-01,1.0000000000000000E+00,
   5.0196081399917603E-01);
#120040=FILL_AREA_STYLE_COLOUR('',#120030);
#120050=FILL_AREA_STYLE('',(#120040));
#120060=SURFACE_STYLE_FILL_AREA(#120050);
#120070=SURFACE_SIDE_STYLE('',(#120060));
#120080=SURFACE_STYLE_USAGE(.BOTH.,#120070);
#120090=PRESENTATION_STYLE_ASSIGNMENT((#120080));
#120100=CARTESIAN_POINT('',(-3.1965924803594248E+01,
   2.2278513770897955E+01,2.6399999999999999E+01));
#120110=DIRECTION('',(0.0000000000000000E+00,0.0000000000000000E+00,
   1.0000000000000000E+00));
#120120=DIRECTION('',(1.0000000000000000E+00,0.0000000000000000E+00,
   0.0000000000000000E+00));
#120130=AXIS2_PLACEMENT_3D('',#120100,#120110,#120120);
#120140=PLANE('',#120130);
#120150=ORIENTED_EDGE('',*,*,#119090,.F.);
#120160=ORIENTED_EDGE('',*,*,#119410,.T.);
#120170=ORIENTED_EDGE('',*,*,#119720,.T.);
#120180=ORIENTED_EDGE('',*,*,#119970,.T.);
#120190=ORIENTED_EDGE('',*,*,#117780,.F.);
#120200=ORIENTED_EDGE('',*,*,#118150,.T.);
#120210=ORIENTED_EDGE('',*,*,#118460,.F.);
#120220=ORIENTED_EDGE('',*,*,#118780,.T.);
#120230=EDGE_LOOP('',(#120220,#120210,#120200,#120190,#120180,#120170,
   #120160,#120150));
#120240=FACE_OUTER_BOUND('',#120230,.T.);
#120250=CARTESIAN_POINT('',(-2.9710644588612411E+01,
   2.3045184024564779E+01,2.6399999999999999E+01));
#120260=DIRECTION('',(0.0000000000000000E+00,0.0000000000000000E+00,
   1.0000000000000000E+00));
#120270=DIRECTION('',(1.0000000000000000E+00,0.0000000000000000E+00,
   0.0000000000000000E+00));
#120280=AXIS2_PLACEMENT_3D('',#120250,#120260,#120270);
#120290=CIRCLE('',#120280,4.5672426058546239E-01);
#120300=CARTESIAN_POINT('',(-2.9511254723635204E+01,
   2.2634281685861641E+01,2.6399999999999999E+01));
#120310=VERTEX_POINT('',#120300);
#120320=CARTESIAN_POINT('',(-2.9253920328026947E+01,
   2.3045184024564779E+01,2.6399999999999999E+01));
#120330=VERTEX_POINT('',#120320);
#120340=EDGE_CURVE('',#120310,#120330,#120290,.T.);
#120350=ORIENTED_EDGE('',*,*,#120340,.T.);
#120360=CARTESIAN_POINT('',(-2.9442235154989220E+01,
   2.2492046260925942E+01,2.6399999999999999E+01));
#120370=DIRECTION('',(0.0000000000000000E+00,0.0000000000000000E+00,
   1.0000000000000000E+00));
#120380=DIRECTION('',(1.0000000000000000E+00,0.0000000000000000E+00,
   0.0000000000000000E+00));
#120390=AXIS2_PLACEMENT_3D('',#120360,#120370,#120380);
#120400=CIRCLE('',#120390,1.5809685943344035E-01);
#120410=CARTESIAN_POINT('',(-2.9600332014422658E+01,
   2.2492046260925942E+01,2.6399999999999999E+01));
#120420=VERTEX_POINT('',#120410);
#120430=EDGE_CURVE('',#120310,#120420,#120400,.T.);
#120440=ORIENTED_EDGE('',*,*,#120430,.F.);
#120450=CARTESIAN_POINT('',(-2.9600332014422605E+01,
   2.2252097309953083E+01,2.6399999999999999E+01));
#120460=DIRECTION('',(0.0000000000000000E+00,1.0000000000000000E+00,
   0.0000000000000000E+00));
#120470=VECTOR('',#120460,1.0000000000000000E+00);
#120480=LINE('',#120450,#120470);
#120490=CARTESIAN_POINT('',(-2.9600332014422605E+01,
   2.2252097309953026E+01,2.6399999999999999E+01));
#120500=VERTEX_POINT('',#120490);
#120510=EDGE_CURVE('',#120500,#120420,#120480,.T.);
#120520=ORIENTED_EDGE('',*,*,#120510,.T.);
#120530=CARTESIAN_POINT('',(-2.9442235154989220E+01,
   2.2252097309953026E+01,2.6399999999999999E+01));
#120540=DIRECTION('',(0.0000000000000000E+00,0.0000000000000000E+00,
   1.0000000000000000E+00));
#120550=DIRECTION('',(1.0000000000000000E+00,0.0000000000000000E+00,
   0.0000000000000000E+00));
#120560=AXIS2_PLACEMENT_3D('',#120530,#120540,#120550);
#120570=CIRCLE('',#120560,1.5809685943338536E-01);
#120580=CARTESIAN_POINT('',(-2.9442235154989220E+01,
   2.2094000450519584E+01,2.6399999999999999E+01));
#120590=VERTEX_POINT('',#120580);
#120600=EDGE_CURVE('',#120500,#120590,#120570,.T.);
#120610=ORIENTED_EDGE('',*,*,#120600,.F.);
#120620=CARTESIAN_POINT('',(-2.9429583505175202E+01,
   2.2094000450519584E+01,2.6399999999999999E+01));
#120630=DIRECTION('',(-1.0000000000000000E+00,0.0000000000000000E+00,
   0.0000000000000000E+00));
#120640=VECTOR('',#120630,1.0000000000000000E+00);
#120650=LINE('',#120620,#120640);
#120660=CARTESIAN_POINT('',(-2.9429583505175202E+01,
   2.2094000450519584E+01,2.6399999999999999E+01));
#120670=VERTEX_POINT('',#120660);
#120680=EDGE_CURVE('',#120670,#120590,#120650,.T.);
#120690=ORIENTED_EDGE('',*,*,#120680,.T.);
#120700=CARTESIAN_POINT('',(-2.9429583505175202E+01,
   2.3045184024564779E+01,2.6399999999999999E+01));
#120710=DIRECTION('',(0.0000000000000000E+00,0.0000000000000000E+00,
   1.0000000000000000E+00));
#120720=DIRECTION('',(1.0000000000000000E+00,0.0000000000000000E+00,
   0.0000000000000000E+00));
#120730=AXIS2_PLACEMENT_3D('',#120700,#120710,#120720);
#120740=CIRCLE('',#120730,9.5118357404519926E-01);
#120750=CARTESIAN_POINT('',(-2.8478399931130003E+01,
   2.3045184024564779E+01,2.6399999999999999E+01));
#120760=VERTEX_POINT('',#120750);
#120770=EDGE_CURVE('',#120670,#120760,#120740,.T.);
#120780=ORIENTED_EDGE('',*,*,#120770,.F.);
#120790=CARTESIAN_POINT('',(-2.9429583505175202E+01,
   2.3996367598609961E+01,2.6399999999999999E+01));
#120800=VERTEX_POINT('',#120790);
#120810=EDGE_CURVE('',#120760,#120800,#120740,.T.);
#120820=ORIENTED_EDGE('',*,*,#120810,.F.);
#120830=CARTESIAN_POINT('',(-2.9429583505175202E+01,
   2.3996367598609961E+01,2.6399999999999999E+01));
#120840=DIRECTION('',(-1.0000000000000000E+00,0.0000000000000000E+00,
   0.0000000000000000E+00));
#120850=VECTOR('',#120840,1.0000000000000000E+00);
#120860=LINE('',#120830,#120850);
#120870=CARTESIAN_POINT('',(-2.9442235154989220E+01,
   2.3996367598609961E+01,2.6399999999999999E+01));
#120880=VERTEX_POINT('',#120870);
#120890=EDGE_CURVE('',#120800,#120880,#120860,.T.);
#120900=ORIENTED_EDGE('',*,*,#120890,.F.);
#120910=CARTESIAN_POINT('',(-2.9442235154989220E+01,
   2.3838270739176519E+01,2.6399999999999999E+01));
#120920=DIRECTION('',(0.0000000000000000E+00,0.0000000000000000E+00,
   1.0000000000000000E+00));
#120930=DIRECTION('',(1.0000000000000000E+00,0.0000000000000000E+00,
   0.0000000000000000E+00));
#120940=AXIS2_PLACEMENT_3D('',#120910,#120920,#120930);
#120950=CIRCLE('',#120940,1.5809685943344043E-01);
#120960=CARTESIAN_POINT('',(-2.9600332014422662E+01,
   2.3838270739176519E+01,2.6399999999999999E+01));
#120970=VERTEX_POINT('',#120960);
#120980=EDGE_CURVE('',#120880,#120970,#120950,.T.);
#120990=ORIENTED_EDGE('',*,*,#120980,.F.);
#121000=CARTESIAN_POINT('',(-2.9600332014422804E+01,
   2.3598321788203702E+01,2.6399999999999999E+01));
#121010=DIRECTION('',(0.0000000000000000E+00,1.0000000000000000E+00,
   0.0000000000000000E+00));
#121020=VECTOR('',#121010,1.0000000000000000E+00);
#121030=LINE('',#121000,#121020);
#121040=CARTESIAN_POINT('',(-2.9600332014422804E+01,
   2.3598321788203702E+01,2.6399999999999999E+01));
#121050=VERTEX_POINT('',#121040);
#121060=EDGE_CURVE('',#121050,#120970,#121030,.T.);
#121070=ORIENTED_EDGE('',*,*,#121060,.T.);
#121080=CARTESIAN_POINT('',(-2.9442235154989220E+01,
   2.3598321788203702E+01,2.6399999999999999E+01));
#121090=DIRECTION('',(0.0000000000000000E+00,0.0000000000000000E+00,
   1.0000000000000000E+00));
#121100=DIRECTION('',(1.0000000000000000E+00,0.0000000000000000E+00,
   0.0000000000000000E+00));
#121110=AXIS2_PLACEMENT_3D('',#121080,#121090,#121100);
#121120=CIRCLE('',#121110,1.5809685943358431E-01);
#121130=CARTESIAN_POINT('',(-2.9511254723635204E+01,
   2.3456086363267982E+01,2.6399999999999999E+01));
#121140=VERTEX_POINT('',#121130);
#121150=EDGE_CURVE('',#121050,#121140,#121120,.T.);
#121160=ORIENTED_EDGE('',*,*,#121150,.F.);
#121170=EDGE_CURVE('',#120330,#121140,#120290,.T.);
#121180=ORIENTED_EDGE('',*,*,#121170,.T.);
#121190=EDGE_LOOP('',(#121180,#121160,#121070,#120990,#120900,#120820,
   #120780,#120690,#120610,#120520,#120440,#120350));
#121200=FACE_BOUND('',#121190,.T.);
#121210=CARTESIAN_POINT('',(-2.9979054022235516E+01,
   2.3838270739176519E+01,2.6399999999999999E+01));
#121220=DIRECTION('',(0.0000000000000000E+00,0.0000000000000000E+00,
   1.0000000000000000E+00));
#121230=DIRECTION('',(1.0000000000000000E+00,0.0000000000000000E+00,
   0.0000000000000000E+00));
#121240=AXIS2_PLACEMENT_3D('',#121210,#121220,#121230);
#121250=CIRCLE('',#121240,1.5809685943361274E-01);
#121260=CARTESIAN_POINT('',(-2.9820957162801903E+01,
   2.3838270739176519E+01,2.6399999999999999E+01));
#121270=VERTEX_POINT('',#121260);
#121280=CARTESIAN_POINT('',(-2.9979054022235516E+01,
   2.3996367598609961E+01,2.6399999999999999E+01));
#121290=VERTEX_POINT('',#121280);
#121300=EDGE_CURVE('',#121270,#121290,#121250,.T.);
#121310=ORIENTED_EDGE('',*,*,#121300,.F.);
#121320=CARTESIAN_POINT('',(-3.0655673471076625E+01,
   2.3996367598609975E+01,2.6399999999999999E+01));
#121330=DIRECTION('',(1.0000000000000000E+00,-2.8878751958534577E-14,
   0.0000000000000000E+00));
#121340=VECTOR('',#121330,1.0000000000000000E+00);
#121350=LINE('',#121320,#121340);
#121360=CARTESIAN_POINT('',(-3.0655673471076625E+01,
   2.3996367598609975E+01,2.6399999999999999E+01));
#121370=VERTEX_POINT('',#121360);
#121380=EDGE_CURVE('',#121370,#121290,#121350,.T.);
#121390=ORIENTED_EDGE('',*,*,#121380,.T.);
#121400=CARTESIAN_POINT('',(-3.0655673471076625E+01,
   2.3838270739176540E+01,2.6399999999999999E+01));
#121410=DIRECTION('',(0.0000000000000000E+00,0.0000000000000000E+00,
   1.0000000000000000E+00));
#121420=DIRECTION('',(1.0000000000000000E+00,0.0000000000000000E+00,
   0.0000000000000000E+00));
#121430=AXIS2_PLACEMENT_3D('',#121400,#121410,#121420);
#121440=CIRCLE('',#121430,1.5809685943344043E-01);
#121450=CARTESIAN_POINT('',(-3.0813770330510067E+01,
   2.3838270739176540E+01,2.6399999999999999E+01));
#121460=VERTEX_POINT('',#121450);
#121470=EDGE_CURVE('',#121370,#121460,#121440,.T.);
#121480=ORIENTED_EDGE('',*,*,#121470,.F.);
#121490=CARTESIAN_POINT('',(-3.0813770330510124E+01,
   2.3838270739176540E+01,2.6399999999999999E+01));
#121500=DIRECTION('',(0.0000000000000000E+00,-1.0000000000000000E+00,
   0.0000000000000000E+00));
#121510=VECTOR('',#121500,1.0000000000000000E+00);
#121520=LINE('',#121490,#121510);
#121530=CARTESIAN_POINT('',(-3.0813770330510124E+01,
   2.1804481510412483E+01,2.6399999999999999E+01));
#121540=VERTEX_POINT('',#121530);
#121550=EDGE_CURVE('',#121460,#121540,#121520,.T.);
#121560=ORIENTED_EDGE('',*,*,#121550,.F.);
#121570=CARTESIAN_POINT('',(-3.0655673471076625E+01,
   2.1804481510412483E+01,2.6399999999999999E+01));
#121580=DIRECTION('',(0.0000000000000000E+00,0.0000000000000000E+00,
   1.0000000000000000E+00));
#121590=DIRECTION('',(1.0000000000000000E+00,0.0000000000000000E+00,
   0.0000000000000000E+00));
#121600=AXIS2_PLACEMENT_3D('',#121570,#121580,#121590);
#121610=CIRCLE('',#121600,1.5809685943349905E-01);
#121620=CARTESIAN_POINT('',(-3.0655673471076625E+01,
   2.1646384650979041E+01,2.6399999999999999E+01));
#121630=VERTEX_POINT('',#121620);
#121640=EDGE_CURVE('',#121540,#121630,#121610,.T.);
#121650=ORIENTED_EDGE('',*,*,#121640,.F.);
#121660=CARTESIAN_POINT('',(-2.9979054022235516E+01,
   2.1646384650979041E+01,2.6399999999999999E+01));
#121670=DIRECTION('',(-1.0000000000000000E+00,0.0000000000000000E+00,
   0.0000000000000000E+00));
#121680=VECTOR('',#121670,1.0000000000000000E+00);
#121690=LINE('',#121660,#121680);
#121700=CARTESIAN_POINT('',(-2.9979054022235516E+01,
   2.1646384650979041E+01,2.6399999999999999E+01));
#121710=VERTEX_POINT('',#121700);
#121720=EDGE_CURVE('',#121710,#121630,#121690,.T.);
#121730=ORIENTED_EDGE('',*,*,#121720,.T.);
#121740=CARTESIAN_POINT('',(-2.9979054022235516E+01,
   2.1804481510412483E+01,2.6399999999999999E+01));
#121750=DIRECTION('',(0.0000000000000000E+00,0.0000000000000000E+00,
   1.0000000000000000E+00));
#121760=DIRECTION('',(1.0000000000000000E+00,0.0000000000000000E+00,
   0.0000000000000000E+00));
#121770=AXIS2_PLACEMENT_3D('',#121740,#121750,#121760);
#121780=CIRCLE('',#121770,1.5809685943343865E-01);
#121790=CARTESIAN_POINT('',(-2.9820957162802078E+01,
   2.1804481510412483E+01,2.6399999999999999E+01));
#121800=VERTEX_POINT('',#121790);
#121810=EDGE_CURVE('',#121710,#121800,#121780,.T.);
#121820=ORIENTED_EDGE('',*,*,#121810,.F.);
#121830=CARTESIAN_POINT('',(-2.9820957162802216E+01,
   2.2492046260925942E+01,2.6399999999999999E+01));
#121840=DIRECTION('',(0.0000000000000000E+00,-1.0000000000000000E+00,
   0.0000000000000000E+00));
#121850=VECTOR('',#121840,1.0000000000000000E+00);
#121860=LINE('',#121830,#121850);
#121870=CARTESIAN_POINT('',(-2.9820957162802216E+01,
   2.2492046260925942E+01,2.6399999999999999E+01));
#121880=VERTEX_POINT('',#121870);
#121890=EDGE_CURVE('',#121880,#121800,#121860,.T.);
#121900=ORIENTED_EDGE('',*,*,#121890,.T.);
#121910=CARTESIAN_POINT('',(-2.9979054022235516E+01,
   2.2492046260925942E+01,2.6399999999999999E+01));
#121920=DIRECTION('',(0.0000000000000000E+00,0.0000000000000000E+00,
   1.0000000000000000E+00));
#121930=DIRECTION('',(1.0000000000000000E+00,0.0000000000000000E+00,
   0.0000000000000000E+00));
#121940=AXIS2_PLACEMENT_3D('',#121910,#121920,#121930);
#121950=CIRCLE('',#121940,1.5809685943330010E-01);
#121960=CARTESIAN_POINT('',(-2.9910034453589617E+01,
   2.2634281685861641E+01,2.6399999999999999E+01));
#121970=VERTEX_POINT('',#121960);
#121980=EDGE_CURVE('',#121880,#121970,#121950,.T.);
#121990=ORIENTED_EDGE('',*,*,#121980,.F.);
#122000=CARTESIAN_POINT('',(-2.9710644588612411E+01,
   2.3045184024564779E+01,2.6399999999999999E+01));
#122010=DIRECTION('',(0.0000000000000000E+00,0.0000000000000000E+00,
   1.0000000000000000E+00));
#122020=DIRECTION('',(1.0000000000000000E+00,0.0000000000000000E+00,
   0.0000000000000000E+00));
#122030=AXIS2_PLACEMENT_3D('',#122000,#122010,#122020);
#122040=CIRCLE('',#122030,4.5672426058551835E-01);
#122050=CARTESIAN_POINT('',(-3.0167368849197928E+01,
   2.3045184024564779E+01,2.6399999999999999E+01));
#122060=VERTEX_POINT('',#122050);
#122070=EDGE_CURVE('',#122060,#121970,#122040,.T.);
#122080=ORIENTED_EDGE('',*,*,#122070,.T.);
#122090=CARTESIAN_POINT('',(-2.9910034453589617E+01,
   2.3456086363267982E+01,2.6399999999999999E+01));
#122100=VERTEX_POINT('',#122090);
#122110=EDGE_CURVE('',#122100,#122060,#122040,.T.);
#122120=ORIENTED_EDGE('',*,*,#122110,.T.);
#122130=CARTESIAN_POINT('',(-2.9979054022235516E+01,
   2.3598321788203702E+01,2.6399999999999999E+01));
#122140=DIRECTION('',(0.0000000000000000E+00,0.0000000000000000E+00,
   1.0000000000000000E+00));
#122150=DIRECTION('',(1.0000000000000000E+00,0.0000000000000000E+00,
   0.0000000000000000E+00));
#122160=AXIS2_PLACEMENT_3D('',#122130,#122140,#122150);
#122170=CIRCLE('',#122160,1.5809685943342069E-01);
#122180=CARTESIAN_POINT('',(-2.9820957162802095E+01,
   2.3598321788203702E+01,2.6399999999999999E+01));
#122190=VERTEX_POINT('',#122180);
#122200=EDGE_CURVE('',#122100,#122190,#122170,.T.);
#122210=ORIENTED_EDGE('',*,*,#122200,.F.);
#122220=CARTESIAN_POINT('',(-2.9820957162801903E+01,
   2.3838270739176441E+01,2.6399999999999999E+01));
#122230=DIRECTION('',(0.0000000000000000E+00,-1.0000000000000000E+00,
   0.0000000000000000E+00));
#122240=VECTOR('',#122230,1.0000000000000000E+00);
#122250=LINE('',#122220,#122240);
#122260=EDGE_CURVE('',#121270,#122190,#122250,.T.);
#122270=ORIENTED_EDGE('',*,*,#122260,.T.);
#122280=EDGE_LOOP('',(#122270,#122210,#122120,#122080,#121990,#121900,
   #121820,#121730,#121650,#121560,#121480,#121390,#121310));
#122290=FACE_BOUND('',#122280,.T.);
#122300=CARTESIAN_POINT('',(-2.9710644588612411E+01,
   2.3045184024564779E+01,2.6399999999999999E+01));
#122310=DIRECTION('',(0.0000000000000000E+00,0.0000000000000000E+00,
   1.0000000000000000E+00));
#122320=DIRECTION('',(1.0000000000000000E+00,0.0000000000000000E+00,
   0.0000000000000000E+00));
#122330=AXIS2_PLACEMENT_3D('',#122300,#122310,#122320);
#122340=CIRCLE('',#122330,2.2836213029279406E-01);
#122350=CARTESIAN_POINT('',(-2.9482282458319617E+01,
   2.3045184024564779E+01,2.6399999999999999E+01));
#122360=VERTEX_POINT('',#122350);
#122370=CARTESIAN_POINT('',(-2.9939006718905205E+01,
   2.3045184024564779E+01,2.6399999999999999E+01));
#122380=VERTEX_POINT('',#122370);
#122390=EDGE_CURVE('',#122360,#122380,#122340,.T.);
#122400=ORIENTED_EDGE('',*,*,#122390,.F.);
#122410=EDGE_CURVE('',#122380,#122360,#122340,.T.);
#122420=ORIENTED_EDGE('',*,*,#122410,.F.);
#122430=EDGE_LOOP('',(#122420,#122400));
#122440=FACE_BOUND('',#122430,.T.);
#122450=ADVANCED_FACE('',(#120240,#121200,#122290,#122440),#120140,.T.);
#122460=COLOUR_RGB('',5.0196081399917603E-01,1.0000000000000000E+00,
   5.0196081399917603E-01);
#122470=FILL_AREA_STYLE_COLOUR('',#122460);
#122480=FILL_AREA_STYLE('',(#122470));
#122490=SURFACE_STYLE_FILL_AREA(#122480);
#122500=SURFACE_SIDE_STYLE('',(#122490));
#122510=SURFACE_STYLE_USAGE(.BOTH.,#122500);
#122520=PRESENTATION_STYLE_ASSIGNMENT((#122510));
#122530=CARTESIAN_POINT('',(-2.9710644588612411E+01,
   2.3045184024564779E+01,2.6500000000000000E+01));
#122540=DIRECTION('',(0.0000000000000000E+00,0.0000000000000000E+00,
   1.0000000000000000E+00));
#122550=DIRECTION('',(1.0000000000000000E+00,0.0000000000000000E+00,
   0.0000000000000000E+00));
#122560=AXIS2_PLACEMENT_3D('',#122530,#122540,#122550);
#122570=CYLINDRICAL_SURFACE('',#122560,4.5672426058546239E-01);
#122580=CARTESIAN_POINT('',(-2.9710644588612411E+01,
   2.3045184024564779E+01,2.6500000000000000E+01));
#122590=DIRECTION('',(0.0000000000000000E+00,0.0000000000000000E+00,
   1.0000000000000000E+00));
#122600=DIRECTION('',(1.0000000000000000E+00,0.0000000000000000E+00,
   0.0000000000000000E+00));
#122610=AXIS2_PLACEMENT_3D('',#122580,#122590,#122600);
#122620=CIRCLE('',#122610,4.5672426058546239E-01);
#122630=CARTESIAN_POINT('',(-2.9253920328026947E+01,
   2.3045184024564779E+01,2.6500000000000000E+01));
#122640=VERTEX_POINT('',#122630);
#122650=CARTESIAN_POINT('',(-2.9511254723635261E+01,
   2.3456086363267868E+01,2.6500000000000000E+01));
#122660=VERTEX_POINT('',#122650);
#122670=EDGE_CURVE('',#122640,#122660,#122620,.T.);
#122680=ORIENTED_EDGE('',*,*,#122670,.T.);
#122690=CARTESIAN_POINT('',(-2.9253920328026947E+01,
   2.3045184024564779E+01,2.6500000000000000E+01));
#122700=DIRECTION('',(0.0000000000000000E+00,0.0000000000000000E+00,
   1.0000000000000000E+00));
#122710=VECTOR('',#122700,1.0000000000000000E+00);
#122720=LINE('',#122690,#122710);
#122730=EDGE_CURVE('',#120330,#122640,#122720,.T.);
#122740=ORIENTED_EDGE('',*,*,#122730,.T.);
#122750=ORIENTED_EDGE('',*,*,#121170,.F.);
#122760=CARTESIAN_POINT('',(-2.9511254723635204E+01,
   2.3456086363267982E+01,2.6500000000000000E+01));
#122770=DIRECTION('',(0.0000000000000000E+00,0.0000000000000000E+00,
   -1.0000000000000000E+00));
#122780=VECTOR('',#122770,1.0000000000000000E+00);
#122790=LINE('',#122760,#122780);
#122800=EDGE_CURVE('',#122660,#121140,#122790,.T.);
#122810=ORIENTED_EDGE('',*,*,#122800,.T.);
#122820=EDGE_LOOP('',(#122810,#122750,#122740,#122680));
#122830=FACE_OUTER_BOUND('',#122820,.T.);
#122840=ADVANCED_FACE('',(#122830),#122570,.F.);
#122850=COLOUR_RGB('',5.0196081399917603E-01,1.0000000000000000E+00,
   5.0196081399917603E-01);
#122860=FILL_AREA_STYLE_COLOUR('',#122850);
#122870=FILL_AREA_STYLE('',(#122860));
#122880=SURFACE_STYLE_FILL_AREA(#122870);
#122890=SURFACE_SIDE_STYLE('',(#122880));
#122900=SURFACE_STYLE_USAGE(.BOTH.,#122890);
#122910=PRESENTATION_STYLE_ASSIGNMENT((#122900));
#122920=CARTESIAN_POINT('',(-2.9442235154989220E+01,
   2.3598321788203702E+01,2.6500000000000000E+01));
#122930=DIRECTION('',(0.0000000000000000E+00,0.0000000000000000E+00,
   1.0000000000000000E+00));
#122940=DIRECTION('',(1.0000000000000000E+00,0.0000000000000000E+00,
   0.0000000000000000E+00));
#122950=AXIS2_PLACEMENT_3D('',#122920,#122930,#122940);
#122960=CYLINDRICAL_SURFACE('',#122950,1.5809685943358431E-01);
#122970=CARTESIAN_POINT('',(-2.9442235154989220E+01,
   2.3598321788203702E+01,2.6500000000000000E+01));
#122980=DIRECTION('',(0.0000000000000000E+00,0.0000000000000000E+00,
   1.0000000000000000E+00));
#122990=DIRECTION('',(1.0000000000000000E+00,0.0000000000000000E+00,
   0.0000000000000000E+00));
#123000=AXIS2_PLACEMENT_3D('',#122970,#122980,#122990);
#123010=CIRCLE('',#123000,1.5809685943358431E-01);
#123020=CARTESIAN_POINT('',(-2.9600332014422804E+01,
   2.3598321788203702E+01,2.6500000000000000E+01));
#123030=VERTEX_POINT('',#123020);
#123040=EDGE_CURVE('',#123030,#122660,#123010,.T.);
#123050=ORIENTED_EDGE('',*,*,#123040,.F.);
#123060=ORIENTED_EDGE('',*,*,#122800,.F.);
#123070=ORIENTED_EDGE('',*,*,#121150,.T.);
#123080=CARTESIAN_POINT('',(-2.9600332014422804E+01,
   2.3598321788203702E+01,2.6500000000000000E+01));
#123090=DIRECTION('',(0.0000000000000000E+00,0.0000000000000000E+00,
   1.0000000000000000E+00));
#123100=VECTOR('',#123090,1.0000000000000000E+00);
#123110=LINE('',#123080,#123100);
#123120=EDGE_CURVE('',#121050,#123030,#123110,.T.);
#123130=ORIENTED_EDGE('',*,*,#123120,.F.);
#123140=EDGE_LOOP('',(#123130,#123070,#123060,#123050));
#123150=FACE_OUTER_BOUND('',#123140,.T.);
#123160=ADVANCED_FACE('',(#123150),#122960,.T.);
#123170=COLOUR_RGB('',5.0196081399917603E-01,1.0000000000000000E+00,
   5.0196081399917603E-01);
#123180=FILL_AREA_STYLE_COLOUR('',#123170);
#123190=FILL_AREA_STYLE('',(#123180));
#123200=SURFACE_STYLE_FILL_AREA(#123190);
#123210=SURFACE_SIDE_STYLE('',(#123200));
#123220=SURFACE_STYLE_USAGE(.BOTH.,#123210);
#123230=PRESENTATION_STYLE_ASSIGNMENT((#123220));
#123240=CARTESIAN_POINT('',(-2.9442235154989220E+01,
   2.2492046260925942E+01,2.6500000000000000E+01));
#123250=DIRECTION('',(0.0000000000000000E+00,0.0000000000000000E+00,
   1.0000000000000000E+00));
#123260=DIRECTION('',(1.0000000000000000E+00,0.0000000000000000E+00,
   0.0000000000000000E+00));
#123270=AXIS2_PLACEMENT_3D('',#123240,#123250,#123260);
#123280=CYLINDRICAL_SURFACE('',#123270,1.5809685943344035E-01);
#123290=CARTESIAN_POINT('',(-2.9442235154989220E+01,
   2.2492046260925942E+01,2.6500000000000000E+01));
#123300=DIRECTION('',(0.0000000000000000E+00,0.0000000000000000E+00,
   1.0000000000000000E+00));
#123310=DIRECTION('',(1.0000000000000000E+00,0.0000000000000000E+00,
   0.0000000000000000E+00));
#123320=AXIS2_PLACEMENT_3D('',#123290,#123300,#123310);
#123330=CIRCLE('',#123320,1.5809685943344035E-01);
#123340=CARTESIAN_POINT('',(-2.9511254723635204E+01,
   2.2634281685861641E+01,2.6500000000000000E+01));
#123350=VERTEX_POINT('',#123340);
#123360=CARTESIAN_POINT('',(-2.9600332014422658E+01,
   2.2492046260925942E+01,2.6500000000000000E+01));
#123370=VERTEX_POINT('',#123360);
#123380=EDGE_CURVE('',#123350,#123370,#123330,.T.);
#123390=ORIENTED_EDGE('',*,*,#123380,.F.);
#123400=CARTESIAN_POINT('',(-2.9600332014422658E+01,
   2.2492046260925942E+01,2.6500000000000000E+01));
#123410=DIRECTION('',(0.0000000000000000E+00,0.0000000000000000E+00,
   1.0000000000000000E+00));
#123420=VECTOR('',#123410,1.0000000000000000E+00);
#123430=LINE('',#123400,#123420);
#123440=EDGE_CURVE('',#120420,#123370,#123430,.T.);
#123450=ORIENTED_EDGE('',*,*,#123440,.T.);
#123460=ORIENTED_EDGE('',*,*,#120430,.T.);
#123470=CARTESIAN_POINT('',(-2.9511254723635204E+01,
   2.2634281685861641E+01,2.6500000000000000E+01));
#123480=DIRECTION('',(0.0000000000000000E+00,0.0000000000000000E+00,
   -1.0000000000000000E+00));
#123490=VECTOR('',#123480,1.0000000000000000E+00);
#123500=LINE('',#123470,#123490);
#123510=EDGE_CURVE('',#123350,#120310,#123500,.T.);
#123520=ORIENTED_EDGE('',*,*,#123510,.T.);
#123530=EDGE_LOOP('',(#123520,#123460,#123450,#123390));
#123540=FACE_OUTER_BOUND('',#123530,.T.);
#123550=ADVANCED_FACE('',(#123540),#123280,.T.);
#123560=COLOUR_RGB('',5.0196081399917603E-01,1.0000000000000000E+00,
   5.0196081399917603E-01);
#123570=FILL_AREA_STYLE_COLOUR('',#123560);
#123580=FILL_AREA_STYLE('',(#123570));
#123590=SURFACE_STYLE_FILL_AREA(#123580);
#123600=SURFACE_SIDE_STYLE('',(#123590));
#123610=SURFACE_STYLE_USAGE(.BOTH.,#123600);
#123620=PRESENTATION_STYLE_ASSIGNMENT((#123610));
#123630=CARTESIAN_POINT('',(-2.9600332014422605E+01,
   2.2252097309953083E+01,2.6500000000000000E+01));
#123640=DIRECTION('',(1.0000000000000000E+00,0.0000000000000000E+00,
   0.0000000000000000E+00));
#123650=DIRECTION('',(0.0000000000000000E+00,-1.0000000000000000E+00,
   0.0000000000000000E+00));
#123660=AXIS2_PLACEMENT_3D('',#123630,#123640,#123650);
#123670=PLANE('',#123660);
#123680=CARTESIAN_POINT('',(-2.9600332014422605E+01,
   0.0000000000000000E+00,2.6500000000000000E+01));
#123690=DIRECTION('',(0.0000000000000000E+00,1.0000000000000000E+00,
   0.0000000000000000E+00));
#123700=VECTOR('',#123690,1.0000000000000000E+00);
#123710=LINE('',#123680,#123700);
#123720=CARTESIAN_POINT('',(-2.9600332014422605E+01,
   2.2252097309953026E+01,2.6500000000000000E+01));
#123730=VERTEX_POINT('',#123720);
#123740=EDGE_CURVE('',#123730,#123370,#123710,.T.);
#123750=ORIENTED_EDGE('',*,*,#123740,.T.);
#123760=CARTESIAN_POINT('',(-2.9600332014422605E+01,
   2.2252097309953026E+01,2.6500000000000000E+01));
#123770=DIRECTION('',(0.0000000000000000E+00,0.0000000000000000E+00,
   1.0000000000000000E+00));
#123780=VECTOR('',#123770,1.0000000000000000E+00);
#123790=LINE('',#123760,#123780);
#123800=EDGE_CURVE('',#120500,#123730,#123790,.T.);
#123810=ORIENTED_EDGE('',*,*,#123800,.T.);
#123820=ORIENTED_EDGE('',*,*,#120510,.F.);
#123830=ORIENTED_EDGE('',*,*,#123440,.F.);
#123840=EDGE_LOOP('',(#123830,#123820,#123810,#123750));
#123850=FACE_OUTER_BOUND('',#123840,.T.);
#123860=ADVANCED_FACE('',(#123850),#123670,.F.);
#123870=COLOUR_RGB('',5.0196081399917603E-01,1.0000000000000000E+00,
   5.0196081399917603E-01);
#123880=FILL_AREA_STYLE_COLOUR('',#123870);
#123890=FILL_AREA_STYLE('',(#123880));
#123900=SURFACE_STYLE_FILL_AREA(#123890);
#123910=SURFACE_SIDE_STYLE('',(#123900));
#123920=SURFACE_STYLE_USAGE(.BOTH.,#123910);
#123930=PRESENTATION_STYLE_ASSIGNMENT((#123920));
#123940=CARTESIAN_POINT('',(-2.9442235154989220E+01,
   2.2252097309953026E+01,2.6500000000000000E+01));
#123950=DIRECTION('',(0.0000000000000000E+00,0.0000000000000000E+00,
   1.0000000000000000E+00));
#123960=DIRECTION('',(1.0000000000000000E+00,0.0000000000000000E+00,
   0.0000000000000000E+00));
#123970=AXIS2_PLACEMENT_3D('',#123940,#123950,#123960);
#123980=CYLINDRICAL_SURFACE('',#123970,1.5809685943338536E-01);
#123990=CARTESIAN_POINT('',(-2.9442235154989220E+01,
   2.2252097309953026E+01,2.6500000000000000E+01));
#124000=DIRECTION('',(0.0000000000000000E+00,0.0000000000000000E+00,
   1.0000000000000000E+00));
#124010=DIRECTION('',(1.0000000000000000E+00,0.0000000000000000E+00,
   0.0000000000000000E+00));
#124020=AXIS2_PLACEMENT_3D('',#123990,#124000,#124010);
#124030=CIRCLE('',#124020,1.5809685943338536E-01);
#124040=CARTESIAN_POINT('',(-2.9442235154989220E+01,
   2.2094000450519641E+01,2.6500000000000000E+01));
#124050=VERTEX_POINT('',#124040);
#124060=EDGE_CURVE('',#123730,#124050,#124030,.T.);
#124070=ORIENTED_EDGE('',*,*,#124060,.F.);
#124080=CARTESIAN_POINT('',(-2.9442235154989220E+01,
   2.2094000450519584E+01,2.6500000000000000E+01));
#124090=DIRECTION('',(0.0000000000000000E+00,0.0000000000000000E+00,
   -1.0000000000000000E+00));
#124100=VECTOR('',#124090,1.0000000000000000E+00);
#124110=LINE('',#124080,#124100);
#124120=EDGE_CURVE('',#124050,#120590,#124110,.T.);
#124130=ORIENTED_EDGE('',*,*,#124120,.F.);
#124140=ORIENTED_EDGE('',*,*,#120600,.T.);
#124150=ORIENTED_EDGE('',*,*,#123800,.F.);
#124160=EDGE_LOOP('',(#124150,#124140,#124130,#124070));
#124170=FACE_OUTER_BOUND('',#124160,.T.);
#124180=ADVANCED_FACE('',(#124170),#123980,.T.);
#124190=COLOUR_RGB('',5.0196081399917603E-01,1.0000000000000000E+00,
   5.0196081399917603E-01);
#124200=FILL_AREA_STYLE_COLOUR('',#124190);
#124210=FILL_AREA_STYLE('',(#124200));
#124220=SURFACE_STYLE_FILL_AREA(#124210);
#124230=SURFACE_SIDE_STYLE('',(#124220));
#124240=SURFACE_STYLE_USAGE(.BOTH.,#124230);
#124250=PRESENTATION_STYLE_ASSIGNMENT((#124240));
#124260=CARTESIAN_POINT('',(-2.9429583505175202E+01,
   2.2094000450519584E+01,2.6500000000000000E+01));
#124270=DIRECTION('',(-0.0000000000000000E+00,1.0000000000000000E+00,
   0.0000000000000000E+00));
#124280=DIRECTION('',(1.0000000000000000E+00,0.0000000000000000E+00,
   0.0000000000000000E+00));
#124290=AXIS2_PLACEMENT_3D('',#124260,#124270,#124280);
#124300=PLANE('',#124290);
#124310=CARTESIAN_POINT('',(0.0000000000000000E+00,
   2.2094000450519584E+01,2.6500000000000000E+01));
#124320=DIRECTION('',(-1.0000000000000000E+00,0.0000000000000000E+00,
   0.0000000000000000E+00));
#124330=VECTOR('',#124320,1.0000000000000000E+00);
#124340=LINE('',#124310,#124330);
#124350=CARTESIAN_POINT('',(-2.9429583505175202E+01,
   2.2094000450519584E+01,2.6500000000000000E+01));
#124360=VERTEX_POINT('',#124350);
#124370=EDGE_CURVE('',#124360,#124050,#124340,.T.);
#124380=ORIENTED_EDGE('',*,*,#124370,.T.);
#124390=CARTESIAN_POINT('',(-2.9429583505175202E+01,
   2.2094000450519584E+01,2.6500000000000000E+01));
#124400=DIRECTION('',(0.0000000000000000E+00,0.0000000000000000E+00,
   -1.0000000000000000E+00));
#124410=VECTOR('',#124400,1.0000000000000000E+00);
#124420=LINE('',#124390,#124410);
#124430=EDGE_CURVE('',#124360,#120670,#124420,.T.);
#124440=ORIENTED_EDGE('',*,*,#124430,.F.);
#124450=ORIENTED_EDGE('',*,*,#120680,.F.);
#124460=ORIENTED_EDGE('',*,*,#124120,.T.);
#124470=EDGE_LOOP('',(#124460,#124450,#124440,#124380));
#124480=FACE_OUTER_BOUND('',#124470,.T.);
#124490=ADVANCED_FACE('',(#124480),#124300,.F.);
#124500=COLOUR_RGB('',5.0196081399917603E-01,1.0000000000000000E+00,
   5.0196081399917603E-01);
#124510=FILL_AREA_STYLE_COLOUR('',#124500);
#124520=FILL_AREA_STYLE('',(#124510));
#124530=SURFACE_STYLE_FILL_AREA(#124520);
#124540=SURFACE_SIDE_STYLE('',(#124530));
#124550=SURFACE_STYLE_USAGE(.BOTH.,#124540);
#124560=PRESENTATION_STYLE_ASSIGNMENT((#124550));
#124570=CARTESIAN_POINT('',(-2.9429583505175202E+01,
   2.3045184024564779E+01,2.6500000000000000E+01));
#124580=DIRECTION('',(0.0000000000000000E+00,0.0000000000000000E+00,
   1.0000000000000000E+00));
#124590=DIRECTION('',(1.0000000000000000E+00,0.0000000000000000E+00,
   0.0000000000000000E+00));
#124600=AXIS2_PLACEMENT_3D('',#124570,#124580,#124590);
#124610=CYLINDRICAL_SURFACE('',#124600,9.5118357404519926E-01);
#124620=CARTESIAN_POINT('',(-2.9429583505175202E+01,
   2.3045184024564779E+01,2.6500000000000000E+01));
#124630=DIRECTION('',(0.0000000000000000E+00,0.0000000000000000E+00,
   1.0000000000000000E+00));
#124640=DIRECTION('',(1.0000000000000000E+00,0.0000000000000000E+00,
   0.0000000000000000E+00));
#124650=AXIS2_PLACEMENT_3D('',#124620,#124630,#124640);
#124660=CIRCLE('',#124650,9.5118357404519926E-01);
#124670=CARTESIAN_POINT('',(-2.8478399931130003E+01,
   2.3045184024564779E+01,2.6500000000000000E+01));
#124680=VERTEX_POINT('',#124670);
#124690=EDGE_CURVE('',#124360,#124680,#124660,.T.);
#124700=ORIENTED_EDGE('',*,*,#124690,.F.);
#124710=CARTESIAN_POINT('',(-2.8478399931130003E+01,
   2.3045184024564779E+01,2.6500000000000000E+01));
#124720=DIRECTION('',(0.0000000000000000E+00,0.0000000000000000E+00,
   1.0000000000000000E+00));
#124730=VECTOR('',#124720,1.0000000000000000E+00);
#124740=LINE('',#124710,#124730);
#124750=EDGE_CURVE('',#120760,#124680,#124740,.T.);
#124760=ORIENTED_EDGE('',*,*,#124750,.T.);
#124770=ORIENTED_EDGE('',*,*,#120770,.T.);
#124780=ORIENTED_EDGE('',*,*,#124430,.T.);
#124790=EDGE_LOOP('',(#124780,#124770,#124760,#124700));
#124800=FACE_OUTER_BOUND('',#124790,.T.);
#124810=ADVANCED_FACE('',(#124800),#124610,.T.);
#124820=COLOUR_RGB('',5.0196081399917603E-01,1.0000000000000000E+00,
   5.0196081399917603E-01);
#124830=FILL_AREA_STYLE_COLOUR('',#124820);
#124840=FILL_AREA_STYLE('',(#124830));
#124850=SURFACE_STYLE_FILL_AREA(#124840);
#124860=SURFACE_SIDE_STYLE('',(#124850));
#124870=SURFACE_STYLE_USAGE(.BOTH.,#124860);
#124880=PRESENTATION_STYLE_ASSIGNMENT((#124870));
#124890=CARTESIAN_POINT('',(-2.9442235154989220E+01,
   2.3996367598609961E+01,2.6500000000000000E+01));
#124900=DIRECTION('',(-0.0000000000000000E+00,-1.0000000000000000E+00,
   -0.0000000000000000E+00));
#124910=DIRECTION('',(-1.0000000000000000E+00,0.0000000000000000E+00,
   0.0000000000000000E+00));
#124920=AXIS2_PLACEMENT_3D('',#124890,#124900,#124910);
#124930=PLANE('',#124920);
#124940=CARTESIAN_POINT('',(0.0000000000000000E+00,
   2.3996367598609961E+01,2.6500000000000000E+01));
#124950=DIRECTION('',(1.0000000000000000E+00,0.0000000000000000E+00,
   0.0000000000000000E+00));
#124960=VECTOR('',#124950,1.0000000000000000E+00);
#124970=LINE('',#124940,#124960);
#124980=CARTESIAN_POINT('',(-2.9442235154989220E+01,
   2.3996367598609961E+01,2.6500000000000000E+01));
#124990=VERTEX_POINT('',#124980);
#125000=CARTESIAN_POINT('',(-2.9429583505175202E+01,
   2.3996367598609961E+01,2.6500000000000000E+01));
#125010=VERTEX_POINT('',#125000);
#125020=EDGE_CURVE('',#124990,#125010,#124970,.T.);
#125030=ORIENTED_EDGE('',*,*,#125020,.T.);
#125040=CARTESIAN_POINT('',(-2.9442235154989220E+01,
   2.3996367598609961E+01,2.6500000000000000E+01));
#125050=DIRECTION('',(0.0000000000000000E+00,0.0000000000000000E+00,
   -1.0000000000000000E+00));
#125060=VECTOR('',#125050,1.0000000000000000E+00);
#125070=LINE('',#125040,#125060);
#125080=EDGE_CURVE('',#124990,#120880,#125070,.T.);
#125090=ORIENTED_EDGE('',*,*,#125080,.F.);
#125100=ORIENTED_EDGE('',*,*,#120890,.T.);
#125110=CARTESIAN_POINT('',(-2.9429583505175202E+01,
   2.3996367598609961E+01,2.6500000000000000E+01));
#125120=DIRECTION('',(0.0000000000000000E+00,0.0000000000000000E+00,
   -1.0000000000000000E+00));
#125130=VECTOR('',#125120,1.0000000000000000E+00);
#125140=LINE('',#125110,#125130);
#125150=EDGE_CURVE('',#125010,#120800,#125140,.T.);
#125160=ORIENTED_EDGE('',*,*,#125150,.T.);
#125170=EDGE_LOOP('',(#125160,#125100,#125090,#125030));
#125180=FACE_OUTER_BOUND('',#125170,.T.);
#125190=ADVANCED_FACE('',(#125180),#124930,.F.);
#125200=COLOUR_RGB('',5.0196081399917603E-01,1.0000000000000000E+00,
   5.0196081399917603E-01);
#125210=FILL_AREA_STYLE_COLOUR('',#125200);
#125220=FILL_AREA_STYLE('',(#125210));
#125230=SURFACE_STYLE_FILL_AREA(#125220);
#125240=SURFACE_SIDE_STYLE('',(#125230));
#125250=SURFACE_STYLE_USAGE(.BOTH.,#125240);
#125260=PRESENTATION_STYLE_ASSIGNMENT((#125250));
#125270=CARTESIAN_POINT('',(-2.9442235154989220E+01,
   2.3838270739176519E+01,2.6500000000000000E+01));
#125280=DIRECTION('',(0.0000000000000000E+00,0.0000000000000000E+00,
   1.0000000000000000E+00));
#125290=DIRECTION('',(1.0000000000000000E+00,0.0000000000000000E+00,
   0.0000000000000000E+00));
#125300=AXIS2_PLACEMENT_3D('',#125270,#125280,#125290);
#125310=CYLINDRICAL_SURFACE('',#125300,1.5809685943344043E-01);
#125320=CARTESIAN_POINT('',(-2.9442235154989220E+01,
   2.3838270739176519E+01,2.6500000000000000E+01));
#125330=DIRECTION('',(0.0000000000000000E+00,0.0000000000000000E+00,
   1.0000000000000000E+00));
#125340=DIRECTION('',(1.0000000000000000E+00,0.0000000000000000E+00,
   0.0000000000000000E+00));
#125350=AXIS2_PLACEMENT_3D('',#125320,#125330,#125340);
#125360=CIRCLE('',#125350,1.5809685943344043E-01);
#125370=CARTESIAN_POINT('',(-2.9600332014422662E+01,
   2.3838270739176519E+01,2.6500000000000000E+01));
#125380=VERTEX_POINT('',#125370);
#125390=EDGE_CURVE('',#124990,#125380,#125360,.T.);
#125400=ORIENTED_EDGE('',*,*,#125390,.F.);
#125410=CARTESIAN_POINT('',(-2.9600332014422662E+01,
   2.3838270739176519E+01,2.6500000000000000E+01));
#125420=DIRECTION('',(0.0000000000000000E+00,0.0000000000000000E+00,
   1.0000000000000000E+00));
#125430=VECTOR('',#125420,1.0000000000000000E+00);
#125440=LINE('',#125410,#125430);
#125450=EDGE_CURVE('',#120970,#125380,#125440,.T.);
#125460=ORIENTED_EDGE('',*,*,#125450,.T.);
#125470=ORIENTED_EDGE('',*,*,#120980,.T.);
#125480=ORIENTED_EDGE('',*,*,#125080,.T.);
#125490=EDGE_LOOP('',(#125480,#125470,#125460,#125400));
#125500=FACE_OUTER_BOUND('',#125490,.T.);
#125510=ADVANCED_FACE('',(#125500),#125310,.T.);
#125520=COLOUR_RGB('',5.0196081399917603E-01,1.0000000000000000E+00,
   5.0196081399917603E-01);
#125530=FILL_AREA_STYLE_COLOUR('',#125520);
#125540=FILL_AREA_STYLE('',(#125530));
#125550=SURFACE_STYLE_FILL_AREA(#125540);
#125560=SURFACE_SIDE_STYLE('',(#125550));
#125570=SURFACE_STYLE_USAGE(.BOTH.,#125560);
#125580=PRESENTATION_STYLE_ASSIGNMENT((#125570));
#125590=CARTESIAN_POINT('',(-2.9600332014422804E+01,
   2.3598321788203702E+01,2.6500000000000000E+01));
#125600=DIRECTION('',(1.0000000000000000E+00,0.0000000000000000E+00,
   0.0000000000000000E+00));
#125610=DIRECTION('',(0.0000000000000000E+00,-1.0000000000000000E+00,
   0.0000000000000000E+00));
#125620=AXIS2_PLACEMENT_3D('',#125590,#125600,#125610);
#125630=PLANE('',#125620);
#125640=CARTESIAN_POINT('',(-2.9600332014422804E+01,
   0.0000000000000000E+00,2.6500000000000000E+01));
#125650=DIRECTION('',(0.0000000000000000E+00,1.0000000000000000E+00,
   0.0000000000000000E+00));
#125660=VECTOR('',#125650,1.0000000000000000E+00);
#125670=LINE('',#125640,#125660);
#125680=EDGE_CURVE('',#123030,#125380,#125670,.T.);
#125690=ORIENTED_EDGE('',*,*,#125680,.T.);
#125700=ORIENTED_EDGE('',*,*,#123120,.T.);
#125710=ORIENTED_EDGE('',*,*,#121060,.F.);
#125720=ORIENTED_EDGE('',*,*,#125450,.F.);
#125730=EDGE_LOOP('',(#125720,#125710,#125700,#125690));
#125740=FACE_OUTER_BOUND('',#125730,.T.);
#125750=ADVANCED_FACE('',(#125740),#125630,.F.);
#125760=COLOUR_RGB('',5.0196081399917603E-01,1.0000000000000000E+00,
   5.0196081399917603E-01);
#125770=FILL_AREA_STYLE_COLOUR('',#125760);
#125780=FILL_AREA_STYLE('',(#125770));
#125790=SURFACE_STYLE_FILL_AREA(#125780);
#125800=SURFACE_SIDE_STYLE('',(#125790));
#125810=SURFACE_STYLE_USAGE(.BOTH.,#125800);
#125820=PRESENTATION_STYLE_ASSIGNMENT((#125810));
#125830=ORIENTED_EDGE('',*,*,#123040,.T.);
#125840=ORIENTED_EDGE('',*,*,#125680,.F.);
#125850=ORIENTED_EDGE('',*,*,#125390,.T.);
#125860=ORIENTED_EDGE('',*,*,#125020,.F.);
#125870=EDGE_CURVE('',#124680,#125010,#124660,.T.);
#125880=ORIENTED_EDGE('',*,*,#125870,.T.);
#125890=ORIENTED_EDGE('',*,*,#124690,.T.);
#125900=ORIENTED_EDGE('',*,*,#124370,.F.);
#125910=ORIENTED_EDGE('',*,*,#124060,.T.);
#125920=ORIENTED_EDGE('',*,*,#123740,.F.);
#125930=ORIENTED_EDGE('',*,*,#123380,.T.);
#125940=EDGE_CURVE('',#123350,#122640,#122620,.T.);
#125950=ORIENTED_EDGE('',*,*,#125940,.F.);
#125960=ORIENTED_EDGE('',*,*,#122670,.F.);
#125970=EDGE_LOOP('',(#125960,#125950,#125930,#125920,#125910,#125900,
   #125890,#125880,#125860,#125850,#125840,#125830));
#125980=FACE_OUTER_BOUND('',#125970,.T.);
#125990=ADVANCED_FACE('',(#125980),#116350,.T.);
#126000=COLOUR_RGB('',5.0196081399917603E-01,1.0000000000000000E+00,
   5.0196081399917603E-01);
#126010=FILL_AREA_STYLE_COLOUR('',#126000);
#126020=FILL_AREA_STYLE('',(#126010));
#126030=SURFACE_STYLE_FILL_AREA(#126020);
#126040=SURFACE_SIDE_STYLE('',(#126030));
#126050=SURFACE_STYLE_USAGE(.BOTH.,#126040);
#126060=PRESENTATION_STYLE_ASSIGNMENT((#126050));
#126070=CARTESIAN_POINT('',(-2.9820957162801903E+01,
   2.3838270739176441E+01,2.6500000000000000E+01));
#126080=DIRECTION('',(-1.0000000000000000E+00,0.0000000000000000E+00,
   0.0000000000000000E+00));
#126090=DIRECTION('',(0.0000000000000000E+00,1.0000000000000000E+00,
   0.0000000000000000E+00));
#126100=AXIS2_PLACEMENT_3D('',#126070,#126080,#126090);
#126110=PLANE('',#126100);
#126120=CARTESIAN_POINT('',(-2.9820957162801903E+01,
   0.0000000000000000E+00,2.6500000000000000E+01));
#126130=DIRECTION('',(0.0000000000000000E+00,-1.0000000000000000E+00,
   0.0000000000000000E+00));
#126140=VECTOR('',#126130,1.0000000000000000E+00);
#126150=LINE('',#126120,#126140);
#126160=CARTESIAN_POINT('',(-2.9820957162801903E+01,
   2.3838270739176519E+01,2.6500000000000000E+01));
#126170=VERTEX_POINT('',#126160);
#126180=CARTESIAN_POINT('',(-2.9820957162802095E+01,
   2.3598321788203702E+01,2.6500000000000000E+01));
#126190=VERTEX_POINT('',#126180);
#126200=EDGE_CURVE('',#126170,#126190,#126150,.T.);
#126210=ORIENTED_EDGE('',*,*,#126200,.T.);
#126220=CARTESIAN_POINT('',(-2.9820957162801903E+01,
   2.3838270739176519E+01,2.6500000000000000E+01));
#126230=DIRECTION('',(0.0000000000000000E+00,0.0000000000000000E+00,
   1.0000000000000000E+00));
#126240=VECTOR('',#126230,1.0000000000000000E+00);
#126250=LINE('',#126220,#126240);
#126260=EDGE_CURVE('',#121270,#126170,#126250,.T.);
#126270=ORIENTED_EDGE('',*,*,#126260,.T.);
#126280=ORIENTED_EDGE('',*,*,#122260,.F.);
#126290=CARTESIAN_POINT('',(-2.9820957162802095E+01,
   2.3598321788203702E+01,2.6500000000000000E+01));
#126300=DIRECTION('',(0.0000000000000000E+00,0.0000000000000000E+00,
   1.0000000000000000E+00));
#126310=VECTOR('',#126300,1.0000000000000000E+00);
#126320=LINE('',#126290,#126310);
#126330=EDGE_CURVE('',#122190,#126190,#126320,.T.);
#126340=ORIENTED_EDGE('',*,*,#126330,.F.);
#126350=EDGE_LOOP('',(#126340,#126280,#126270,#126210));
#126360=FACE_OUTER_BOUND('',#126350,.T.);
#126370=ADVANCED_FACE('',(#126360),#126110,.F.);
#126380=COLOUR_RGB('',5.0196081399917603E-01,1.0000000000000000E+00,
   5.0196081399917603E-01);
#126390=FILL_AREA_STYLE_COLOUR('',#126380);
#126400=FILL_AREA_STYLE('',(#126390));
#126410=SURFACE_STYLE_FILL_AREA(#126400);
#126420=SURFACE_SIDE_STYLE('',(#126410));
#126430=SURFACE_STYLE_USAGE(.BOTH.,#126420);
#126440=PRESENTATION_STYLE_ASSIGNMENT((#126430));
#126450=CARTESIAN_POINT('',(-2.9979054022235516E+01,
   2.3838270739176519E+01,2.6500000000000000E+01));
#126460=DIRECTION('',(0.0000000000000000E+00,0.0000000000000000E+00,
   1.0000000000000000E+00));
#126470=DIRECTION('',(1.0000000000000000E+00,0.0000000000000000E+00,
   0.0000000000000000E+00));
#126480=AXIS2_PLACEMENT_3D('',#126450,#126460,#126470);
#126490=CYLINDRICAL_SURFACE('',#126480,1.5809685943361274E-01);
#126500=CARTESIAN_POINT('',(-2.9979054022235516E+01,
   2.3838270739176519E+01,2.6500000000000000E+01));
#126510=DIRECTION('',(0.0000000000000000E+00,0.0000000000000000E+00,
   1.0000000000000000E+00));
#126520=DIRECTION('',(1.0000000000000000E+00,0.0000000000000000E+00,
   0.0000000000000000E+00));
#126530=AXIS2_PLACEMENT_3D('',#126500,#126510,#126520);
#126540=CIRCLE('',#126530,1.5809685943361274E-01);
#126550=CARTESIAN_POINT('',(-2.9979054022235516E+01,
   2.3996367598610131E+01,2.6500000000000000E+01));
#126560=VERTEX_POINT('',#126550);
#126570=EDGE_CURVE('',#126170,#126560,#126540,.T.);
#126580=ORIENTED_EDGE('',*,*,#126570,.F.);
#126590=CARTESIAN_POINT('',(-2.9979054022235516E+01,
   2.3996367598609961E+01,2.6500000000000000E+01));
#126600=DIRECTION('',(0.0000000000000000E+00,0.0000000000000000E+00,
   -1.0000000000000000E+00));
#126610=VECTOR('',#126600,1.0000000000000000E+00);
#126620=LINE('',#126590,#126610);
#126630=EDGE_CURVE('',#126560,#121290,#126620,.T.);
#126640=ORIENTED_EDGE('',*,*,#126630,.F.);
#126650=ORIENTED_EDGE('',*,*,#121300,.T.);
#126660=ORIENTED_EDGE('',*,*,#126260,.F.);
#126670=EDGE_LOOP('',(#126660,#126650,#126640,#126580));
#126680=FACE_OUTER_BOUND('',#126670,.T.);
#126690=ADVANCED_FACE('',(#126680),#126490,.T.);
#126700=COLOUR_RGB('',5.0196081399917603E-01,1.0000000000000000E+00,
   5.0196081399917603E-01);
#126710=FILL_AREA_STYLE_COLOUR('',#126700);
#126720=FILL_AREA_STYLE('',(#126710));
#126730=SURFACE_STYLE_FILL_AREA(#126720);
#126740=SURFACE_SIDE_STYLE('',(#126730));
#126750=SURFACE_STYLE_USAGE(.BOTH.,#126740);
#126760=PRESENTATION_STYLE_ASSIGNMENT((#126750));
#126770=CARTESIAN_POINT('',(-3.0655673471076625E+01,
   2.3996367598609975E+01,2.6500000000000000E+01));
#126780=DIRECTION('',(-2.8878751958534577E-14,-1.0000000000000000E+00,
   -0.0000000000000000E+00));
#126790=DIRECTION('',(-1.0000000000000000E+00,2.8878751958534577E-14,
   0.0000000000000000E+00));
#126800=AXIS2_PLACEMENT_3D('',#126770,#126780,#126790);
#126810=PLANE('',#126800);
#126820=CARTESIAN_POINT('',(0.0000000000000000E+00,
   2.3996367598609094E+01,2.6500000000000000E+01));
#126830=DIRECTION('',(1.0000000000000000E+00,-2.8878751958534577E-14,
   0.0000000000000000E+00));
#126840=VECTOR('',#126830,1.0000000000000000E+00);
#126850=LINE('',#126820,#126840);
#126860=CARTESIAN_POINT('',(-3.0655673471076625E+01,
   2.3996367598609975E+01,2.6500000000000000E+01));
#126870=VERTEX_POINT('',#126860);
#126880=EDGE_CURVE('',#126870,#126560,#126850,.T.);
#126890=ORIENTED_EDGE('',*,*,#126880,.T.);
#126900=CARTESIAN_POINT('',(-3.0655673471076625E+01,
   2.3996367598609975E+01,2.6500000000000000E+01));
#126910=DIRECTION('',(0.0000000000000000E+00,0.0000000000000000E+00,
   -1.0000000000000000E+00));
#126920=VECTOR('',#126910,1.0000000000000000E+00);
#126930=LINE('',#126900,#126920);
#126940=EDGE_CURVE('',#126870,#121370,#126930,.T.);
#126950=ORIENTED_EDGE('',*,*,#126940,.F.);
#126960=ORIENTED_EDGE('',*,*,#121380,.F.);
#126970=ORIENTED_EDGE('',*,*,#126630,.T.);
#126980=EDGE_LOOP('',(#126970,#126960,#126950,#126890));
#126990=FACE_OUTER_BOUND('',#126980,.T.);
#127000=ADVANCED_FACE('',(#126990),#126810,.F.);
#127010=COLOUR_RGB('',5.0196081399917603E-01,1.0000000000000000E+00,
   5.0196081399917603E-01);
#127020=FILL_AREA_STYLE_COLOUR('',#127010);
#127030=FILL_AREA_STYLE('',(#127020));
#127040=SURFACE_STYLE_FILL_AREA(#127030);
#127050=SURFACE_SIDE_STYLE('',(#127040));
#127060=SURFACE_STYLE_USAGE(.BOTH.,#127050);
#127070=PRESENTATION_STYLE_ASSIGNMENT((#127060));
#127080=CARTESIAN_POINT('',(-3.0655673471076625E+01,
   2.3838270739176540E+01,2.6500000000000000E+01));
#127090=DIRECTION('',(0.0000000000000000E+00,0.0000000000000000E+00,
   1.0000000000000000E+00));
#127100=DIRECTION('',(1.0000000000000000E+00,0.0000000000000000E+00,
   0.0000000000000000E+00));
#127110=AXIS2_PLACEMENT_3D('',#127080,#127090,#127100);
#127120=CYLINDRICAL_SURFACE('',#127110,1.5809685943344043E-01);
#127130=CARTESIAN_POINT('',(-3.0655673471076625E+01,
   2.3838270739176540E+01,2.6500000000000000E+01));
#127140=DIRECTION('',(0.0000000000000000E+00,0.0000000000000000E+00,
   1.0000000000000000E+00));
#127150=DIRECTION('',(1.0000000000000000E+00,0.0000000000000000E+00,
   0.0000000000000000E+00));
#127160=AXIS2_PLACEMENT_3D('',#127130,#127140,#127150);
#127170=CIRCLE('',#127160,1.5809685943344043E-01);
#127180=CARTESIAN_POINT('',(-3.0813770330510067E+01,
   2.3838270739176540E+01,2.6500000000000000E+01));
#127190=VERTEX_POINT('',#127180);
#127200=EDGE_CURVE('',#126870,#127190,#127170,.T.);
#127210=ORIENTED_EDGE('',*,*,#127200,.F.);
#127220=CARTESIAN_POINT('',(-3.0813770330510067E+01,
   2.3838270739176540E+01,2.6500000000000000E+01));
#127230=DIRECTION('',(0.0000000000000000E+00,0.0000000000000000E+00,
   1.0000000000000000E+00));
#127240=VECTOR('',#127230,1.0000000000000000E+00);
#127250=LINE('',#127220,#127240);
#127260=EDGE_CURVE('',#121460,#127190,#127250,.T.);
#127270=ORIENTED_EDGE('',*,*,#127260,.T.);
#127280=ORIENTED_EDGE('',*,*,#121470,.T.);
#127290=ORIENTED_EDGE('',*,*,#126940,.T.);
#127300=EDGE_LOOP('',(#127290,#127280,#127270,#127210));
#127310=FACE_OUTER_BOUND('',#127300,.T.);
#127320=ADVANCED_FACE('',(#127310),#127120,.T.);
#127330=COLOUR_RGB('',5.0196081399917603E-01,1.0000000000000000E+00,
   5.0196081399917603E-01);
#127340=FILL_AREA_STYLE_COLOUR('',#127330);
#127350=FILL_AREA_STYLE('',(#127340));
#127360=SURFACE_STYLE_FILL_AREA(#127350);
#127370=SURFACE_SIDE_STYLE('',(#127360));
#127380=SURFACE_STYLE_USAGE(.BOTH.,#127370);
#127390=PRESENTATION_STYLE_ASSIGNMENT((#127380));
#127400=CARTESIAN_POINT('',(-3.0813770330510124E+01,
   2.1804481510412483E+01,2.6500000000000000E+01));
#127410=DIRECTION('',(1.0000000000000000E+00,0.0000000000000000E+00,
   0.0000000000000000E+00));
#127420=DIRECTION('',(0.0000000000000000E+00,-1.0000000000000000E+00,
   0.0000000000000000E+00));
#127430=AXIS2_PLACEMENT_3D('',#127400,#127410,#127420);
#127440=PLANE('',#127430);
#127450=CARTESIAN_POINT('',(-3.0813770330510124E+01,
   0.0000000000000000E+00,2.6500000000000000E+01));
#127460=DIRECTION('',(0.0000000000000000E+00,1.0000000000000000E+00,
   0.0000000000000000E+00));
#127470=VECTOR('',#127460,1.0000000000000000E+00);
#127480=LINE('',#127450,#127470);
#127490=CARTESIAN_POINT('',(-3.0813770330510124E+01,
   2.1804481510412483E+01,2.6500000000000000E+01));
#127500=VERTEX_POINT('',#127490);
#127510=EDGE_CURVE('',#127500,#127190,#127480,.T.);
#127520=ORIENTED_EDGE('',*,*,#127510,.T.);
#127530=CARTESIAN_POINT('',(-3.0813770330510124E+01,
   2.1804481510412483E+01,2.6500000000000000E+01));
#127540=DIRECTION('',(0.0000000000000000E+00,0.0000000000000000E+00,
   1.0000000000000000E+00));
#127550=VECTOR('',#127540,1.0000000000000000E+00);
#127560=LINE('',#127530,#127550);
#127570=EDGE_CURVE('',#121540,#127500,#127560,.T.);
#127580=ORIENTED_EDGE('',*,*,#127570,.T.);
#127590=ORIENTED_EDGE('',*,*,#121550,.T.);
#127600=ORIENTED_EDGE('',*,*,#127260,.F.);
#127610=EDGE_LOOP('',(#127600,#127590,#127580,#127520));
#127620=FACE_OUTER_BOUND('',#127610,.T.);
#127630=ADVANCED_FACE('',(#127620),#127440,.F.);
#127640=COLOUR_RGB('',5.0196081399917603E-01,1.0000000000000000E+00,
   5.0196081399917603E-01);
#127650=FILL_AREA_STYLE_COLOUR('',#127640);
#127660=FILL_AREA_STYLE('',(#127650));
#127670=SURFACE_STYLE_FILL_AREA(#127660);
#127680=SURFACE_SIDE_STYLE('',(#127670));
#127690=SURFACE_STYLE_USAGE(.BOTH.,#127680);
#127700=PRESENTATION_STYLE_ASSIGNMENT((#127690));
#127710=CARTESIAN_POINT('',(-3.0655673471076625E+01,
   2.1804481510412483E+01,2.6500000000000000E+01));
#127720=DIRECTION('',(0.0000000000000000E+00,0.0000000000000000E+00,
   1.0000000000000000E+00));
#127730=DIRECTION('',(1.0000000000000000E+00,0.0000000000000000E+00,
   0.0000000000000000E+00));
#127740=AXIS2_PLACEMENT_3D('',#127710,#127720,#127730);
#127750=CYLINDRICAL_SURFACE('',#127740,1.5809685943349905E-01);
#127760=CARTESIAN_POINT('',(-3.0655673471076625E+01,
   2.1804481510412483E+01,2.6500000000000000E+01));
#127770=DIRECTION('',(0.0000000000000000E+00,0.0000000000000000E+00,
   1.0000000000000000E+00));
#127780=DIRECTION('',(1.0000000000000000E+00,0.0000000000000000E+00,
   0.0000000000000000E+00));
#127790=AXIS2_PLACEMENT_3D('',#127760,#127770,#127780);
#127800=CIRCLE('',#127790,1.5809685943349905E-01);
#127810=CARTESIAN_POINT('',(-3.0655673471076625E+01,
   2.1646384650978984E+01,2.6500000000000000E+01));
#127820=VERTEX_POINT('',#127810);
#127830=EDGE_CURVE('',#127500,#127820,#127800,.T.);
#127840=ORIENTED_EDGE('',*,*,#127830,.F.);
#127850=CARTESIAN_POINT('',(-3.0655673471076625E+01,
   2.1646384650979041E+01,2.6500000000000000E+01));
#127860=DIRECTION('',(0.0000000000000000E+00,0.0000000000000000E+00,
   -1.0000000000000000E+00));
#127870=VECTOR('',#127860,1.0000000000000000E+00);
#127880=LINE('',#127850,#127870);
#127890=EDGE_CURVE('',#127820,#121630,#127880,.T.);
#127900=ORIENTED_EDGE('',*,*,#127890,.F.);
#127910=ORIENTED_EDGE('',*,*,#121640,.T.);
#127920=ORIENTED_EDGE('',*,*,#127570,.F.);
#127930=EDGE_LOOP('',(#127920,#127910,#127900,#127840));
#127940=FACE_OUTER_BOUND('',#127930,.T.);
#127950=ADVANCED_FACE('',(#127940),#127750,.T.);
#127960=COLOUR_RGB('',5.0196081399917603E-01,1.0000000000000000E+00,
   5.0196081399917603E-01);
#127970=FILL_AREA_STYLE_COLOUR('',#127960);
#127980=FILL_AREA_STYLE('',(#127970));
#127990=SURFACE_STYLE_FILL_AREA(#127980);
#128000=SURFACE_SIDE_STYLE('',(#127990));
#128010=SURFACE_STYLE_USAGE(.BOTH.,#128000);
#128020=PRESENTATION_STYLE_ASSIGNMENT((#128010));
#128030=CARTESIAN_POINT('',(-2.9979054022235516E+01,
   2.1646384650979041E+01,2.6500000000000000E+01));
#128040=DIRECTION('',(-0.0000000000000000E+00,1.0000000000000000E+00,
   0.0000000000000000E+00));
#128050=DIRECTION('',(1.0000000000000000E+00,0.0000000000000000E+00,
   0.0000000000000000E+00));
#128060=AXIS2_PLACEMENT_3D('',#128030,#128040,#128050);
#128070=PLANE('',#128060);
#128080=CARTESIAN_POINT('',(0.0000000000000000E+00,
   2.1646384650979041E+01,2.6500000000000000E+01));
#128090=DIRECTION('',(-1.0000000000000000E+00,0.0000000000000000E+00,
   0.0000000000000000E+00));
#128100=VECTOR('',#128090,1.0000000000000000E+00);
#128110=LINE('',#128080,#128100);
#128120=CARTESIAN_POINT('',(-2.9979054022235516E+01,
   2.1646384650979041E+01,2.6500000000000000E+01));
#128130=VERTEX_POINT('',#128120);
#128140=EDGE_CURVE('',#128130,#127820,#128110,.T.);
#128150=ORIENTED_EDGE('',*,*,#128140,.T.);
#128160=CARTESIAN_POINT('',(-2.9979054022235516E+01,
   2.1646384650979041E+01,2.6500000000000000E+01));
#128170=DIRECTION('',(0.0000000000000000E+00,0.0000000000000000E+00,
   -1.0000000000000000E+00));
#128180=VECTOR('',#128170,1.0000000000000000E+00);
#128190=LINE('',#128160,#128180);
#128200=EDGE_CURVE('',#128130,#121710,#128190,.T.);
#128210=ORIENTED_EDGE('',*,*,#128200,.F.);
#128220=ORIENTED_EDGE('',*,*,#121720,.F.);
#128230=ORIENTED_EDGE('',*,*,#127890,.T.);
#128240=EDGE_LOOP('',(#128230,#128220,#128210,#128150));
#128250=FACE_OUTER_BOUND('',#128240,.T.);
#128260=ADVANCED_FACE('',(#128250),#128070,.F.);
#128270=COLOUR_RGB('',5.0196081399917603E-01,1.0000000000000000E+00,
   5.0196081399917603E-01);
#128280=FILL_AREA_STYLE_COLOUR('',#128270);
#128290=FILL_AREA_STYLE('',(#128280));
#128300=SURFACE_STYLE_FILL_AREA(#128290);
#128310=SURFACE_SIDE_STYLE('',(#128300));
#128320=SURFACE_STYLE_USAGE(.BOTH.,#128310);
#128330=PRESENTATION_STYLE_ASSIGNMENT((#128320));
#128340=CARTESIAN_POINT('',(-2.9979054022235516E+01,
   2.1804481510412483E+01,2.6500000000000000E+01));
#128350=DIRECTION('',(0.0000000000000000E+00,0.0000000000000000E+00,
   1.0000000000000000E+00));
#128360=DIRECTION('',(1.0000000000000000E+00,0.0000000000000000E+00,
   0.0000000000000000E+00));
#128370=AXIS2_PLACEMENT_3D('',#128340,#128350,#128360);
#128380=CYLINDRICAL_SURFACE('',#128370,1.5809685943343865E-01);
#128390=CARTESIAN_POINT('',(-2.9979054022235516E+01,
   2.1804481510412483E+01,2.6500000000000000E+01));
#128400=DIRECTION('',(0.0000000000000000E+00,0.0000000000000000E+00,
   1.0000000000000000E+00));
#128410=DIRECTION('',(1.0000000000000000E+00,0.0000000000000000E+00,
   0.0000000000000000E+00));
#128420=AXIS2_PLACEMENT_3D('',#128390,#128400,#128410);
#128430=CIRCLE('',#128420,1.5809685943343865E-01);
#128440=CARTESIAN_POINT('',(-2.9820957162802078E+01,
   2.1804481510412483E+01,2.6500000000000000E+01));
#128450=VERTEX_POINT('',#128440);
#128460=EDGE_CURVE('',#128130,#128450,#128430,.T.);
#128470=ORIENTED_EDGE('',*,*,#128460,.F.);
#128480=CARTESIAN_POINT('',(-2.9820957162802078E+01,
   2.1804481510412483E+01,2.6500000000000000E+01));
#128490=DIRECTION('',(0.0000000000000000E+00,0.0000000000000000E+00,
   1.0000000000000000E+00));
#128500=VECTOR('',#128490,1.0000000000000000E+00);
#128510=LINE('',#128480,#128500);
#128520=EDGE_CURVE('',#121800,#128450,#128510,.T.);
#128530=ORIENTED_EDGE('',*,*,#128520,.T.);
#128540=ORIENTED_EDGE('',*,*,#121810,.T.);
#128550=ORIENTED_EDGE('',*,*,#128200,.T.);
#128560=EDGE_LOOP('',(#128550,#128540,#128530,#128470));
#128570=FACE_OUTER_BOUND('',#128560,.T.);
#128580=ADVANCED_FACE('',(#128570),#128380,.T.);
#128590=COLOUR_RGB('',5.0196081399917603E-01,1.0000000000000000E+00,
   5.0196081399917603E-01);
#128600=FILL_AREA_STYLE_COLOUR('',#128590);
#128610=FILL_AREA_STYLE('',(#128600));
#128620=SURFACE_STYLE_FILL_AREA(#128610);
#128630=SURFACE_SIDE_STYLE('',(#128620));
#128640=SURFACE_STYLE_USAGE(.BOTH.,#128630);
#128650=PRESENTATION_STYLE_ASSIGNMENT((#128640));
#128660=CARTESIAN_POINT('',(-2.9820957162802216E+01,
   2.2492046260925942E+01,2.6500000000000000E+01));
#128670=DIRECTION('',(-1.0000000000000000E+00,0.0000000000000000E+00,
   0.0000000000000000E+00));
#128680=DIRECTION('',(0.0000000000000000E+00,1.0000000000000000E+00,
   0.0000000000000000E+00));
#128690=AXIS2_PLACEMENT_3D('',#128660,#128670,#128680);
#128700=PLANE('',#128690);
#128710=CARTESIAN_POINT('',(-2.9820957162802216E+01,
   0.0000000000000000E+00,2.6500000000000000E+01));
#128720=DIRECTION('',(0.0000000000000000E+00,-1.0000000000000000E+00,
   0.0000000000000000E+00));
#128730=VECTOR('',#128720,1.0000000000000000E+00);
#128740=LINE('',#128710,#128730);
#128750=CARTESIAN_POINT('',(-2.9820957162802216E+01,
   2.2492046260925942E+01,2.6500000000000000E+01));
#128760=VERTEX_POINT('',#128750);
#128770=EDGE_CURVE('',#128760,#128450,#128740,.T.);
#128780=ORIENTED_EDGE('',*,*,#128770,.T.);
#128790=CARTESIAN_POINT('',(-2.9820957162802216E+01,
   2.2492046260925942E+01,2.6500000000000000E+01));
#128800=DIRECTION('',(0.0000000000000000E+00,0.0000000000000000E+00,
   1.0000000000000000E+00));
#128810=VECTOR('',#128800,1.0000000000000000E+00);
#128820=LINE('',#128790,#128810);
#128830=EDGE_CURVE('',#121880,#128760,#128820,.T.);
#128840=ORIENTED_EDGE('',*,*,#128830,.T.);
#128850=ORIENTED_EDGE('',*,*,#121890,.F.);
#128860=ORIENTED_EDGE('',*,*,#128520,.F.);
#128870=EDGE_LOOP('',(#128860,#128850,#128840,#128780));
#128880=FACE_OUTER_BOUND('',#128870,.T.);
#128890=ADVANCED_FACE('',(#128880),#128700,.F.);
#128900=COLOUR_RGB('',5.0196081399917603E-01,1.0000000000000000E+00,
   5.0196081399917603E-01);
#128910=FILL_AREA_STYLE_COLOUR('',#128900);
#128920=FILL_AREA_STYLE('',(#128910));
#128930=SURFACE_STYLE_FILL_AREA(#128920);
#128940=SURFACE_SIDE_STYLE('',(#128930));
#128950=SURFACE_STYLE_USAGE(.BOTH.,#128940);
#128960=PRESENTATION_STYLE_ASSIGNMENT((#128950));
#128970=CARTESIAN_POINT('',(-2.9979054022235516E+01,
   2.2492046260925942E+01,2.6500000000000000E+01));
#128980=DIRECTION('',(0.0000000000000000E+00,0.0000000000000000E+00,
   1.0000000000000000E+00));
#128990=DIRECTION('',(1.0000000000000000E+00,0.0000000000000000E+00,
   0.0000000000000000E+00));
#129000=AXIS2_PLACEMENT_3D('',#128970,#128980,#128990);
#129010=CYLINDRICAL_SURFACE('',#129000,1.5809685943330010E-01);
#129020=CARTESIAN_POINT('',(-2.9979054022235516E+01,
   2.2492046260925942E+01,2.6500000000000000E+01));
#129030=DIRECTION('',(0.0000000000000000E+00,0.0000000000000000E+00,
   1.0000000000000000E+00));
#129040=DIRECTION('',(1.0000000000000000E+00,0.0000000000000000E+00,
   0.0000000000000000E+00));
#129050=AXIS2_PLACEMENT_3D('',#129020,#129030,#129040);
#129060=CIRCLE('',#129050,1.5809685943330010E-01);
#129070=CARTESIAN_POINT('',(-2.9910034453589660E+01,
   2.2634281685861549E+01,2.6500000000000000E+01));
#129080=VERTEX_POINT('',#129070);
#129090=EDGE_CURVE('',#128760,#129080,#129060,.T.);
#129100=ORIENTED_EDGE('',*,*,#129090,.F.);
#129110=CARTESIAN_POINT('',(-2.9910034453589617E+01,
   2.2634281685861641E+01,2.6500000000000000E+01));
#129120=DIRECTION('',(0.0000000000000000E+00,0.0000000000000000E+00,
   -1.0000000000000000E+00));
#129130=VECTOR('',#129120,1.0000000000000000E+00);
#129140=LINE('',#129110,#129130);
#129150=EDGE_CURVE('',#129080,#121970,#129140,.T.);
#129160=ORIENTED_EDGE('',*,*,#129150,.F.);
#129170=ORIENTED_EDGE('',*,*,#121980,.T.);
#129180=ORIENTED_EDGE('',*,*,#128830,.F.);
#129190=EDGE_LOOP('',(#129180,#129170,#129160,#129100));
#129200=FACE_OUTER_BOUND('',#129190,.T.);
#129210=ADVANCED_FACE('',(#129200),#129010,.T.);
#129220=COLOUR_RGB('',5.0196081399917603E-01,1.0000000000000000E+00,
   5.0196081399917603E-01);
#129230=FILL_AREA_STYLE_COLOUR('',#129220);
#129240=FILL_AREA_STYLE('',(#129230));
#129250=SURFACE_STYLE_FILL_AREA(#129240);
#129260=SURFACE_SIDE_STYLE('',(#129250));
#129270=SURFACE_STYLE_USAGE(.BOTH.,#129260);
#129280=PRESENTATION_STYLE_ASSIGNMENT((#129270));
#129290=CARTESIAN_POINT('',(-2.9710644588612411E+01,
   2.3045184024564779E+01,2.6500000000000000E+01));
#129300=DIRECTION('',(0.0000000000000000E+00,0.0000000000000000E+00,
   1.0000000000000000E+00));
#129310=DIRECTION('',(1.0000000000000000E+00,0.0000000000000000E+00,
   0.0000000000000000E+00));
#129320=AXIS2_PLACEMENT_3D('',#129290,#129300,#129310);
#129330=CYLINDRICAL_SURFACE('',#129320,4.5672426058551835E-01);
#129340=CARTESIAN_POINT('',(-2.9710644588612411E+01,
   2.3045184024564779E+01,2.6500000000000000E+01));
#129350=DIRECTION('',(0.0000000000000000E+00,0.0000000000000000E+00,
   1.0000000000000000E+00));
#129360=DIRECTION('',(1.0000000000000000E+00,0.0000000000000000E+00,
   0.0000000000000000E+00));
#129370=AXIS2_PLACEMENT_3D('',#129340,#129350,#129360);
#129380=CIRCLE('',#129370,4.5672426058551835E-01);
#129390=CARTESIAN_POINT('',(-3.0167368849197928E+01,
   2.3045184024564779E+01,2.6500000000000000E+01));
#129400=VERTEX_POINT('',#129390);
#129410=EDGE_CURVE('',#129400,#129080,#129380,.T.);
#129420=ORIENTED_EDGE('',*,*,#129410,.T.);
#129430=CARTESIAN_POINT('',(-3.0167368849197928E+01,
   2.3045184024564779E+01,2.6500000000000000E+01));
#129440=DIRECTION('',(0.0000000000000000E+00,0.0000000000000000E+00,
   1.0000000000000000E+00));
#129450=VECTOR('',#129440,1.0000000000000000E+00);
#129460=LINE('',#129430,#129450);
#129470=EDGE_CURVE('',#122060,#129400,#129460,.T.);
#129480=ORIENTED_EDGE('',*,*,#129470,.T.);
#129490=ORIENTED_EDGE('',*,*,#122070,.F.);
#129500=ORIENTED_EDGE('',*,*,#129150,.T.);
#129510=EDGE_LOOP('',(#129500,#129490,#129480,#129420));
#129520=FACE_OUTER_BOUND('',#129510,.T.);
#129530=ADVANCED_FACE('',(#129520),#129330,.F.);
#129540=COLOUR_RGB('',5.0196081399917603E-01,1.0000000000000000E+00,
   5.0196081399917603E-01);
#129550=FILL_AREA_STYLE_COLOUR('',#129540);
#129560=FILL_AREA_STYLE('',(#129550));
#129570=SURFACE_STYLE_FILL_AREA(#129560);
#129580=SURFACE_SIDE_STYLE('',(#129570));
#129590=SURFACE_STYLE_USAGE(.BOTH.,#129580);
#129600=PRESENTATION_STYLE_ASSIGNMENT((#129590));
#129610=CARTESIAN_POINT('',(-2.9979054022235516E+01,
   2.3598321788203702E+01,2.6500000000000000E+01));
#129620=DIRECTION('',(0.0000000000000000E+00,0.0000000000000000E+00,
   1.0000000000000000E+00));
#129630=DIRECTION('',(1.0000000000000000E+00,0.0000000000000000E+00,
   0.0000000000000000E+00));
#129640=AXIS2_PLACEMENT_3D('',#129610,#129620,#129630);
#129650=CYLINDRICAL_SURFACE('',#129640,1.5809685943342069E-01);
#129660=CARTESIAN_POINT('',(-2.9979054022235516E+01,
   2.3598321788203702E+01,2.6500000000000000E+01));
#129670=DIRECTION('',(0.0000000000000000E+00,0.0000000000000000E+00,
   1.0000000000000000E+00));
#129680=DIRECTION('',(1.0000000000000000E+00,0.0000000000000000E+00,
   0.0000000000000000E+00));
#129690=AXIS2_PLACEMENT_3D('',#129660,#129670,#129680);
#129700=CIRCLE('',#129690,1.5809685943342069E-01);
#129710=CARTESIAN_POINT('',(-2.9910034453589617E+01,
   2.3456086363267982E+01,2.6500000000000000E+01));
#129720=VERTEX_POINT('',#129710);
#129730=EDGE_CURVE('',#129720,#126190,#129700,.T.);
#129740=ORIENTED_EDGE('',*,*,#129730,.F.);
#129750=ORIENTED_EDGE('',*,*,#126330,.T.);
#129760=ORIENTED_EDGE('',*,*,#122200,.T.);
#129770=CARTESIAN_POINT('',(-2.9910034453589617E+01,
   2.3456086363267982E+01,2.6500000000000000E+01));
#129780=DIRECTION('',(0.0000000000000000E+00,0.0000000000000000E+00,
   -1.0000000000000000E+00));
#129790=VECTOR('',#129780,1.0000000000000000E+00);
#129800=LINE('',#129770,#129790);
#129810=EDGE_CURVE('',#129720,#122100,#129800,.T.);
#129820=ORIENTED_EDGE('',*,*,#129810,.T.);
#129830=EDGE_LOOP('',(#129820,#129760,#129750,#129740));
#129840=FACE_OUTER_BOUND('',#129830,.T.);
#129850=ADVANCED_FACE('',(#129840),#129650,.T.);
#129860=COLOUR_RGB('',5.0196081399917603E-01,1.0000000000000000E+00,
   5.0196081399917603E-01);
#129870=FILL_AREA_STYLE_COLOUR('',#129860);
#129880=FILL_AREA_STYLE('',(#129870));
#129890=SURFACE_STYLE_FILL_AREA(#129880);
#129900=SURFACE_SIDE_STYLE('',(#129890));
#129910=SURFACE_STYLE_USAGE(.BOTH.,#129900);
#129920=PRESENTATION_STYLE_ASSIGNMENT((#129910));
#129930=ORIENTED_EDGE('',*,*,#127200,.T.);
#129940=ORIENTED_EDGE('',*,*,#126880,.F.);
#129950=ORIENTED_EDGE('',*,*,#126570,.T.);
#129960=ORIENTED_EDGE('',*,*,#126200,.F.);
#129970=ORIENTED_EDGE('',*,*,#129730,.T.);
#129980=EDGE_CURVE('',#129720,#129400,#129380,.T.);
#129990=ORIENTED_EDGE('',*,*,#129980,.F.);
#130000=ORIENTED_EDGE('',*,*,#129410,.F.);
#130010=ORIENTED_EDGE('',*,*,#129090,.T.);
#130020=ORIENTED_EDGE('',*,*,#128770,.F.);
#130030=ORIENTED_EDGE('',*,*,#128460,.T.);
#130040=ORIENTED_EDGE('',*,*,#128140,.F.);
#130050=ORIENTED_EDGE('',*,*,#127830,.T.);
#130060=ORIENTED_EDGE('',*,*,#127510,.F.);
#130070=EDGE_LOOP('',(#130060,#130050,#130040,#130030,#130020,#130010,
   #130000,#129990,#129970,#129960,#129950,#129940,#129930));
#130080=FACE_OUTER_BOUND('',#130070,.T.);
#130090=ADVANCED_FACE('',(#130080),#116350,.T.);
#130100=COLOUR_RGB('',5.0196081399917603E-01,1.0000000000000000E+00,
   5.0196081399917603E-01);
#130110=FILL_AREA_STYLE_COLOUR('',#130100);
#130120=FILL_AREA_STYLE('',(#130110));
#130130=SURFACE_STYLE_FILL_AREA(#130120);
#130140=SURFACE_SIDE_STYLE('',(#130130));
#130150=SURFACE_STYLE_USAGE(.BOTH.,#130140);
#130160=PRESENTATION_STYLE_ASSIGNMENT((#130150));
#130170=CARTESIAN_POINT('',(-2.9710644588612411E+01,
   2.3045184024564779E+01,2.6500000000000000E+01));
#130180=DIRECTION('',(0.0000000000000000E+00,0.0000000000000000E+00,
   1.0000000000000000E+00));
#130190=DIRECTION('',(1.0000000000000000E+00,0.0000000000000000E+00,
   0.0000000000000000E+00));
#130200=AXIS2_PLACEMENT_3D('',#130170,#130180,#130190);
#130210=CYLINDRICAL_SURFACE('',#130200,2.2836213029279406E-01);
#130220=CARTESIAN_POINT('',(-2.9482282458319617E+01,
   2.3045184024564779E+01,2.6500000000000000E+01));
#130230=DIRECTION('',(0.0000000000000000E+00,0.0000000000000000E+00,
   1.0000000000000000E+00));
#130240=VECTOR('',#130230,1.0000000000000000E+00);
#130250=LINE('',#130220,#130240);
#130260=CARTESIAN_POINT('',(-2.9482282458319617E+01,
   2.3045184024564779E+01,2.6500000000000000E+01));
#130270=VERTEX_POINT('',#130260);
#130280=EDGE_CURVE('',#122360,#130270,#130250,.T.);
#130290=ORIENTED_EDGE('',*,*,#130280,.T.);
#130300=ORIENTED_EDGE('',*,*,#122410,.T.);
#130310=CARTESIAN_POINT('',(-2.9939006718905205E+01,
   2.3045184024564779E+01,2.6500000000000000E+01));
#130320=DIRECTION('',(0.0000000000000000E+00,0.0000000000000000E+00,
   1.0000000000000000E+00));
#130330=VECTOR('',#130320,1.0000000000000000E+00);
#130340=LINE('',#130310,#130330);
#130350=CARTESIAN_POINT('',(-2.9939006718905205E+01,
   2.3045184024564779E+01,2.6500000000000000E+01));
#130360=VERTEX_POINT('',#130350);
#130370=EDGE_CURVE('',#122380,#130360,#130340,.T.);
#130380=ORIENTED_EDGE('',*,*,#130370,.F.);
#130390=CARTESIAN_POINT('',(-2.9710644588612411E+01,
   2.3045184024564779E+01,2.6500000000000000E+01));
#130400=DIRECTION('',(0.0000000000000000E+00,0.0000000000000000E+00,
   1.0000000000000000E+00));
#130410=DIRECTION('',(1.0000000000000000E+00,0.0000000000000000E+00,
   0.0000000000000000E+00));
#130420=AXIS2_PLACEMENT_3D('',#130390,#130400,#130410);
#130430=CIRCLE('',#130420,2.2836213029279406E-01);
#130440=EDGE_CURVE('',#130360,#130270,#130430,.T.);
#130450=ORIENTED_EDGE('',*,*,#130440,.F.);
#130460=EDGE_LOOP('',(#130450,#130380,#130300,#130290));
#130470=FACE_OUTER_BOUND('',#130460,.T.);
#130480=ADVANCED_FACE('',(#130470),#130210,.T.);
#130490=COLOUR_RGB('',5.0196081399917603E-01,1.0000000000000000E+00,
   5.0196081399917603E-01);
#130500=FILL_AREA_STYLE_COLOUR('',#130490);
#130510=FILL_AREA_STYLE('',(#130500));
#130520=SURFACE_STYLE_FILL_AREA(#130510);
#130530=SURFACE_SIDE_STYLE('',(#130520));
#130540=SURFACE_STYLE_USAGE(.BOTH.,#130530);
#130550=PRESENTATION_STYLE_ASSIGNMENT((#130540));
#130560=EDGE_CURVE('',#130270,#130360,#130430,.T.);
#130570=ORIENTED_EDGE('',*,*,#130560,.T.);
#130580=ORIENTED_EDGE('',*,*,#130440,.T.);
#130590=EDGE_LOOP('',(#130580,#130570));
#130600=FACE_OUTER_BOUND('',#130590,.T.);
#130610=ADVANCED_FACE('',(#130600),#116350,.T.);
#130620=COLOUR_RGB('',5.0196081399917603E-01,1.0000000000000000E+00,
   5.0196081399917603E-01);
#130630=FILL_AREA_STYLE_COLOUR('',#130620);
#130640=FILL_AREA_STYLE('',(#130630));
#130650=SURFACE_STYLE_FILL_AREA(#130640);
#130660=SURFACE_SIDE_STYLE('',(#130650));
#130670=SURFACE_STYLE_USAGE(.BOTH.,#130660);
#130680=PRESENTATION_STYLE_ASSIGNMENT((#130670));
#130690=CARTESIAN_POINT('',(-3.4655488301517813E+01,
   2.5621376124790597E+01,2.1000000000000000E+01));
#130700=DIRECTION('',(0.0000000000000000E+00,0.0000000000000000E+00,
   1.0000000000000000E+00));
#130710=DIRECTION('',(1.0000000000000000E+00,0.0000000000000000E+00,
   0.0000000000000000E+00));
#130720=AXIS2_PLACEMENT_3D('',#130690,#130700,#130710);
#130730=CYLINDRICAL_SURFACE('',#130720,3.0000000000000071E-01);
#130740=ORIENTED_EDGE('',*,*,#4000,.T.);
#130750=CARTESIAN_POINT('',(-3.4655488301517813E+01,
   2.5921376124790601E+01,2.1000000000000000E+01));
#130760=DIRECTION('',(0.0000000000000000E+00,0.0000000000000000E+00,
   1.0000000000000000E+00));
#130770=VECTOR('',#130760,1.0000000000000000E+00);
#130780=LINE('',#130750,#130770);
#130790=EDGE_CURVE('',#3900,#116420,#130780,.T.);
#130800=ORIENTED_EDGE('',*,*,#130790,.F.);
#130810=ORIENTED_EDGE('',*,*,#116450,.F.);
#130820=CARTESIAN_POINT('',(-3.4955488301517818E+01,
   2.5621376124790597E+01,2.1000000000000000E+01));
#130830=DIRECTION('',(0.0000000000000000E+00,0.0000000000000000E+00,
   1.0000000000000000E+00));
#130840=VECTOR('',#130830,1.0000000000000000E+00);
#130850=LINE('',#130820,#130840);
#130860=EDGE_CURVE('',#3990,#116440,#130850,.T.);
#130870=ORIENTED_EDGE('',*,*,#130860,.T.);
#130880=EDGE_LOOP('',(#130870,#130810,#130800,#130740));
#130890=FACE_OUTER_BOUND('',#130880,.T.);
#130900=ADVANCED_FACE('',(#130890),#130730,.T.);
#130910=COLOUR_RGB('',5.0196081399917603E-01,1.0000000000000000E+00,
   5.0196081399917603E-01);
#130920=FILL_AREA_STYLE_COLOUR('',#130910);
#130930=FILL_AREA_STYLE('',(#130920));
#130940=SURFACE_STYLE_FILL_AREA(#130930);
#130950=SURFACE_SIDE_STYLE('',(#130940));
#130960=SURFACE_STYLE_USAGE(.BOTH.,#130950);
#130970=PRESENTATION_STYLE_ASSIGNMENT((#130960));
#130980=ORIENTED_EDGE('',*,*,#97830,.F.);
#130990=CARTESIAN_POINT('',(-3.0694461199299035E+01,
   2.7145319094080318E+01,2.2206001849049326E+01));
#131000=DIRECTION('',(0.0000000000000000E+00,1.0000000000000000E+00,
   0.0000000000000000E+00));
#131010=VECTOR('',#131000,1.0000000000000000E+00);
#131020=LINE('',#130990,#131010);
#131030=CARTESIAN_POINT('',(-3.0694461199299035E+01,
   2.8601376124790601E+01,2.2206001849049326E+01));
#131040=VERTEX_POINT('',#131030);
#131050=EDGE_CURVE('',#97740,#131040,#131020,.T.);
#131060=ORIENTED_EDGE('',*,*,#131050,.F.);
#131070=EDGE_CURVE('',#131040,#106180,#106240,.T.);
#131080=ORIENTED_EDGE('',*,*,#131070,.F.);
#131090=ORIENTED_EDGE('',*,*,#106190,.F.);
#131100=EDGE_LOOP('',(#131090,#131080,#131060,#130980));
#131110=FACE_OUTER_BOUND('',#131100,.T.);
#131120=ADVANCED_FACE('',(#131110),#106100,.T.);
#131130=COLOUR_RGB('',9.4901967048645020E-01,9.4901967048645020E-01,
   1.0000000000000000E+00);
#131140=FILL_AREA_STYLE_COLOUR('',#131130);
#131150=FILL_AREA_STYLE('',(#131140));
#131160=SURFACE_STYLE_FILL_AREA(#131150);
#131170=SURFACE_SIDE_STYLE('',(#131160));
#131180=SURFACE_STYLE_USAGE(.BOTH.,#131170);
#131190=PRESENTATION_STYLE_ASSIGNMENT((#131180));
#131200=CARTESIAN_POINT('',(0.0000000000000000E+00,
   0.0000000000000000E+00,2.1800000000000001E+01));
#131210=DIRECTION('',(0.0000000000000000E+00,0.0000000000000000E+00,
   1.0000000000000000E+00));
#131220=DIRECTION('',(1.0000000000000000E+00,0.0000000000000000E+00,
   0.0000000000000000E+00));
#131230=AXIS2_PLACEMENT_3D('',#131200,#131210,#131220);
#131240=PLANE('',#131230);
#131250=ORIENTED_EDGE('',*,*,#100130,.F.);
#131260=CARTESIAN_POINT('',(-3.3805488301517798E+01,
   2.2071376124790600E+01,2.1800000000000001E+01));
#131270=DIRECTION('',(1.0000000000000000E+00,0.0000000000000000E+00,
   0.0000000000000000E+00));
#131280=VECTOR('',#131270,1.0000000000000000E+00);
#131290=LINE('',#131260,#131280);
#131300=CARTESIAN_POINT('',(-3.3520488301517801E+01,
   2.2071376124790600E+01,2.1800000000000001E+01));
#131310=VERTEX_POINT('',#131300);
#131320=EDGE_CURVE('',#100040,#131310,#131290,.T.);
#131330=ORIENTED_EDGE('',*,*,#131320,.F.);
#131340=CARTESIAN_POINT('',(-3.3520488301517801E+01,
   2.3821376124790600E+01,2.1800000000000001E+01));
#131350=DIRECTION('',(0.0000000000000000E+00,-1.0000000000000000E+00,
   0.0000000000000000E+00));
#131360=VECTOR('',#131350,1.0000000000000000E+00);
#131370=LINE('',#131340,#131360);
#131380=EDGE_CURVE('',#98300,#131310,#131370,.T.);
#131390=ORIENTED_EDGE('',*,*,#131380,.T.);
#131400=ORIENTED_EDGE('',*,*,#98310,.T.);
#131410=CARTESIAN_POINT('',(-3.3805488301517798E+01,
   2.3821376124790600E+01,2.1800000000000001E+01));
#131420=DIRECTION('',(-2.5881904510253184E-01,9.6592582628906531E-01,
   0.0000000000000000E+00));
#131430=VECTOR('',#131420,1.0000000000000000E+00);
#131440=LINE('',#131410,#131430);
#131450=CARTESIAN_POINT('',(-3.4090488301517780E+01,
   2.4885010604947620E+01,2.1800000000000001E+01));
#131460=VERTEX_POINT('',#131450);
#131470=EDGE_CURVE('',#98280,#131460,#131440,.T.);
#131480=ORIENTED_EDGE('',*,*,#131470,.F.);
#131490=CARTESIAN_POINT('',(-3.4090488301517780E+01,
   0.0000000000000000E+00,2.1800000000000001E+01));
#131500=DIRECTION('',(0.0000000000000000E+00,1.0000000000000000E+00,
   0.0000000000000000E+00));
#131510=VECTOR('',#131500,1.0000000000000000E+00);
#131520=LINE('',#131490,#131510);
#131530=EDGE_CURVE('',#100120,#131460,#131520,.T.);
#131540=ORIENTED_EDGE('',*,*,#131530,.T.);
#131550=EDGE_LOOP('',(#131540,#131480,#131400,#131390,#131330,#131250));
#131560=FACE_OUTER_BOUND('',#131550,.T.);
#131570=ADVANCED_FACE('',(#131560),#131240,.F.);
#131580=COLOUR_RGB('',5.0196081399917603E-01,1.0000000000000000E+00,
   5.0196081399917603E-01);
#131590=FILL_AREA_STYLE_COLOUR('',#131580);
#131600=FILL_AREA_STYLE('',(#131590));
#131610=SURFACE_STYLE_FILL_AREA(#131600);
#131620=SURFACE_SIDE_STYLE('',(#131610));
#131630=SURFACE_STYLE_USAGE(.BOTH.,#131620);
#131640=PRESENTATION_STYLE_ASSIGNMENT((#131630));
#131650=ORIENTED_EDGE('',*,*,#131070,.T.);
#131660=CARTESIAN_POINT('',(-3.1405488301517792E+01,
   2.8601376124790601E+01,2.1000000000000000E+01));
#131670=DIRECTION('',(0.0000000000000000E+00,1.0000000000000000E+00,
   0.0000000000000000E+00));
#131680=DIRECTION('',(-1.0000000000000000E+00,0.0000000000000000E+00,
   0.0000000000000000E+00));
#131690=AXIS2_PLACEMENT_3D('',#131660,#131670,#131680);
#131700=CIRCLE('',#131690,1.3999999999999999E+00);
#131710=CARTESIAN_POINT('',(-3.2805488301517791E+01,
   2.8601376124790601E+01,2.1000000000000000E+01));
#131720=VERTEX_POINT('',#131710);
#131730=EDGE_CURVE('',#131720,#131040,#131700,.T.);
#131740=ORIENTED_EDGE('',*,*,#131730,.T.);
#131750=EDGE_CURVE('',#104870,#131720,#131700,.T.);
#131760=ORIENTED_EDGE('',*,*,#131750,.T.);
#131770=ORIENTED_EDGE('',*,*,#104880,.T.);
#131780=ORIENTED_EDGE('',*,*,#93670,.T.);
#131790=CARTESIAN_POINT('',(-3.1355488301517802E+01,
   2.8601376124790601E+01,2.1000000000000000E+01));
#131800=DIRECTION('',(0.0000000000000000E+00,-1.0000000000000000E+00,
   0.0000000000000000E+00));
#131810=DIRECTION('',(1.0000000000000000E+00,0.0000000000000000E+00,
   0.0000000000000000E+00));
#131820=AXIS2_PLACEMENT_3D('',#131790,#131800,#131810);
#131830=CIRCLE('',#131820,5.5000000000000004E-01);
#131840=EDGE_CURVE('',#106180,#93660,#131830,.T.);
#131850=ORIENTED_EDGE('',*,*,#131840,.T.);
#131860=EDGE_LOOP('',(#131850,#131780,#131770,#131760,#131740,#131650));
#131870=FACE_OUTER_BOUND('',#131860,.T.);
#131880=ADVANCED_FACE('',(#131870),#95390,.T.);
#131890=COLOUR_RGB('',9.4901967048645020E-01,9.4901967048645020E-01,
   1.0000000000000000E+00);
#131900=FILL_AREA_STYLE_COLOUR('',#131890);
#131910=FILL_AREA_STYLE('',(#131900));
#131920=SURFACE_STYLE_FILL_AREA(#131910);
#131930=SURFACE_SIDE_STYLE('',(#131920));
#131940=SURFACE_STYLE_USAGE(.BOTH.,#131930);
#131950=PRESENTATION_STYLE_ASSIGNMENT((#131940));
#131960=CARTESIAN_POINT('',(-3.3520488301517801E+01,
   2.2071376124790600E+01,2.1000000000000000E+01));
#131970=DIRECTION('',(1.0000000000000000E+00,0.0000000000000000E+00,
   0.0000000000000000E+00));
#131980=DIRECTION('',(0.0000000000000000E+00,-1.0000000000000000E+00,
   0.0000000000000000E+00));
#131990=AXIS2_PLACEMENT_3D('',#131960,#131970,#131980);
#132000=PLANE('',#131990);
#132010=ORIENTED_EDGE('',*,*,#97190,.T.);
#132020=ORIENTED_EDGE('',*,*,#98370,.T.);
#132030=ORIENTED_EDGE('',*,*,#131380,.F.);
#132040=CARTESIAN_POINT('',(-3.3520488301517801E+01,
   2.2071376124790600E+01,2.1000000000000000E+01));
#132050=DIRECTION('',(0.0000000000000000E+00,0.0000000000000000E+00,
   1.0000000000000000E+00));
#132060=VECTOR('',#132050,1.0000000000000000E+00);
#132070=LINE('',#132040,#132060);
#132080=EDGE_CURVE('',#97180,#131310,#132070,.T.);
#132090=ORIENTED_EDGE('',*,*,#132080,.T.);
#132100=EDGE_LOOP('',(#132090,#132030,#132020,#132010));
#132110=FACE_OUTER_BOUND('',#132100,.T.);
#132120=ADVANCED_FACE('',(#132110),#132000,.F.);
#132130=COLOUR_RGB('',5.0196081399917603E-01,1.0000000000000000E+00,
   5.0196081399917603E-01);
#132140=FILL_AREA_STYLE_COLOUR('',#132130);
#132150=FILL_AREA_STYLE('',(#132140));
#132160=SURFACE_STYLE_FILL_AREA(#132150);
#132170=SURFACE_SIDE_STYLE('',(#132160));
#132180=SURFACE_STYLE_USAGE(.BOTH.,#132170);
#132190=PRESENTATION_STYLE_ASSIGNMENT((#132180));
#132200=ORIENTED_EDGE('',*,*,#131840,.F.);
#132210=ORIENTED_EDGE('',*,*,#93740,.T.);
#132220=ORIENTED_EDGE('',*,*,#106250,.T.);
#132230=EDGE_LOOP('',(#132220,#132210,#132200));
#132240=FACE_OUTER_BOUND('',#132230,.T.);
#132250=ADVANCED_FACE('',(#132240),#95390,.T.);
#132260=COLOUR_RGB('',9.4901967048645020E-01,9.4901967048645020E-01,
   1.0000000000000000E+00);
#132270=FILL_AREA_STYLE_COLOUR('',#132260);
#132280=FILL_AREA_STYLE('',(#132270));
#132290=SURFACE_STYLE_FILL_AREA(#132280);
#132300=SURFACE_SIDE_STYLE('',(#132290));
#132310=SURFACE_STYLE_USAGE(.BOTH.,#132300);
#132320=PRESENTATION_STYLE_ASSIGNMENT((#132310));
#132330=CARTESIAN_POINT('',(-3.3520488301517801E+01,
   2.2071376124790600E+01,2.1000000000000000E+01));
#132340=DIRECTION('',(-0.0000000000000000E+00,-1.0000000000000000E+00,
   -0.0000000000000000E+00));
#132350=DIRECTION('',(-1.0000000000000000E+00,0.0000000000000000E+00,
   0.0000000000000000E+00));
#132360=AXIS2_PLACEMENT_3D('',#132330,#132340,#132350);
#132370=PLANE('',#132360);
#132380=ORIENTED_EDGE('',*,*,#97270,.F.);
#132390=ORIENTED_EDGE('',*,*,#132080,.F.);
#132400=ORIENTED_EDGE('',*,*,#131320,.T.);
#132410=ORIENTED_EDGE('',*,*,#100050,.T.);
#132420=EDGE_LOOP('',(#132410,#132400,#132390,#132380));
#132430=FACE_OUTER_BOUND('',#132420,.T.);
#132440=ADVANCED_FACE('',(#132430),#132370,.F.);
#132450=COLOUR_RGB('',5.0196081399917603E-01,1.0000000000000000E+00,
   5.0196081399917603E-01);
#132460=FILL_AREA_STYLE_COLOUR('',#132450);
#132470=FILL_AREA_STYLE('',(#132460));
#132480=SURFACE_STYLE_FILL_AREA(#132470);
#132490=SURFACE_SIDE_STYLE('',(#132480));
#132500=SURFACE_STYLE_USAGE(.BOTH.,#132490);
#132510=PRESENTATION_STYLE_ASSIGNMENT((#132500));
#132520=CARTESIAN_POINT('',(-3.4134907590252553E+01,
   2.5050785647341851E+01,2.0199999999999999E+01));
#132530=DIRECTION('',(9.6592582628906531E-01,2.5881904510253184E-01,
   0.0000000000000000E+00));
#132540=DIRECTION('',(2.5881904510253184E-01,-9.6592582628906531E-01,
   0.0000000000000000E+00));
#132550=AXIS2_PLACEMENT_3D('',#132520,#132530,#132540);
#132560=PLANE('',#132550);
#132570=ORIENTED_EDGE('',*,*,#131470,.T.);
#132580=ORIENTED_EDGE('',*,*,#98440,.F.);
#132590=ORIENTED_EDGE('',*,*,#97030,.F.);
#132600=ORIENTED_EDGE('',*,*,#105480,.F.);
#132610=ORIENTED_EDGE('',*,*,#98780,.T.);
#132620=CARTESIAN_POINT('',(-2.7422569806281842E+01,
   0.0000000000000000E+00,1.5132081504763953E+01));
#132630=DIRECTION('',(2.5056280708574147E-01,-9.3511312653102330E-01,
   -2.5056280708574469E-01));
#132640=VECTOR('',#132630,1.0000000000000000E+00);
#132650=LINE('',#132620,#132640);
#132660=EDGE_CURVE('',#98670,#131460,#132650,.T.);
#132670=ORIENTED_EDGE('',*,*,#132660,.F.);
#132680=EDGE_LOOP('',(#132670,#132610,#132600,#132590,#132580,#132570));
#132690=FACE_OUTER_BOUND('',#132680,.T.);
#132700=ADVANCED_FACE('',(#132690),#132560,.F.);
#132710=COLOUR_RGB('',5.0196081399917603E-01,1.0000000000000000E+00,
   5.0196081399917603E-01);
#132720=FILL_AREA_STYLE_COLOUR('',#132710);
#132730=FILL_AREA_STYLE('',(#132720));
#132740=SURFACE_STYLE_FILL_AREA(#132730);
#132750=SURFACE_SIDE_STYLE('',(#132740));
#132760=SURFACE_STYLE_USAGE(.BOTH.,#132750);
#132770=PRESENTATION_STYLE_ASSIGNMENT((#132760));
#132780=ORIENTED_EDGE('',*,*,#98060,.F.);
#132790=ORIENTED_EDGE('',*,*,#94820,.T.);
#132800=ORIENTED_EDGE('',*,*,#95550,.F.);
#132810=ORIENTED_EDGE('',*,*,#99710,.F.);
#132820=EDGE_LOOP('',(#132810,#132800,#132790,#132780));
#132830=FACE_OUTER_BOUND('',#132820,.T.);
#132840=ADVANCED_FACE('',(#132830),#99650,.T.);
#132850=COLOUR_RGB('',9.4901967048645020E-01,9.4901967048645020E-01,
   1.0000000000000000E+00);
#132860=FILL_AREA_STYLE_COLOUR('',#132850);
#132870=FILL_AREA_STYLE('',(#132860));
#132880=SURFACE_STYLE_FILL_AREA(#132870);
#132890=SURFACE_SIDE_STYLE('',(#132880));
#132900=SURFACE_STYLE_USAGE(.BOTH.,#132890);
#132910=PRESENTATION_STYLE_ASSIGNMENT((#132900));
#132920=ORIENTED_EDGE('',*,*,#103090,.T.);
#132930=ORIENTED_EDGE('',*,*,#81290,.T.);
#132940=CARTESIAN_POINT('',(-3.1405488301517792E+01,
   2.8601376124790601E+01,2.1000000000000000E+01));
#132950=DIRECTION('',(0.0000000000000000E+00,1.0000000000000000E+00,
   0.0000000000000000E+00));
#132960=DIRECTION('',(-1.0000000000000000E+00,0.0000000000000000E+00,
   0.0000000000000000E+00));
#132970=AXIS2_PLACEMENT_3D('',#132940,#132950,#132960);
#132980=CIRCLE('',#132970,1.3999999999999999E+00);
#132990=CARTESIAN_POINT('',(-3.0005488301517794E+01,
   2.8601376124790601E+01,2.1000000000000000E+01));
#133000=VERTEX_POINT('',#132990);
#133010=EDGE_CURVE('',#133000,#81200,#132980,.T.);
#133020=ORIENTED_EDGE('',*,*,#133010,.T.);
#133030=EDGE_CURVE('',#99740,#133000,#132980,.T.);
#133040=ORIENTED_EDGE('',*,*,#133030,.T.);
#133050=ORIENTED_EDGE('',*,*,#99750,.T.);
#133060=ORIENTED_EDGE('',*,*,#95490,.T.);
#133070=EDGE_LOOP('',(#133060,#133050,#133040,#133020,#132930,#132920));
#133080=FACE_OUTER_BOUND('',#133070,.T.);
#133090=ADVANCED_FACE('',(#133080),#95390,.T.);
#133100=COLOUR_RGB('',9.4901967048645020E-01,9.4901967048645020E-01,
   1.0000000000000000E+00);
#133110=FILL_AREA_STYLE_COLOUR('',#133100);
#133120=FILL_AREA_STYLE('',(#133110));
#133130=SURFACE_STYLE_FILL_AREA(#133120);
#133140=SURFACE_SIDE_STYLE('',(#133130));
#133150=SURFACE_STYLE_USAGE(.BOTH.,#133140);
#133160=PRESENTATION_STYLE_ASSIGNMENT((#133150));
#133170=CARTESIAN_POINT('',(-3.4090488301517794E+01,
   2.2071376124790600E+01,2.1799999999999997E+01));
#133180=DIRECTION('',(7.0710678118655212E-01,-0.0000000000000000E+00,
   7.0710678118654302E-01));
#133190=DIRECTION('',(7.0710678118654302E-01,0.0000000000000000E+00,
   -7.0710678118655212E-01));
#133200=AXIS2_PLACEMENT_3D('',#133170,#133180,#133190);
#133210=PLANE('',#133200);
#133220=ORIENTED_EDGE('',*,*,#132660,.T.);
#133230=ORIENTED_EDGE('',*,*,#98700,.F.);
#133240=ORIENTED_EDGE('',*,*,#99250,.T.);
#133250=CARTESIAN_POINT('',(-3.4644041692111067E+01,
   0.0000000000000000E+00,2.2353553390593270E+01));
#133260=DIRECTION('',(0.0000000000000000E+00,-1.0000000000000000E+00,
   0.0000000000000000E+00));
#133270=VECTOR('',#133260,1.0000000000000000E+00);
#133280=LINE('',#133250,#133270);
#133290=EDGE_CURVE('',#99160,#100200,#133280,.T.);
#133300=ORIENTED_EDGE('',*,*,#133290,.F.);
#133310=ORIENTED_EDGE('',*,*,#100210,.T.);
#133320=ORIENTED_EDGE('',*,*,#131530,.F.);
#133330=EDGE_LOOP('',(#133320,#133310,#133300,#133240,#133230,#133220));
#133340=FACE_OUTER_BOUND('',#133330,.T.);
#133350=ADVANCED_FACE('',(#133340),#133210,.F.);
#133360=COLOUR_RGB('',5.0196081399917603E-01,1.0000000000000000E+00,
   5.0196081399917603E-01);
#133370=FILL_AREA_STYLE_COLOUR('',#133360);
#133380=FILL_AREA_STYLE('',(#133370));
#133390=SURFACE_STYLE_FILL_AREA(#133380);
#133400=SURFACE_SIDE_STYLE('',(#133390));
#133410=SURFACE_STYLE_USAGE(.BOTH.,#133400);
#133420=PRESENTATION_STYLE_ASSIGNMENT((#133410));
#133430=CARTESIAN_POINT('',(-3.4997595082704343E+01,
   2.2071376124790600E+01,2.2000000000000000E+01));
#133440=DIRECTION('',(0.0000000000000000E+00,-1.0000000000000000E+00,
   0.0000000000000000E+00));
#133450=DIRECTION('',(1.0000000000000000E+00,0.0000000000000000E+00,
   0.0000000000000000E+00));
#133460=AXIS2_PLACEMENT_3D('',#133430,#133440,#133450);
#133470=CYLINDRICAL_SURFACE('',#133460,5.0000000000000400E-01);
#133480=ORIENTED_EDGE('',*,*,#99190,.F.);
#133490=CARTESIAN_POINT('',(-3.4955488301517804E+01,
   2.2071376124790600E+01,2.2498223864320160E+01));
#133500=DIRECTION('',(0.0000000000000000E+00,-1.0000000000000000E+00,
   0.0000000000000000E+00));
#133510=VECTOR('',#133500,1.0000000000000000E+00);
#133520=LINE('',#133490,#133510);
#133530=EDGE_CURVE('',#99180,#100290,#133520,.T.);
#133540=ORIENTED_EDGE('',*,*,#133530,.F.);
#133550=ORIENTED_EDGE('',*,*,#100300,.T.);
#133560=ORIENTED_EDGE('',*,*,#133290,.T.);
#133570=EDGE_LOOP('',(#133560,#133550,#133540,#133480));
#133580=FACE_OUTER_BOUND('',#133570,.T.);
#133590=ADVANCED_FACE('',(#133580),#133470,.F.);
#133600=COLOUR_RGB('',5.0196081399917603E-01,1.0000000000000000E+00,
   5.0196081399917603E-01);
#133610=FILL_AREA_STYLE_COLOUR('',#133600);
#133620=FILL_AREA_STYLE('',(#133610));
#133630=SURFACE_STYLE_FILL_AREA(#133620);
#133640=SURFACE_SIDE_STYLE('',(#133630));
#133650=SURFACE_STYLE_USAGE(.BOTH.,#133640);
#133660=PRESENTATION_STYLE_ASSIGNMENT((#133650));
#133670=CARTESIAN_POINT('',(-3.4955488301517804E+01,
   2.5421376124790601E+01,2.1000000000000000E+01));
#133680=DIRECTION('',(-1.0000000000000000E+00,0.0000000000000000E+00,
   0.0000000000000000E+00));
#133690=DIRECTION('',(0.0000000000000000E+00,1.0000000000000000E+00,
   0.0000000000000000E+00));
#133700=AXIS2_PLACEMENT_3D('',#133670,#133680,#133690);
#133710=PLANE('',#133700);
#133720=ORIENTED_EDGE('',*,*,#112440,.F.);
#133730=ORIENTED_EDGE('',*,*,#92450,.F.);
#133740=ORIENTED_EDGE('',*,*,#110590,.T.);
#133750=ORIENTED_EDGE('',*,*,#111280,.T.);
#133760=EDGE_LOOP('',(#133750,#133740,#133730,#133720));
#133770=FACE_BOUND('',#133760,.T.);
#133780=ORIENTED_EDGE('',*,*,#116760,.F.);
#133790=ORIENTED_EDGE('',*,*,#85110,.T.);
#133800=ORIENTED_EDGE('',*,*,#4060,.T.);
#133810=ORIENTED_EDGE('',*,*,#130860,.F.);
#133820=EDGE_LOOP('',(#133810,#133800,#133790,#133780));
#133830=FACE_OUTER_BOUND('',#133820,.T.);
#133840=ORIENTED_EDGE('',*,*,#28170,.F.);
#133850=ORIENTED_EDGE('',*,*,#106470,.F.);
#133860=ORIENTED_EDGE('',*,*,#100960,.T.);
#133870=ORIENTED_EDGE('',*,*,#95070,.T.);
#133880=EDGE_LOOP('',(#133870,#133860,#133850,#133840));
#133890=FACE_BOUND('',#133880,.T.);
#133900=ORIENTED_EDGE('',*,*,#75900,.F.);
#133910=ORIENTED_EDGE('',*,*,#69330,.F.);
#133920=ORIENTED_EDGE('',*,*,#54900,.T.);
#133930=ORIENTED_EDGE('',*,*,#68230,.T.);
#133940=EDGE_LOOP('',(#133930,#133920,#133910,#133900));
#133950=FACE_BOUND('',#133940,.T.);
#133960=ORIENTED_EDGE('',*,*,#9950,.F.);
#133970=ORIENTED_EDGE('',*,*,#55270,.F.);
#133980=ORIENTED_EDGE('',*,*,#54480,.T.);
#133990=ORIENTED_EDGE('',*,*,#53030,.T.);
#134000=EDGE_LOOP('',(#133990,#133980,#133970,#133960));
#134010=FACE_BOUND('',#134000,.T.);
#134020=ORIENTED_EDGE('',*,*,#11330,.T.);
#134030=ORIENTED_EDGE('',*,*,#14700,.T.);
#134040=ORIENTED_EDGE('',*,*,#2590,.F.);
#134050=ORIENTED_EDGE('',*,*,#6930,.T.);
#134060=EDGE_LOOP('',(#134050,#134040,#134030,#134020));
#134070=FACE_BOUND('',#134060,.T.);
#134080=ORIENTED_EDGE('',*,*,#24640,.F.);
#134090=ORIENTED_EDGE('',*,*,#39660,.T.);
#134100=ORIENTED_EDGE('',*,*,#37860,.T.);
#134110=ORIENTED_EDGE('',*,*,#39320,.T.);
#134120=EDGE_LOOP('',(#134110,#134100,#134090,#134080));
#134130=FACE_BOUND('',#134120,.T.);
#134140=ORIENTED_EDGE('',*,*,#3010,.F.);
#134150=ORIENTED_EDGE('',*,*,#13020,.F.);
#134160=ORIENTED_EDGE('',*,*,#24150,.T.);
#134170=ORIENTED_EDGE('',*,*,#23700,.T.);
#134180=EDGE_LOOP('',(#134170,#134160,#134150,#134140));
#134190=FACE_BOUND('',#134180,.T.);
#134200=ORIENTED_EDGE('',*,*,#107450,.F.);
#134210=ORIENTED_EDGE('',*,*,#100380,.T.);
#134220=ORIENTED_EDGE('',*,*,#133530,.T.);
#134230=ORIENTED_EDGE('',*,*,#99490,.T.);
#134240=EDGE_LOOP('',(#134230,#134220,#134210,#134200));
#134250=FACE_BOUND('',#134240,.T.);
#134260=ADVANCED_FACE('',(#133770,#133830,#133890,#133950,#134010,
   #134070,#134130,#134190,#134250),#133710,.T.);
#134270=COLOUR_RGB('',5.0196081399917603E-01,1.0000000000000000E+00,
   5.0196081399917603E-01);
#134280=FILL_AREA_STYLE_COLOUR('',#134270);
#134290=FILL_AREA_STYLE('',(#134280));
#134300=SURFACE_STYLE_FILL_AREA(#134290);
#134310=SURFACE_SIDE_STYLE('',(#134300));
#134320=SURFACE_STYLE_USAGE(.BOTH.,#134310);
#134330=PRESENTATION_STYLE_ASSIGNMENT((#134320));
#134340=CARTESIAN_POINT('',(-3.2921824807528317E+01,
   2.8821376124790600E+01,2.1000000000000000E+01));
#134350=DIRECTION('',(0.0000000000000000E+00,0.0000000000000000E+00,
   1.0000000000000000E+00));
#134360=DIRECTION('',(1.0000000000000000E+00,0.0000000000000000E+00,
   0.0000000000000000E+00));
#134370=AXIS2_PLACEMENT_3D('',#134340,#134350,#134360);
#134380=CYLINDRICAL_SURFACE('',#134370,5.0000000000000000E-01);
#134390=ORIENTED_EDGE('',*,*,#116590,.F.);
#134400=ORIENTED_EDGE('',*,*,#69790,.F.);
#134410=ORIENTED_EDGE('',*,*,#3750,.T.);
#134420=ORIENTED_EDGE('',*,*,#91490,.F.);
#134430=EDGE_LOOP('',(#134420,#134410,#134400,#134390));
#134440=FACE_OUTER_BOUND('',#134430,.T.);
#134450=ADVANCED_FACE('',(#134440),#134380,.T.);
#134460=COLOUR_RGB('',5.0196081399917603E-01,1.0000000000000000E+00,
   5.0196081399917603E-01);
#134470=FILL_AREA_STYLE_COLOUR('',#134460);
#134480=FILL_AREA_STYLE('',(#134470));
#134490=SURFACE_STYLE_FILL_AREA(#134480);
#134500=SURFACE_SIDE_STYLE('',(#134490));
#134510=SURFACE_STYLE_USAGE(.BOTH.,#134500);
#134520=PRESENTATION_STYLE_ASSIGNMENT((#134510));
#134530=CARTESIAN_POINT('',(-3.1405488301517799E+01,
   2.8561376124790595E+01,2.1000000000000000E+01));
#134540=DIRECTION('',(0.0000000000000000E+00,-1.0000000000000000E+00,
   0.0000000000000000E+00));
#134550=DIRECTION('',(-1.0000000000000000E+00,0.0000000000000000E+00,
   0.0000000000000000E+00));
#134560=AXIS2_PLACEMENT_3D('',#134530,#134540,#134550);
#134570=CYLINDRICAL_SURFACE('',#134560,1.4499999999999993E+00);
#134580=CARTESIAN_POINT('',(-3.2855488301517795E+01,
   2.8561376124790595E+01,2.1000000000000000E+01));
#134590=DIRECTION('',(0.0000000000000000E+00,-1.0000000000000000E+00,
   0.0000000000000000E+00));
#134600=VECTOR('',#134590,1.0000000000000000E+00);
#134610=LINE('',#134580,#134600);
#134620=EDGE_CURVE('',#91740,#101490,#134610,.T.);
#134630=ORIENTED_EDGE('',*,*,#134620,.F.);
#134640=ORIENTED_EDGE('',*,*,#101540,.T.);
#134650=CARTESIAN_POINT('',(-2.9955488301517800E+01,
   2.8561376124790595E+01,2.1000000000000000E+01));
#134660=DIRECTION('',(0.0000000000000000E+00,-1.0000000000000000E+00,
   0.0000000000000000E+00));
#134670=VECTOR('',#134660,1.0000000000000000E+00);
#134680=LINE('',#134650,#134670);
#134690=EDGE_CURVE('',#91760,#101510,#134680,.T.);
#134700=ORIENTED_EDGE('',*,*,#134690,.T.);
#134710=ORIENTED_EDGE('',*,*,#91790,.F.);
#134720=EDGE_LOOP('',(#134710,#134700,#134640,#134630));
#134730=FACE_OUTER_BOUND('',#134720,.T.);
#134740=ADVANCED_FACE('',(#134730),#134570,.F.);
#134750=COLOUR_RGB('',5.0196081399917603E-01,1.0000000000000000E+00,
   5.0196081399917603E-01);
#134760=FILL_AREA_STYLE_COLOUR('',#134750);
#134770=FILL_AREA_STYLE('',(#134760));
#134780=SURFACE_STYLE_FILL_AREA(#134770);
#134790=SURFACE_SIDE_STYLE('',(#134780));
#134800=SURFACE_STYLE_USAGE(.BOTH.,#134790);
#134810=PRESENTATION_STYLE_ASSIGNMENT((#134800));
#134820=CARTESIAN_POINT('',(-3.1652975674933074E+01,
   2.8601376124790594E+01,2.4747487373415282E+01));
#134830=DIRECTION('',(7.0710678118654746E-01,0.0000000000000000E+00,
   -7.0710678118654757E-01));
#134840=DIRECTION('',(0.0000000000000000E+00,-1.0000000000000000E+00,
   0.0000000000000000E+00));
#134850=AXIS2_PLACEMENT_3D('',#134820,#134830,#134840);
#134860=PLANE('',#134850);
#134870=CARTESIAN_POINT('',(-3.1900463048348364E+01,
   -2.2653715864353234E+01,2.4500000000000000E+01));
#134880=DIRECTION('',(0.0000000000000000E+00,-1.0000000000000000E+00,
   0.0000000000000000E+00));
#134890=VECTOR('',#134880,1.0000000000000000E+00);
#134900=LINE('',#134870,#134890);
#134910=CARTESIAN_POINT('',(-3.1900463048348364E+01,
   2.8601376124790601E+01,2.4500000000000000E+01));
#134920=VERTEX_POINT('',#134910);
#134930=EDGE_CURVE('',#134920,#70030,#134900,.T.);
#134940=ORIENTED_EDGE('',*,*,#134930,.F.);
#134950=EDGE_CURVE('',#70030,#90470,#90700,.T.);
#134960=ORIENTED_EDGE('',*,*,#134950,.F.);
#134970=CARTESIAN_POINT('',(-3.1350485798848844E+01,
   3.9321376124790604E+01,2.5049977249499509E+01));
#134980=DIRECTION('',(0.0000000000000000E+00,-1.0000000000000000E+00,
   0.0000000000000000E+00));
#134990=VECTOR('',#134980,1.0000000000000000E+00);
#135000=LINE('',#134970,#134990);
#135010=EDGE_CURVE('',#96390,#90470,#135000,.T.);
#135020=ORIENTED_EDGE('',*,*,#135010,.T.);
#135030=EDGE_CURVE('',#96390,#134920,#96470,.T.);
#135040=ORIENTED_EDGE('',*,*,#135030,.F.);
#135050=EDGE_LOOP('',(#135040,#135020,#134960,#134940));
#135060=FACE_OUTER_BOUND('',#135050,.T.);
#135070=ADVANCED_FACE('',(#135060),#134860,.T.);
#135080=COLOUR_RGB('',9.4901967048645020E-01,9.4901967048645020E-01,
   1.0000000000000000E+00);
#135090=FILL_AREA_STYLE_COLOUR('',#135080);
#135100=FILL_AREA_STYLE('',(#135090));
#135110=SURFACE_STYLE_FILL_AREA(#135100);
#135120=SURFACE_SIDE_STYLE('',(#135110));
#135130=SURFACE_STYLE_USAGE(.BOTH.,#135120);
#135140=PRESENTATION_STYLE_ASSIGNMENT((#135130));
#135150=ORIENTED_EDGE('',*,*,#96420,.F.);
#135160=CARTESIAN_POINT('',(-8.4502159542249785E+01,
   2.8601376124790601E+01,2.4500000000000000E+01));
#135170=DIRECTION('',(1.0000000000000000E+00,-0.0000000000000000E+00,
   0.0000000000000000E+00));
#135180=VECTOR('',#135170,1.0000000000000000E+00);
#135190=LINE('',#135160,#135180);
#135200=EDGE_CURVE('',#96410,#134920,#135190,.T.);
#135210=ORIENTED_EDGE('',*,*,#135200,.F.);
#135220=ORIENTED_EDGE('',*,*,#135030,.T.);
#135230=EDGE_LOOP('',(#135220,#135210,#135150));
#135240=FACE_OUTER_BOUND('',#135230,.T.);
#135250=ADVANCED_FACE('',(#135240),#114810,.T.);
#135260=COLOUR_RGB('',9.4901967048645020E-01,9.4901967048645020E-01,
   1.0000000000000000E+00);
#135270=FILL_AREA_STYLE_COLOUR('',#135260);
#135280=FILL_AREA_STYLE('',(#135270));
#135290=SURFACE_STYLE_FILL_AREA(#135280);
#135300=SURFACE_SIDE_STYLE('',(#135290));
#135310=SURFACE_STYLE_USAGE(.BOTH.,#135300);
#135320=PRESENTATION_STYLE_ASSIGNMENT((#135310));
#135330=CARTESIAN_POINT('',(-3.1355488301517802E+01,
   2.8601376124790601E+01,2.4500000000000000E+01));
#135340=DIRECTION('',(0.0000000000000000E+00,-1.0000000000000000E+00,
   0.0000000000000000E+00));
#135350=DIRECTION('',(1.0000000000000000E+00,0.0000000000000000E+00,
   0.0000000000000000E+00));
#135360=AXIS2_PLACEMENT_3D('',#135330,#135340,#135350);
#135370=CIRCLE('',#135360,5.5000000000000004E-01);
#135380=EDGE_CURVE('',#86470,#114880,#135370,.T.);
#135390=ORIENTED_EDGE('',*,*,#135380,.F.);
#135400=ORIENTED_EDGE('',*,*,#114890,.T.);
#135410=ORIENTED_EDGE('',*,*,#111440,.T.);
#135420=EDGE_LOOP('',(#135410,#135400,#135390));
#135430=FACE_OUTER_BOUND('',#135420,.T.);
#135440=ADVANCED_FACE('',(#135430),#96320,.T.);
#135450=COLOUR_RGB('',9.4901967048645020E-01,9.4901967048645020E-01,
   1.0000000000000000E+00);
#135460=FILL_AREA_STYLE_COLOUR('',#135450);
#135470=FILL_AREA_STYLE('',(#135460));
#135480=SURFACE_STYLE_FILL_AREA(#135470);
#135490=SURFACE_SIDE_STYLE('',(#135480));
#135500=SURFACE_STYLE_USAGE(.BOTH.,#135490);
#135510=PRESENTATION_STYLE_ASSIGNMENT((#135500));
#135520=CARTESIAN_POINT('',(-2.9886031253416185E+01,
   2.0321376124790600E+01,2.3226922491185586E+01));
#135530=DIRECTION('',(0.0000000000000000E+00,-1.0000000000000000E+00,
   0.0000000000000000E+00));
#135540=DIRECTION('',(1.0000000000000000E+00,0.0000000000000000E+00,
   0.0000000000000000E+00));
#135550=AXIS2_PLACEMENT_3D('',#135520,#135530,#135540);
#135560=PLANE('',#135550);
#135570=ORIENTED_EDGE('',*,*,#94510,.T.);
#135580=CARTESIAN_POINT('',(-8.4502159542249785E+01,
   2.0321376124790600E+01,2.1449999999999999E+01));
#135590=DIRECTION('',(-1.0000000000000000E+00,0.0000000000000000E+00,
   0.0000000000000000E+00));
#135600=VECTOR('',#135590,1.0000000000000000E+00);
#135610=LINE('',#135580,#135600);
#135620=CARTESIAN_POINT('',(-3.1605488301517802E+01,
   2.0321376124790600E+01,2.1449999999999999E+01));
#135630=VERTEX_POINT('',#135620);
#135640=EDGE_CURVE('',#94440,#135630,#135610,.T.);
#135650=ORIENTED_EDGE('',*,*,#135640,.F.);
#135660=CARTESIAN_POINT('',(-3.1605488301517802E+01,
   2.0321376124790600E+01,2.6000000000000000E+01));
#135670=DIRECTION('',(0.0000000000000000E+00,0.0000000000000000E+00,
   1.0000000000000000E+00));
#135680=VECTOR('',#135670,1.0000000000000000E+00);
#135690=LINE('',#135660,#135680);
#135700=EDGE_CURVE('',#83970,#135630,#135690,.T.);
#135710=ORIENTED_EDGE('',*,*,#135700,.T.);
#135720=ORIENTED_EDGE('',*,*,#83980,.T.);
#135730=CARTESIAN_POINT('',(-3.1355488301517802E+01,
   2.0321376124790600E+01,2.1000000000000000E+01));
#135740=DIRECTION('',(0.0000000000000000E+00,-1.0000000000000000E+00,
   0.0000000000000000E+00));
#135750=DIRECTION('',(1.0000000000000000E+00,0.0000000000000000E+00,
   0.0000000000000000E+00));
#135760=AXIS2_PLACEMENT_3D('',#135730,#135740,#135750);
#135770=CIRCLE('',#135760,5.5000000000000004E-01);
#135780=EDGE_CURVE('',#84160,#83950,#135770,.T.);
#135790=ORIENTED_EDGE('',*,*,#135780,.T.);
#135800=ORIENTED_EDGE('',*,*,#84170,.T.);
#135810=EDGE_LOOP('',(#135800,#135790,#135720,#135710,#135650,#135570));
#135820=FACE_OUTER_BOUND('',#135810,.T.);
#135830=ADVANCED_FACE('',(#135820),#135560,.T.);
#135840=COLOUR_RGB('',9.4901961088180542E-01,9.4901961088180542E-01,
   1.0000000000000000E+00);
#135850=FILL_AREA_STYLE_COLOUR('',#135840);
#135860=FILL_AREA_STYLE('',(#135850));
#135870=SURFACE_STYLE_FILL_AREA(#135860);
#135880=SURFACE_SIDE_STYLE('',(#135870));
#135890=SURFACE_STYLE_USAGE(.BOTH.,#135880);
#135900=PRESENTATION_STYLE_ASSIGNMENT((#135890));
#135910=CARTESIAN_POINT('',(-2.9886031253416185E+01,
   1.7321376124790600E+01,2.3226922491185586E+01));
#135920=DIRECTION('',(0.0000000000000000E+00,-1.0000000000000000E+00,
   0.0000000000000000E+00));
#135930=DIRECTION('',(1.0000000000000000E+00,0.0000000000000000E+00,
   0.0000000000000000E+00));
#135940=AXIS2_PLACEMENT_3D('',#135910,#135920,#135930);
#135950=PLANE('',#135940);
#135960=ORIENTED_EDGE('',*,*,#94600,.F.);
#135970=ORIENTED_EDGE('',*,*,#94120,.F.);
#135980=CARTESIAN_POINT('',(-3.1605488301517802E+01,
   1.7321376124790600E+01,2.2500000000000000E+01));
#135990=DIRECTION('',(0.0000000000000000E+00,0.0000000000000000E+00,
   -1.0000000000000000E+00));
#136000=VECTOR('',#135990,1.0000000000000000E+00);
#136010=LINE('',#135980,#136000);
#136020=CARTESIAN_POINT('',(-3.1605488301517802E+01,
   1.7321376124790600E+01,2.1182050807568878E+01));
#136030=VERTEX_POINT('',#136020);
#136040=EDGE_CURVE('',#136030,#94050,#136010,.T.);
#136050=ORIENTED_EDGE('',*,*,#136040,.T.);
#136060=CARTESIAN_POINT('',(-8.4502159542249785E+01,
   1.7321376124790600E+01,2.1182050807568878E+01));
#136070=DIRECTION('',(1.0000000000000000E+00,0.0000000000000000E+00,
   0.0000000000000000E+00));
#136080=VECTOR('',#136070,1.0000000000000000E+00);
#136090=LINE('',#136060,#136080);
#136100=EDGE_CURVE('',#136030,#94340,#136090,.T.);
#136110=ORIENTED_EDGE('',*,*,#136100,.F.);
#136120=EDGE_LOOP('',(#136110,#136050,#135970,#135960));
#136130=FACE_OUTER_BOUND('',#136120,.T.);
#136140=ADVANCED_FACE('',(#136130),#135950,.T.);
#136150=COLOUR_RGB('',9.4901961088180542E-01,9.4901961088180542E-01,
   1.0000000000000000E+00);
#136160=FILL_AREA_STYLE_COLOUR('',#136150);
#136170=FILL_AREA_STYLE('',(#136160));
#136180=SURFACE_STYLE_FILL_AREA(#136170);
#136190=SURFACE_SIDE_STYLE('',(#136180));
#136200=SURFACE_STYLE_USAGE(.BOTH.,#136190);
#136210=PRESENTATION_STYLE_ASSIGNMENT((#136200));
#136220=CARTESIAN_POINT('',(-3.1355488301517802E+01,
   1.7821376124790600E+01,2.1316025403784437E+01));
#136230=DIRECTION('',(0.0000000000000000E+00,-2.5881904510252085E-01,
   9.6592582628906820E-01));
#136240=DIRECTION('',(0.0000000000000000E+00,9.6592582628906842E-01,
   2.5881904510252091E-01));
#136250=AXIS2_PLACEMENT_3D('',#136220,#136230,#136240);
#136260=PLANE('',#136250);
#136270=CARTESIAN_POINT('',(-3.1605488301517795E+01,
   -2.2653715864353234E+01,1.0470757191717938E+01));
#136280=DIRECTION('',(0.0000000000000000E+00,-9.6592582628906831E-01,
   -2.5881904510252091E-01));
#136290=VECTOR('',#136280,1.0000000000000000E+00);
#136300=LINE('',#136270,#136290);
#136310=CARTESIAN_POINT('',(-3.1605488301517802E+01,
   1.8321376124790600E+01,2.1449999999999999E+01));
#136320=VERTEX_POINT('',#136310);
#136330=EDGE_CURVE('',#136320,#136030,#136300,.T.);
#136340=ORIENTED_EDGE('',*,*,#136330,.T.);
#136350=CARTESIAN_POINT('',(-8.4502159542249785E+01,
   1.8321376124790607E+01,2.1449999999999999E+01));
#136360=DIRECTION('',(-1.0000000000000000E+00,0.0000000000000000E+00,
   0.0000000000000000E+00));
#136370=VECTOR('',#136360,1.0000000000000000E+00);
#136380=LINE('',#136350,#136370);
#136390=EDGE_CURVE('',#94360,#136320,#136380,.T.);
#136400=ORIENTED_EDGE('',*,*,#136390,.T.);
#136410=ORIENTED_EDGE('',*,*,#94370,.T.);
#136420=ORIENTED_EDGE('',*,*,#136100,.T.);
#136430=EDGE_LOOP('',(#136420,#136410,#136400,#136340));
#136440=FACE_OUTER_BOUND('',#136430,.T.);
#136450=ADVANCED_FACE('',(#136440),#136260,.T.);
#136460=COLOUR_RGB('',9.4901961088180542E-01,9.4901961088180542E-01,
   1.0000000000000000E+00);
#136470=FILL_AREA_STYLE_COLOUR('',#136460);
#136480=FILL_AREA_STYLE('',(#136470));
#136490=SURFACE_STYLE_FILL_AREA(#136480);
#136500=SURFACE_SIDE_STYLE('',(#136490));
#136510=SURFACE_STYLE_USAGE(.BOTH.,#136500);
#136520=PRESENTATION_STYLE_ASSIGNMENT((#136510));
#136530=CARTESIAN_POINT('',(-3.1605488301517802E+01,
   2.0321376124790600E+01,2.0550000000000001E+01));
#136540=DIRECTION('',(-1.0000000000000000E+00,0.0000000000000000E+00,
   0.0000000000000000E+00));
#136550=DIRECTION('',(0.0000000000000000E+00,0.0000000000000000E+00,
   1.0000000000000000E+00));
#136560=AXIS2_PLACEMENT_3D('',#136530,#136540,#136550);
#136570=PLANE('',#136560);
#136580=ORIENTED_EDGE('',*,*,#94060,.F.);
#136590=ORIENTED_EDGE('',*,*,#29600,.T.);
#136600=ORIENTED_EDGE('',*,*,#84040,.T.);
#136610=ORIENTED_EDGE('',*,*,#135700,.F.);
#136620=CARTESIAN_POINT('',(-3.1605488301517802E+01,
   -2.2653715864353234E+01,2.1449999999999999E+01));
#136630=DIRECTION('',(0.0000000000000000E+00,1.0000000000000000E+00,
   0.0000000000000000E+00));
#136640=VECTOR('',#136630,1.0000000000000000E+00);
#136650=LINE('',#136620,#136640);
#136660=EDGE_CURVE('',#136320,#135630,#136650,.T.);
#136670=ORIENTED_EDGE('',*,*,#136660,.T.);
#136680=ORIENTED_EDGE('',*,*,#136330,.F.);
#136690=ORIENTED_EDGE('',*,*,#136040,.F.);
#136700=EDGE_LOOP('',(#136690,#136680,#136670,#136610,#136600,#136590,
   #136580));
#136710=FACE_OUTER_BOUND('',#136700,.T.);
#136720=ADVANCED_FACE('',(#136710),#136570,.T.);
#136730=COLOUR_RGB('',9.4901961088180542E-01,9.4901961088180542E-01,
   1.0000000000000000E+00);
#136740=FILL_AREA_STYLE_COLOUR('',#136730);
#136750=FILL_AREA_STYLE('',(#136740));
#136760=SURFACE_STYLE_FILL_AREA(#136750);
#136770=SURFACE_SIDE_STYLE('',(#136760));
#136780=SURFACE_STYLE_USAGE(.BOTH.,#136770);
#136790=PRESENTATION_STYLE_ASSIGNMENT((#136780));
#136800=ORIENTED_EDGE('',*,*,#86480,.T.);
#136810=ORIENTED_EDGE('',*,*,#109480,.T.);
#136820=EDGE_CURVE('',#114600,#109400,#109470,.T.);
#136830=ORIENTED_EDGE('',*,*,#136820,.T.);
#136840=ORIENTED_EDGE('',*,*,#114650,.T.);
#136850=ORIENTED_EDGE('',*,*,#114960,.T.);
#136860=ORIENTED_EDGE('',*,*,#135380,.T.);
#136870=EDGE_LOOP('',(#136860,#136850,#136840,#136830,#136810,#136800));
#136880=FACE_OUTER_BOUND('',#136870,.T.);
#136890=ADVANCED_FACE('',(#136880),#96320,.T.);
#136900=COLOUR_RGB('',9.4901967048645020E-01,9.4901967048645020E-01,
   1.0000000000000000E+00);
#136910=FILL_AREA_STYLE_COLOUR('',#136900);
#136920=FILL_AREA_STYLE('',(#136910));
#136930=SURFACE_STYLE_FILL_AREA(#136920);
#136940=SURFACE_SIDE_STYLE('',(#136930));
#136950=SURFACE_STYLE_USAGE(.BOTH.,#136940);
#136960=PRESENTATION_STYLE_ASSIGNMENT((#136950));
#136970=CARTESIAN_POINT('',(-3.1605488301517802E+01,
   2.0321376124790600E+01,2.1449999999999999E+01));
#136980=DIRECTION('',(0.0000000000000000E+00,0.0000000000000000E+00,
   1.0000000000000000E+00));
#136990=DIRECTION('',(1.0000000000000000E+00,0.0000000000000000E+00,
   0.0000000000000000E+00));
#137000=AXIS2_PLACEMENT_3D('',#136970,#136980,#136990);
#137010=PLANE('',#137000);
#137020=ORIENTED_EDGE('',*,*,#94450,.F.);
#137030=ORIENTED_EDGE('',*,*,#136390,.F.);
#137040=ORIENTED_EDGE('',*,*,#136660,.F.);
#137050=ORIENTED_EDGE('',*,*,#135640,.T.);
#137060=EDGE_LOOP('',(#137050,#137040,#137030,#137020));
#137070=FACE_OUTER_BOUND('',#137060,.T.);
#137080=ADVANCED_FACE('',(#137070),#137010,.T.);
#137090=COLOUR_RGB('',9.4901961088180542E-01,9.4901961088180542E-01,
   1.0000000000000000E+00);
#137100=FILL_AREA_STYLE_COLOUR('',#137090);
#137110=FILL_AREA_STYLE('',(#137100));
#137120=SURFACE_STYLE_FILL_AREA(#137110);
#137130=SURFACE_SIDE_STYLE('',(#137120));
#137140=SURFACE_STYLE_USAGE(.BOTH.,#137130);
#137150=PRESENTATION_STYLE_ASSIGNMENT((#137140));
#137160=CARTESIAN_POINT('',(-3.4216515555783623E+01,
   2.5921376124790601E+01,2.1000000000000000E+01));
#137170=DIRECTION('',(-0.0000000000000000E+00,1.0000000000000000E+00,
   0.0000000000000000E+00));
#137180=DIRECTION('',(1.0000000000000000E+00,0.0000000000000000E+00,
   0.0000000000000000E+00));
#137190=AXIS2_PLACEMENT_3D('',#137160,#137170,#137180);
#137200=PLANE('',#137190);
#137210=ORIENTED_EDGE('',*,*,#116510,.F.);
#137220=ORIENTED_EDGE('',*,*,#130790,.T.);
#137230=ORIENTED_EDGE('',*,*,#3910,.T.);
#137240=ORIENTED_EDGE('',*,*,#69720,.T.);
#137250=EDGE_LOOP('',(#137240,#137230,#137220,#137210));
#137260=FACE_OUTER_BOUND('',#137250,.T.);
#137270=ADVANCED_FACE('',(#137260),#137200,.T.);
#137280=COLOUR_RGB('',5.0196081399917603E-01,1.0000000000000000E+00,
   5.0196081399917603E-01);
#137290=FILL_AREA_STYLE_COLOUR('',#137280);
#137300=FILL_AREA_STYLE('',(#137290));
#137310=SURFACE_STYLE_FILL_AREA(#137300);
#137320=SURFACE_SIDE_STYLE('',(#137310));
#137330=SURFACE_STYLE_USAGE(.BOTH.,#137320);
#137340=PRESENTATION_STYLE_ASSIGNMENT((#137330));
#137350=ORIENTED_EDGE('',*,*,#96780,.F.);
#137360=EDGE_CURVE('',#134920,#96700,#96680,.T.);
#137370=ORIENTED_EDGE('',*,*,#137360,.T.);
#137380=ORIENTED_EDGE('',*,*,#135200,.T.);
#137390=EDGE_LOOP('',(#137380,#137370,#137350));
#137400=FACE_OUTER_BOUND('',#137390,.T.);
#137410=ADVANCED_FACE('',(#137400),#96320,.T.);
#137420=COLOUR_RGB('',9.4901967048645020E-01,9.4901967048645020E-01,
   1.0000000000000000E+00);
#137430=FILL_AREA_STYLE_COLOUR('',#137420);
#137440=FILL_AREA_STYLE('',(#137430));
#137450=SURFACE_STYLE_FILL_AREA(#137440);
#137460=SURFACE_SIDE_STYLE('',(#137450));
#137470=SURFACE_STYLE_USAGE(.BOTH.,#137460);
#137480=PRESENTATION_STYLE_ASSIGNMENT((#137470));
#137490=CARTESIAN_POINT('',(-3.1405488301517792E+01,
   2.7145319094080318E+01,2.1000000000000000E+01));
#137500=DIRECTION('',(0.0000000000000000E+00,1.0000000000000000E+00,
   0.0000000000000000E+00));
#137510=DIRECTION('',(-1.0000000000000000E+00,0.0000000000000000E+00,
   0.0000000000000000E+00));
#137520=AXIS2_PLACEMENT_3D('',#137490,#137500,#137510);
#137530=CYLINDRICAL_SURFACE('',#137520,1.3999999999999999E+00);
#137540=CARTESIAN_POINT('',(-3.0005488301517794E+01,
   2.7145319094080318E+01,2.1000000000000000E+01));
#137550=DIRECTION('',(0.0000000000000000E+00,1.0000000000000000E+00,
   0.0000000000000000E+00));
#137560=VECTOR('',#137550,1.0000000000000000E+00);
#137570=LINE('',#137540,#137560);
#137580=EDGE_CURVE('',#101360,#133000,#137570,.T.);
#137590=ORIENTED_EDGE('',*,*,#137580,.F.);
#137600=ORIENTED_EDGE('',*,*,#133010,.F.);
#137610=ORIENTED_EDGE('',*,*,#81210,.T.);
#137620=ORIENTED_EDGE('',*,*,#78960,.F.);
#137630=ORIENTED_EDGE('',*,*,#104940,.F.);
#137640=ORIENTED_EDGE('',*,*,#131750,.F.);
#137650=CARTESIAN_POINT('',(-3.2805488301517791E+01,
   2.7145319094080318E+01,2.1000000000000000E+01));
#137660=DIRECTION('',(0.0000000000000000E+00,1.0000000000000000E+00,
   0.0000000000000000E+00));
#137670=VECTOR('',#137660,1.0000000000000000E+00);
#137680=LINE('',#137650,#137670);
#137690=EDGE_CURVE('',#101340,#131720,#137680,.T.);
#137700=ORIENTED_EDGE('',*,*,#137690,.T.);
#137710=ORIENTED_EDGE('',*,*,#101390,.T.);
#137720=EDGE_LOOP('',(#137710,#137700,#137640,#137630,#137620,#137610,
   #137600,#137590));
#137730=FACE_OUTER_BOUND('',#137720,.T.);
#137740=ADVANCED_FACE('',(#137730),#137530,.T.);
#137750=COLOUR_RGB('',9.4901967048645020E-01,9.4901967048645020E-01,
   1.0000000000000000E+00);
#137760=FILL_AREA_STYLE_COLOUR('',#137750);
#137770=FILL_AREA_STYLE('',(#137760));
#137780=SURFACE_STYLE_FILL_AREA(#137770);
#137790=SURFACE_SIDE_STYLE('',(#137780));
#137800=SURFACE_STYLE_USAGE(.BOTH.,#137790);
#137810=PRESENTATION_STYLE_ASSIGNMENT((#137800));
#137820=ORIENTED_EDGE('',*,*,#90710,.F.);
#137830=CARTESIAN_POINT('',(-3.0694461199299035E+01,
   2.7145319094080318E+01,2.5706001849049326E+01));
#137840=DIRECTION('',(0.0000000000000000E+00,1.0000000000000000E+00,
   0.0000000000000000E+00));
#137850=VECTOR('',#137840,1.0000000000000000E+00);
#137860=LINE('',#137830,#137850);
#137870=EDGE_CURVE('',#90640,#96490,#137860,.T.);
#137880=ORIENTED_EDGE('',*,*,#137870,.F.);
#137890=ORIENTED_EDGE('',*,*,#96500,.F.);
#137900=ORIENTED_EDGE('',*,*,#135010,.F.);
#137910=EDGE_LOOP('',(#137900,#137890,#137880,#137820));
#137920=FACE_OUTER_BOUND('',#137910,.T.);
#137930=ADVANCED_FACE('',(#137920),#134860,.T.);
#137940=COLOUR_RGB('',9.4901967048645020E-01,9.4901967048645020E-01,
   1.0000000000000000E+00);
#137950=FILL_AREA_STYLE_COLOUR('',#137940);
#137960=FILL_AREA_STYLE('',(#137950));
#137970=SURFACE_STYLE_FILL_AREA(#137960);
#137980=SURFACE_SIDE_STYLE('',(#137970));
#137990=SURFACE_STYLE_USAGE(.BOTH.,#137980);
#138000=PRESENTATION_STYLE_ASSIGNMENT((#137990));
#138010=CARTESIAN_POINT('',(-3.1652975674933074E+01,
   2.8601376124790594E+01,2.4747487373415282E+01));
#138020=DIRECTION('',(7.0710678118654746E-01,0.0000000000000000E+00,
   -7.0710678118654757E-01));
#138030=DIRECTION('',(0.0000000000000000E+00,-1.0000000000000000E+00,
   0.0000000000000000E+00));
#138040=AXIS2_PLACEMENT_3D('',#138010,#138020,#138030);
#138050=PLANE('',#138040);
#138060=ORIENTED_EDGE('',*,*,#109070,.F.);
#138070=CARTESIAN_POINT('',(-3.1905465551017315E+01,
   3.9321376124790604E+01,2.4494997497331045E+01));
#138080=DIRECTION('',(0.0000000000000000E+00,-1.0000000000000000E+00,
   0.0000000000000000E+00));
#138090=VECTOR('',#138080,1.0000000000000000E+00);
#138100=LINE('',#138070,#138090);
#138110=EDGE_CURVE('',#96700,#70010,#138100,.T.);
#138120=ORIENTED_EDGE('',*,*,#138110,.T.);
#138130=ORIENTED_EDGE('',*,*,#96710,.F.);
#138140=ORIENTED_EDGE('',*,*,#109560,.T.);
#138150=EDGE_LOOP('',(#138140,#138130,#138120,#138060));
#138160=FACE_OUTER_BOUND('',#138150,.T.);
#138170=ADVANCED_FACE('',(#138160),#138050,.T.);
#138180=COLOUR_RGB('',9.4901967048645020E-01,9.4901967048645020E-01,
   1.0000000000000000E+00);
#138190=FILL_AREA_STYLE_COLOUR('',#138180);
#138200=FILL_AREA_STYLE('',(#138190));
#138210=SURFACE_STYLE_FILL_AREA(#138200);
#138220=SURFACE_SIDE_STYLE('',(#138210));
#138230=SURFACE_STYLE_USAGE(.BOTH.,#138220);
#138240=PRESENTATION_STYLE_ASSIGNMENT((#138230));
#138250=CARTESIAN_POINT('',(-2.9868759565520477E+01,
   2.8821376124790600E+01,2.1000000000000000E+01));
#138260=DIRECTION('',(0.0000000000000000E+00,0.0000000000000000E+00,
   1.0000000000000000E+00));
#138270=DIRECTION('',(1.0000000000000000E+00,0.0000000000000000E+00,
   0.0000000000000000E+00));
#138280=AXIS2_PLACEMENT_3D('',#138250,#138260,#138270);
#138290=CYLINDRICAL_SURFACE('',#138280,4.9999999999999767E-01);
#138300=ORIENTED_EDGE('',*,*,#3580,.T.);
#138310=ORIENTED_EDGE('',*,*,#82650,.F.);
#138320=ORIENTED_EDGE('',*,*,#116670,.F.);
#138330=ORIENTED_EDGE('',*,*,#91350,.F.);
#138340=EDGE_LOOP('',(#138330,#138320,#138310,#138300));
#138350=FACE_OUTER_BOUND('',#138340,.T.);
#138360=ADVANCED_FACE('',(#138350),#138290,.T.);
#138370=COLOUR_RGB('',5.0196081399917603E-01,1.0000000000000000E+00,
   5.0196081399917603E-01);
#138380=FILL_AREA_STYLE_COLOUR('',#138370);
#138390=FILL_AREA_STYLE('',(#138380));
#138400=SURFACE_STYLE_FILL_AREA(#138390);
#138410=SURFACE_SIDE_STYLE('',(#138400));
#138420=SURFACE_STYLE_USAGE(.BOTH.,#138410);
#138430=PRESENTATION_STYLE_ASSIGNMENT((#138420));
#138440=CARTESIAN_POINT('',(-3.3805488301517798E+01,
   2.3821376124790600E+01,2.4500000000000000E+01));
#138450=DIRECTION('',(9.6592582628906531E-01,2.5881904510253184E-01,
   0.0000000000000000E+00));
#138460=DIRECTION('',(2.5881904510253184E-01,-9.6592582628906531E-01,
   0.0000000000000000E+00));
#138470=AXIS2_PLACEMENT_3D('',#138440,#138450,#138460);
#138480=PLANE('',#138470);
#138490=ORIENTED_EDGE('',*,*,#96030,.F.);
#138500=ORIENTED_EDGE('',*,*,#107940,.T.);
#138510=ORIENTED_EDGE('',*,*,#101790,.F.);
#138520=ORIENTED_EDGE('',*,*,#110240,.T.);
#138530=ORIENTED_EDGE('',*,*,#109960,.F.);
#138540=ORIENTED_EDGE('',*,*,#108450,.F.);
#138550=EDGE_LOOP('',(#138540,#138530,#138520,#138510,#138500,#138490));
#138560=FACE_OUTER_BOUND('',#138550,.T.);
#138570=ADVANCED_FACE('',(#138560),#138480,.F.);
#138580=COLOUR_RGB('',5.0196081399917603E-01,1.0000000000000000E+00,
   5.0196081399917603E-01);
#138590=FILL_AREA_STYLE_COLOUR('',#138580);
#138600=FILL_AREA_STYLE('',(#138590));
#138610=SURFACE_STYLE_FILL_AREA(#138600);
#138620=SURFACE_SIDE_STYLE('',(#138610));
#138630=SURFACE_STYLE_USAGE(.BOTH.,#138620);
#138640=PRESENTATION_STYLE_ASSIGNMENT((#138630));
#138650=CARTESIAN_POINT('',(-3.1405488301517799E+01,
   2.8561376124790595E+01,2.4500000000000000E+01));
#138660=DIRECTION('',(0.0000000000000000E+00,-1.0000000000000000E+00,
   0.0000000000000000E+00));
#138670=DIRECTION('',(-1.0000000000000000E+00,0.0000000000000000E+00,
   0.0000000000000000E+00));
#138680=AXIS2_PLACEMENT_3D('',#138650,#138660,#138670);
#138690=CYLINDRICAL_SURFACE('',#138680,1.4499999999999993E+00);
#138700=CARTESIAN_POINT('',(-3.2855488301517795E+01,
   2.8561376124790595E+01,2.4500000000000000E+01));
#138710=DIRECTION('',(0.0000000000000000E+00,-1.0000000000000000E+00,
   0.0000000000000000E+00));
#138720=VECTOR('',#138710,1.0000000000000000E+00);
#138730=LINE('',#138700,#138720);
#138740=EDGE_CURVE('',#91590,#110840,#138730,.T.);
#138750=ORIENTED_EDGE('',*,*,#138740,.F.);
#138760=ORIENTED_EDGE('',*,*,#110890,.T.);
#138770=CARTESIAN_POINT('',(-2.9955488301517800E+01,
   2.8561376124790595E+01,2.4500000000000000E+01));
#138780=DIRECTION('',(0.0000000000000000E+00,-1.0000000000000000E+00,
   0.0000000000000000E+00));
#138790=VECTOR('',#138780,1.0000000000000000E+00);
#138800=LINE('',#138770,#138790);
#138810=EDGE_CURVE('',#91610,#110860,#138800,.T.);
#138820=ORIENTED_EDGE('',*,*,#138810,.T.);
#138830=ORIENTED_EDGE('',*,*,#91640,.F.);
#138840=EDGE_LOOP('',(#138830,#138820,#138760,#138750));
#138850=FACE_OUTER_BOUND('',#138840,.T.);
#138860=ADVANCED_FACE('',(#138850),#138690,.F.);
#138870=COLOUR_RGB('',5.0196081399917603E-01,1.0000000000000000E+00,
   5.0196081399917603E-01);
#138880=FILL_AREA_STYLE_COLOUR('',#138870);
#138890=FILL_AREA_STYLE('',(#138880));
#138900=SURFACE_STYLE_FILL_AREA(#138890);
#138910=SURFACE_SIDE_STYLE('',(#138900));
#138920=SURFACE_STYLE_USAGE(.BOTH.,#138910);
#138930=PRESENTATION_STYLE_ASSIGNMENT((#138920));
#138940=ORIENTED_EDGE('',*,*,#70040,.F.);
#138950=ORIENTED_EDGE('',*,*,#134930,.T.);
#138960=ORIENTED_EDGE('',*,*,#137360,.F.);
#138970=ORIENTED_EDGE('',*,*,#138110,.F.);
#138980=EDGE_LOOP('',(#138970,#138960,#138950,#138940));
#138990=FACE_OUTER_BOUND('',#138980,.T.);
#139000=ADVANCED_FACE('',(#138990),#138050,.T.);
#139010=COLOUR_RGB('',9.4901967048645020E-01,9.4901967048645020E-01,
   1.0000000000000000E+00);
#139020=FILL_AREA_STYLE_COLOUR('',#139010);
#139030=FILL_AREA_STYLE('',(#139020));
#139040=SURFACE_STYLE_FILL_AREA(#139030);
#139050=SURFACE_SIDE_STYLE('',(#139040));
#139060=SURFACE_STYLE_USAGE(.BOTH.,#139050);
#139070=PRESENTATION_STYLE_ASSIGNMENT((#139060));
#139080=ORIENTED_EDGE('',*,*,#134950,.T.);
#139090=ORIENTED_EDGE('',*,*,#70270,.F.);
#139100=ORIENTED_EDGE('',*,*,#111670,.T.);
#139110=ORIENTED_EDGE('',*,*,#90480,.F.);
#139120=EDGE_LOOP('',(#139110,#139100,#139090,#139080));
#139130=FACE_OUTER_BOUND('',#139120,.T.);
#139140=ADVANCED_FACE('',(#139130),#90380,.T.);
#139150=COLOUR_RGB('',9.4901967048645020E-01,9.4901967048645020E-01,
   1.0000000000000000E+00);
#139160=FILL_AREA_STYLE_COLOUR('',#139150);
#139170=FILL_AREA_STYLE('',(#139160));
#139180=SURFACE_STYLE_FILL_AREA(#139170);
#139190=SURFACE_SIDE_STYLE('',(#139180));
#139200=SURFACE_STYLE_USAGE(.BOTH.,#139190);
#139210=PRESENTATION_STYLE_ASSIGNMENT((#139200));
#139220=ORIENTED_EDGE('',*,*,#35640,.F.);
#139230=ORIENTED_EDGE('',*,*,#64400,.F.);
#139240=ORIENTED_EDGE('',*,*,#35810,.T.);
#139250=ORIENTED_EDGE('',*,*,#84780,.T.);
#139260=EDGE_LOOP('',(#139250,#139240,#139230,#139220));
#139270=FACE_OUTER_BOUND('',#139260,.T.);
#139280=ADVANCED_FACE('',(#139270),#35550,.T.);
#139290=COLOUR_RGB('',9.4901961088180542E-01,9.4901961088180542E-01,
   1.0000000000000000E+00);
#139300=FILL_AREA_STYLE_COLOUR('',#139290);
#139310=FILL_AREA_STYLE('',(#139300));
#139320=SURFACE_STYLE_FILL_AREA(#139310);
#139330=SURFACE_SIDE_STYLE('',(#139320));
#139340=SURFACE_STYLE_USAGE(.BOTH.,#139330);
#139350=PRESENTATION_STYLE_ASSIGNMENT((#139340));
#139360=ORIENTED_EDGE('',*,*,#60570,.F.);
#139370=ORIENTED_EDGE('',*,*,#53980,.F.);
#139380=ORIENTED_EDGE('',*,*,#60720,.T.);
#139390=ORIENTED_EDGE('',*,*,#84830,.T.);
#139400=EDGE_LOOP('',(#139390,#139380,#139370,#139360));
#139410=FACE_OUTER_BOUND('',#139400,.T.);
#139420=ADVANCED_FACE('',(#139410),#60500,.T.);
#139430=COLOUR_RGB('',9.4901961088180542E-01,9.4901961088180542E-01,
   1.0000000000000000E+00);
#139440=FILL_AREA_STYLE_COLOUR('',#139430);
#139450=FILL_AREA_STYLE('',(#139440));
#139460=SURFACE_STYLE_FILL_AREA(#139450);
#139470=SURFACE_SIDE_STYLE('',(#139460));
#139480=SURFACE_STYLE_USAGE(.BOTH.,#139470);
#139490=PRESENTATION_STYLE_ASSIGNMENT((#139480));
#139500=ORIENTED_EDGE('',*,*,#90880,.F.);
#139510=ORIENTED_EDGE('',*,*,#86860,.F.);
#139520=ORIENTED_EDGE('',*,*,#70530,.T.);
#139530=ORIENTED_EDGE('',*,*,#86770,.T.);
#139540=EDGE_LOOP('',(#139530,#139520,#139510,#139500));
#139550=FACE_OUTER_BOUND('',#139540,.T.);
#139560=ADVANCED_FACE('',(#139550),#86700,.F.);
#139570=COLOUR_RGB('',5.0196081399917603E-01,1.0000000000000000E+00,
   5.0196081399917603E-01);
#139580=FILL_AREA_STYLE_COLOUR('',#139570);
#139590=FILL_AREA_STYLE('',(#139580));
#139600=SURFACE_STYLE_FILL_AREA(#139590);
#139610=SURFACE_SIDE_STYLE('',(#139600));
#139620=SURFACE_STYLE_USAGE(.BOTH.,#139610);
#139630=PRESENTATION_STYLE_ASSIGNMENT((#139620));
#139640=ORIENTED_EDGE('',*,*,#90930,.F.);
#139650=ORIENTED_EDGE('',*,*,#45470,.F.);
#139660=ORIENTED_EDGE('',*,*,#27260,.T.);
#139670=ORIENTED_EDGE('',*,*,#45380,.T.);
#139680=EDGE_LOOP('',(#139670,#139660,#139650,#139640));
#139690=FACE_OUTER_BOUND('',#139680,.T.);
#139700=ADVANCED_FACE('',(#139690),#45310,.F.);
#139710=COLOUR_RGB('',5.0196081399917603E-01,1.0000000000000000E+00,
   5.0196081399917603E-01);
#139720=FILL_AREA_STYLE_COLOUR('',#139710);
#139730=FILL_AREA_STYLE('',(#139720));
#139740=SURFACE_STYLE_FILL_AREA(#139730);
#139750=SURFACE_SIDE_STYLE('',(#139740));
#139760=SURFACE_STYLE_USAGE(.BOTH.,#139750);
#139770=PRESENTATION_STYLE_ASSIGNMENT((#139760));
#139780=ORIENTED_EDGE('',*,*,#131050,.T.);
#139790=ORIENTED_EDGE('',*,*,#97750,.F.);
#139800=ORIENTED_EDGE('',*,*,#99810,.F.);
#139810=ORIENTED_EDGE('',*,*,#133030,.F.);
#139820=ORIENTED_EDGE('',*,*,#137580,.T.);
#139830=ORIENTED_EDGE('',*,*,#101370,.T.);
#139840=ORIENTED_EDGE('',*,*,#137690,.F.);
#139850=ORIENTED_EDGE('',*,*,#131730,.F.);
#139860=EDGE_LOOP('',(#139850,#139840,#139830,#139820,#139810,#139800,
   #139790,#139780));
#139870=FACE_OUTER_BOUND('',#139860,.T.);
#139880=ADVANCED_FACE('',(#139870),#137530,.T.);
#139890=COLOUR_RGB('',9.4901967048645020E-01,9.4901967048645020E-01,
   1.0000000000000000E+00);
#139900=FILL_AREA_STYLE_COLOUR('',#139890);
#139910=FILL_AREA_STYLE('',(#139900));
#139920=SURFACE_STYLE_FILL_AREA(#139910);
#139930=SURFACE_SIDE_STYLE('',(#139920));
#139940=SURFACE_STYLE_USAGE(.BOTH.,#139930);
#139950=PRESENTATION_STYLE_ASSIGNMENT((#139940));
#139960=ORIENTED_EDGE('',*,*,#72040,.T.);
#139970=ORIENTED_EDGE('',*,*,#73410,.F.);
#139980=ORIENTED_EDGE('',*,*,#73930,.F.);
#139990=ORIENTED_EDGE('',*,*,#61400,.F.);
#140000=ORIENTED_EDGE('',*,*,#72610,.T.);
#140010=ORIENTED_EDGE('',*,*,#72380,.T.);
#140020=ORIENTED_EDGE('',*,*,#72800,.F.);
#140030=ORIENTED_EDGE('',*,*,#72990,.F.);
#140040=EDGE_LOOP('',(#140030,#140020,#140010,#140000,#139990,#139980,
   #139970,#139960));
#140050=FACE_OUTER_BOUND('',#140040,.T.);
#140060=ADVANCED_FACE('',(#140050),#72560,.T.);
#140070=COLOUR_RGB('',9.4901967048645020E-01,9.4901967048645020E-01,
   1.0000000000000000E+00);
#140080=FILL_AREA_STYLE_COLOUR('',#140070);
#140090=FILL_AREA_STYLE('',(#140080));
#140100=SURFACE_STYLE_FILL_AREA(#140090);
#140110=SURFACE_SIDE_STYLE('',(#140100));
#140120=SURFACE_STYLE_USAGE(.BOTH.,#140110);
#140130=PRESENTATION_STYLE_ASSIGNMENT((#140120));
#140140=ORIENTED_EDGE('',*,*,#91770,.F.);
#140150=ORIENTED_EDGE('',*,*,#134690,.F.);
#140160=ORIENTED_EDGE('',*,*,#101520,.T.);
#140170=ORIENTED_EDGE('',*,*,#134620,.T.);
#140180=EDGE_LOOP('',(#140170,#140160,#140150,#140140));
#140190=FACE_OUTER_BOUND('',#140180,.T.);
#140200=ADVANCED_FACE('',(#140190),#134570,.F.);
#140210=COLOUR_RGB('',5.0196081399917603E-01,1.0000000000000000E+00,
   5.0196081399917603E-01);
#140220=FILL_AREA_STYLE_COLOUR('',#140210);
#140230=FILL_AREA_STYLE('',(#140220));
#140240=SURFACE_STYLE_FILL_AREA(#140230);
#140250=SURFACE_SIDE_STYLE('',(#140240));
#140260=SURFACE_STYLE_USAGE(.BOTH.,#140250);
#140270=PRESENTATION_STYLE_ASSIGNMENT((#140260));
#140280=ORIENTED_EDGE('',*,*,#91030,.F.);
#140290=ORIENTED_EDGE('',*,*,#71370,.F.);
#140300=ORIENTED_EDGE('',*,*,#72240,.T.);
#140310=ORIENTED_EDGE('',*,*,#71200,.T.);
#140320=EDGE_LOOP('',(#140310,#140300,#140290,#140280));
#140330=FACE_OUTER_BOUND('',#140320,.T.);
#140340=ADVANCED_FACE('',(#140330),#71110,.F.);
#140350=COLOUR_RGB('',5.0196081399917603E-01,1.0000000000000000E+00,
   5.0196081399917603E-01);
#140360=FILL_AREA_STYLE_COLOUR('',#140350);
#140370=FILL_AREA_STYLE('',(#140360));
#140380=SURFACE_STYLE_FILL_AREA(#140370);
#140390=SURFACE_SIDE_STYLE('',(#140380));
#140400=SURFACE_STYLE_USAGE(.BOTH.,#140390);
#140410=PRESENTATION_STYLE_ASSIGNMENT((#140400));
#140420=ORIENTED_EDGE('',*,*,#84920,.T.);
#140430=ORIENTED_EDGE('',*,*,#21140,.F.);
#140440=ORIENTED_EDGE('',*,*,#21850,.F.);
#140450=ORIENTED_EDGE('',*,*,#21310,.T.);
#140460=EDGE_LOOP('',(#140450,#140440,#140430,#140420));
#140470=FACE_OUTER_BOUND('',#140460,.T.);
#140480=ADVANCED_FACE('',(#140470),#21050,.T.);
#140490=COLOUR_RGB('',9.4901961088180542E-01,9.4901961088180542E-01,
   1.0000000000000000E+00);
#140500=FILL_AREA_STYLE_COLOUR('',#140490);
#140510=FILL_AREA_STYLE('',(#140500));
#140520=SURFACE_STYLE_FILL_AREA(#140510);
#140530=SURFACE_SIDE_STYLE('',(#140520));
#140540=SURFACE_STYLE_USAGE(.BOTH.,#140530);
#140550=PRESENTATION_STYLE_ASSIGNMENT((#140540));
#140560=ORIENTED_EDGE('',*,*,#56870,.T.);
#140570=ORIENTED_EDGE('',*,*,#58170,.F.);
#140580=ORIENTED_EDGE('',*,*,#58690,.F.);
#140590=ORIENTED_EDGE('',*,*,#42770,.F.);
#140600=ORIENTED_EDGE('',*,*,#57370,.T.);
#140610=ORIENTED_EDGE('',*,*,#44110,.T.);
#140620=ORIENTED_EDGE('',*,*,#57560,.F.);
#140630=ORIENTED_EDGE('',*,*,#57750,.F.);
#140640=EDGE_LOOP('',(#140630,#140620,#140610,#140600,#140590,#140580,
   #140570,#140560));
#140650=FACE_OUTER_BOUND('',#140640,.T.);
#140660=ADVANCED_FACE('',(#140650),#57320,.T.);
#140670=COLOUR_RGB('',9.4901967048645020E-01,9.4901967048645020E-01,
   1.0000000000000000E+00);
#140680=FILL_AREA_STYLE_COLOUR('',#140670);
#140690=FILL_AREA_STYLE('',(#140680));
#140700=SURFACE_STYLE_FILL_AREA(#140690);
#140710=SURFACE_SIDE_STYLE('',(#140700));
#140720=SURFACE_STYLE_USAGE(.BOTH.,#140710);
#140730=PRESENTATION_STYLE_ASSIGNMENT((#140720));
#140740=ORIENTED_EDGE('',*,*,#8030,.T.);
#140750=ORIENTED_EDGE('',*,*,#90980,.F.);
#140760=ORIENTED_EDGE('',*,*,#8200,.F.);
#140770=ORIENTED_EDGE('',*,*,#28590,.T.);
#140780=EDGE_LOOP('',(#140770,#140760,#140750,#140740));
#140790=FACE_OUTER_BOUND('',#140780,.T.);
#140800=ADVANCED_FACE('',(#140790),#7940,.F.);
#140810=COLOUR_RGB('',5.0196081399917603E-01,1.0000000000000000E+00,
   5.0196081399917603E-01);
#140820=FILL_AREA_STYLE_COLOUR('',#140810);
#140830=FILL_AREA_STYLE('',(#140820));
#140840=SURFACE_STYLE_FILL_AREA(#140830);
#140850=SURFACE_SIDE_STYLE('',(#140840));
#140860=SURFACE_STYLE_USAGE(.BOTH.,#140850);
#140870=PRESENTATION_STYLE_ASSIGNMENT((#140860));
#140880=ORIENTED_EDGE('',*,*,#85960,.T.);
#140890=ORIENTED_EDGE('',*,*,#102300,.T.);
#140900=ORIENTED_EDGE('',*,*,#91220,.F.);
#140910=ORIENTED_EDGE('',*,*,#102370,.F.);
#140920=EDGE_LOOP('',(#140910,#140900,#140890,#140880));
#140930=FACE_OUTER_BOUND('',#140920,.T.);
#140940=ADVANCED_FACE('',(#140930),#102250,.F.);
#140950=COLOUR_RGB('',5.0196081399917603E-01,1.0000000000000000E+00,
   5.0196081399917603E-01);
#140960=FILL_AREA_STYLE_COLOUR('',#140950);
#140970=FILL_AREA_STYLE('',(#140960));
#140980=SURFACE_STYLE_FILL_AREA(#140970);
#140990=SURFACE_SIDE_STYLE('',(#140980));
#141000=SURFACE_STYLE_USAGE(.BOTH.,#140990);
#141010=PRESENTATION_STYLE_ASSIGNMENT((#141000));
#141020=ORIENTED_EDGE('',*,*,#125870,.F.);
#141030=ORIENTED_EDGE('',*,*,#125150,.F.);
#141040=ORIENTED_EDGE('',*,*,#120810,.T.);
#141050=ORIENTED_EDGE('',*,*,#124750,.F.);
#141060=EDGE_LOOP('',(#141050,#141040,#141030,#141020));
#141070=FACE_OUTER_BOUND('',#141060,.T.);
#141080=ADVANCED_FACE('',(#141070),#124610,.T.);
#141090=COLOUR_RGB('',5.0196081399917603E-01,1.0000000000000000E+00,
   5.0196081399917603E-01);
#141100=FILL_AREA_STYLE_COLOUR('',#141090);
#141110=FILL_AREA_STYLE('',(#141100));
#141120=SURFACE_STYLE_FILL_AREA(#141110);
#141130=SURFACE_SIDE_STYLE('',(#141120));
#141140=SURFACE_STYLE_USAGE(.BOTH.,#141130);
#141150=PRESENTATION_STYLE_ASSIGNMENT((#141140));
#141160=ORIENTED_EDGE('',*,*,#137870,.T.);
#141170=ORIENTED_EDGE('',*,*,#90650,.F.);
#141180=ORIENTED_EDGE('',*,*,#114610,.F.);
#141190=ORIENTED_EDGE('',*,*,#136820,.F.);
#141200=ORIENTED_EDGE('',*,*,#109410,.T.);
#141210=ORIENTED_EDGE('',*,*,#110930,.T.);
#141220=ORIENTED_EDGE('',*,*,#109650,.F.);
#141230=ORIENTED_EDGE('',*,*,#96590,.F.);
#141240=EDGE_LOOP('',(#141230,#141220,#141210,#141200,#141190,#141180,
   #141170,#141160));
#141250=FACE_OUTER_BOUND('',#141240,.T.);
#141260=ADVANCED_FACE('',(#141250),#109320,.T.);
#141270=COLOUR_RGB('',9.4901967048645020E-01,9.4901967048645020E-01,
   1.0000000000000000E+00);
#141280=FILL_AREA_STYLE_COLOUR('',#141270);
#141290=FILL_AREA_STYLE('',(#141280));
#141300=SURFACE_STYLE_FILL_AREA(#141290);
#141310=SURFACE_SIDE_STYLE('',(#141300));
#141320=SURFACE_STYLE_USAGE(.BOTH.,#141310);
#141330=PRESENTATION_STYLE_ASSIGNMENT((#141320));
#141340=ORIENTED_EDGE('',*,*,#15970,.T.);
#141350=ORIENTED_EDGE('',*,*,#15750,.F.);
#141360=ORIENTED_EDGE('',*,*,#360,.F.);
#141370=ORIENTED_EDGE('',*,*,#28380,.F.);
#141380=ORIENTED_EDGE('',*,*,#17060,.T.);
#141390=ORIENTED_EDGE('',*,*,#28630,.T.);
#141400=ORIENTED_EDGE('',*,*,#17300,.F.);
#141410=ORIENTED_EDGE('',*,*,#16740,.F.);
#141420=EDGE_LOOP('',(#141410,#141400,#141390,#141380,#141370,#141360,
   #141350,#141340));
#141430=FACE_OUTER_BOUND('',#141420,.T.);
#141440=ADVANCED_FACE('',(#141430),#16970,.T.);
#141450=COLOUR_RGB('',9.4901967048645020E-01,9.4901967048645020E-01,
   1.0000000000000000E+00);
#141460=FILL_AREA_STYLE_COLOUR('',#141450);
#141470=FILL_AREA_STYLE('',(#141460));
#141480=SURFACE_STYLE_FILL_AREA(#141470);
#141490=SURFACE_SIDE_STYLE('',(#141480));
#141500=SURFACE_STYLE_USAGE(.BOTH.,#141490);
#141510=PRESENTATION_STYLE_ASSIGNMENT((#141500));
#141520=ORIENTED_EDGE('',*,*,#91080,.F.);
#141530=ORIENTED_EDGE('',*,*,#56200,.F.);
#141540=ORIENTED_EDGE('',*,*,#44260,.T.);
#141550=ORIENTED_EDGE('',*,*,#56110,.T.);
#141560=EDGE_LOOP('',(#141550,#141540,#141530,#141520));
#141570=FACE_OUTER_BOUND('',#141560,.T.);
#141580=ADVANCED_FACE('',(#141570),#56040,.F.);
#141590=COLOUR_RGB('',5.0196081399917603E-01,1.0000000000000000E+00,
   5.0196081399917603E-01);
#141600=FILL_AREA_STYLE_COLOUR('',#141590);
#141610=FILL_AREA_STYLE('',(#141600));
#141620=SURFACE_STYLE_FILL_AREA(#141610);
#141630=SURFACE_SIDE_STYLE('',(#141620));
#141640=SURFACE_STYLE_USAGE(.BOTH.,#141630);
#141650=PRESENTATION_STYLE_ASSIGNMENT((#141640));
#141660=ORIENTED_EDGE('',*,*,#64660,.F.);
#141670=ORIENTED_EDGE('',*,*,#79480,.F.);
#141680=ORIENTED_EDGE('',*,*,#64830,.T.);
#141690=ORIENTED_EDGE('',*,*,#84730,.T.);
#141700=EDGE_LOOP('',(#141690,#141680,#141670,#141660));
#141710=FACE_OUTER_BOUND('',#141700,.T.);
#141720=ADVANCED_FACE('',(#141710),#64570,.T.);
#141730=COLOUR_RGB('',9.4901961088180542E-01,9.4901961088180542E-01,
   1.0000000000000000E+00);
#141740=FILL_AREA_STYLE_COLOUR('',#141730);
#141750=FILL_AREA_STYLE('',(#141740));
#141760=SURFACE_STYLE_FILL_AREA(#141750);
#141770=SURFACE_SIDE_STYLE('',(#141760));
#141780=SURFACE_STYLE_USAGE(.BOTH.,#141770);
#141790=PRESENTATION_STYLE_ASSIGNMENT((#141780));
#141800=ORIENTED_EDGE('',*,*,#46050,.T.);
#141810=ORIENTED_EDGE('',*,*,#47160,.F.);
#141820=ORIENTED_EDGE('',*,*,#47570,.F.);
#141830=ORIENTED_EDGE('',*,*,#5790,.F.);
#141840=ORIENTED_EDGE('',*,*,#46460,.T.);
#141850=ORIENTED_EDGE('',*,*,#27110,.T.);
#141860=ORIENTED_EDGE('',*,*,#46570,.F.);
#141870=ORIENTED_EDGE('',*,*,#18840,.F.);
#141880=EDGE_LOOP('',(#141870,#141860,#141850,#141840,#141830,#141820,
   #141810,#141800));
#141890=FACE_OUTER_BOUND('',#141880,.T.);
#141900=ADVANCED_FACE('',(#141890),#46410,.T.);
#141910=COLOUR_RGB('',9.4901967048645020E-01,9.4901967048645020E-01,
   1.0000000000000000E+00);
#141920=FILL_AREA_STYLE_COLOUR('',#141910);
#141930=FILL_AREA_STYLE('',(#141920));
#141940=SURFACE_STYLE_FILL_AREA(#141930);
#141950=SURFACE_SIDE_STYLE('',(#141940));
#141960=SURFACE_STYLE_USAGE(.BOTH.,#141950);
#141970=PRESENTATION_STYLE_ASSIGNMENT((#141960));
#141980=ORIENTED_EDGE('',*,*,#115970,.F.);
#141990=ORIENTED_EDGE('',*,*,#112140,.T.);
#142000=ORIENTED_EDGE('',*,*,#85290,.T.);
#142010=ORIENTED_EDGE('',*,*,#112050,.F.);
#142020=EDGE_LOOP('',(#142010,#142000,#141990,#141980));
#142030=FACE_OUTER_BOUND('',#142020,.T.);
#142040=ADVANCED_FACE('',(#142030),#111980,.T.);
#142050=COLOUR_RGB('',9.4901961088180542E-01,9.4901961088180542E-01,
   1.0000000000000000E+00);
#142060=FILL_AREA_STYLE_COLOUR('',#142050);
#142070=FILL_AREA_STYLE('',(#142060));
#142080=SURFACE_STYLE_FILL_AREA(#142070);
#142090=SURFACE_SIDE_STYLE('',(#142080));
#142100=SURFACE_STYLE_USAGE(.BOTH.,#142090);
#142110=PRESENTATION_STYLE_ASSIGNMENT((#142100));
#142120=ORIENTED_EDGE('',*,*,#129980,.T.);
#142130=ORIENTED_EDGE('',*,*,#129810,.F.);
#142140=ORIENTED_EDGE('',*,*,#122110,.F.);
#142150=ORIENTED_EDGE('',*,*,#129470,.F.);
#142160=EDGE_LOOP('',(#142150,#142140,#142130,#142120));
#142170=FACE_OUTER_BOUND('',#142160,.T.);
#142180=ADVANCED_FACE('',(#142170),#129330,.F.);
#142190=COLOUR_RGB('',5.0196081399917603E-01,1.0000000000000000E+00,
   5.0196081399917603E-01);
#142200=FILL_AREA_STYLE_COLOUR('',#142190);
#142210=FILL_AREA_STYLE('',(#142200));
#142220=SURFACE_STYLE_FILL_AREA(#142210);
#142230=SURFACE_SIDE_STYLE('',(#142220));
#142240=SURFACE_STYLE_USAGE(.BOTH.,#142230);
#142250=PRESENTATION_STYLE_ASSIGNMENT((#142240));
#142260=ORIENTED_EDGE('',*,*,#79720,.F.);
#142270=ORIENTED_EDGE('',*,*,#75120,.F.);
#142280=ORIENTED_EDGE('',*,*,#79870,.T.);
#142290=ORIENTED_EDGE('',*,*,#85160,.T.);
#142300=EDGE_LOOP('',(#142290,#142280,#142270,#142260));
#142310=FACE_OUTER_BOUND('',#142300,.T.);
#142320=ADVANCED_FACE('',(#142310),#79650,.T.);
#142330=COLOUR_RGB('',9.4901961088180542E-01,9.4901961088180542E-01,
   1.0000000000000000E+00);
#142340=FILL_AREA_STYLE_COLOUR('',#142330);
#142350=FILL_AREA_STYLE('',(#142340));
#142360=SURFACE_STYLE_FILL_AREA(#142350);
#142370=SURFACE_SIDE_STYLE('',(#142360));
#142380=SURFACE_STYLE_USAGE(.BOTH.,#142370);
#142390=PRESENTATION_STYLE_ASSIGNMENT((#142380));
#142400=ORIENTED_EDGE('',*,*,#87530,.T.);
#142410=ORIENTED_EDGE('',*,*,#88870,.F.);
#142420=ORIENTED_EDGE('',*,*,#89390,.F.);
#142430=ORIENTED_EDGE('',*,*,#59610,.F.);
#142440=ORIENTED_EDGE('',*,*,#88070,.T.);
#142450=ORIENTED_EDGE('',*,*,#70680,.T.);
#142460=ORIENTED_EDGE('',*,*,#88260,.F.);
#142470=ORIENTED_EDGE('',*,*,#88450,.F.);
#142480=EDGE_LOOP('',(#142470,#142460,#142450,#142440,#142430,#142420,
   #142410,#142400));
#142490=FACE_OUTER_BOUND('',#142480,.T.);
#142500=ADVANCED_FACE('',(#142490),#88020,.T.);
#142510=COLOUR_RGB('',9.4901967048645020E-01,9.4901967048645020E-01,
   1.0000000000000000E+00);
#142520=FILL_AREA_STYLE_COLOUR('',#142510);
#142530=FILL_AREA_STYLE('',(#142520));
#142540=SURFACE_STYLE_FILL_AREA(#142530);
#142550=SURFACE_SIDE_STYLE('',(#142540));
#142560=SURFACE_STYLE_USAGE(.BOTH.,#142550);
#142570=PRESENTATION_STYLE_ASSIGNMENT((#142560));
#142580=ORIENTED_EDGE('',*,*,#10270,.T.);
#142590=ORIENTED_EDGE('',*,*,#84870,.T.);
#142600=ORIENTED_EDGE('',*,*,#10440,.F.);
#142610=ORIENTED_EDGE('',*,*,#31660,.F.);
#142620=EDGE_LOOP('',(#142610,#142600,#142590,#142580));
#142630=FACE_OUTER_BOUND('',#142620,.T.);
#142640=ADVANCED_FACE('',(#142630),#10180,.T.);
#142650=COLOUR_RGB('',9.4901961088180542E-01,9.4901961088180542E-01,
   1.0000000000000000E+00);
#142660=FILL_AREA_STYLE_COLOUR('',#142650);
#142670=FILL_AREA_STYLE('',(#142660));
#142680=SURFACE_STYLE_FILL_AREA(#142670);
#142690=SURFACE_SIDE_STYLE('',(#142680));
#142700=SURFACE_STYLE_USAGE(.BOTH.,#142690);
#142710=PRESENTATION_STYLE_ASSIGNMENT((#142700));
#142720=ORIENTED_EDGE('',*,*,#91620,.F.);
#142730=ORIENTED_EDGE('',*,*,#138810,.F.);
#142740=ORIENTED_EDGE('',*,*,#110870,.T.);
#142750=ORIENTED_EDGE('',*,*,#138740,.T.);
#142760=EDGE_LOOP('',(#142750,#142740,#142730,#142720));
#142770=FACE_OUTER_BOUND('',#142760,.T.);
#142780=ADVANCED_FACE('',(#142770),#138690,.F.);
#142790=COLOUR_RGB('',5.0196081399917603E-01,1.0000000000000000E+00,
   5.0196081399917603E-01);
#142800=FILL_AREA_STYLE_COLOUR('',#142790);
#142810=FILL_AREA_STYLE('',(#142800));
#142820=SURFACE_STYLE_FILL_AREA(#142810);
#142830=SURFACE_SIDE_STYLE('',(#142820));
#142840=SURFACE_STYLE_USAGE(.BOTH.,#142830);
#142850=PRESENTATION_STYLE_ASSIGNMENT((#142840));
#142860=ORIENTED_EDGE('',*,*,#103650,.F.);
#142870=ORIENTED_EDGE('',*,*,#135780,.F.);
#142880=ORIENTED_EDGE('',*,*,#103720,.T.);
#142890=ORIENTED_EDGE('',*,*,#85460,.T.);
#142900=EDGE_LOOP('',(#142890,#142880,#142870,#142860));
#142910=FACE_OUTER_BOUND('',#142900,.T.);
#142920=ADVANCED_FACE('',(#142910),#103600,.T.);
#142930=COLOUR_RGB('',9.4901961088180542E-01,9.4901961088180542E-01,
   1.0000000000000000E+00);
#142940=FILL_AREA_STYLE_COLOUR('',#142930);
#142950=FILL_AREA_STYLE('',(#142940));
#142960=SURFACE_STYLE_FILL_AREA(#142950);
#142970=SURFACE_SIDE_STYLE('',(#142960));
#142980=SURFACE_STYLE_USAGE(.BOTH.,#142970);
#142990=PRESENTATION_STYLE_ASSIGNMENT((#142980));
#143000=ORIENTED_EDGE('',*,*,#125940,.T.);
#143010=ORIENTED_EDGE('',*,*,#123510,.F.);
#143020=ORIENTED_EDGE('',*,*,#120340,.F.);
#143030=ORIENTED_EDGE('',*,*,#122730,.F.);
#143040=EDGE_LOOP('',(#143030,#143020,#143010,#143000));
#143050=FACE_OUTER_BOUND('',#143040,.T.);
#143060=ADVANCED_FACE('',(#143050),#122570,.F.);
#143070=COLOUR_RGB('',5.0196081399917603E-01,1.0000000000000000E+00,
   5.0196081399917603E-01);
#143080=FILL_AREA_STYLE_COLOUR('',#143070);
#143090=FILL_AREA_STYLE('',(#143080));
#143100=SURFACE_STYLE_FILL_AREA(#143090);
#143110=SURFACE_SIDE_STYLE('',(#143100));
#143120=SURFACE_STYLE_USAGE(.BOTH.,#143110);
#143130=PRESENTATION_STYLE_ASSIGNMENT((#143120));
#143140=ORIENTED_EDGE('',*,*,#102900,.T.);
#143150=ORIENTED_EDGE('',*,*,#104050,.F.);
#143160=ORIENTED_EDGE('',*,*,#104570,.F.);
#143170=ORIENTED_EDGE('',*,*,#75430,.F.);
#143180=ORIENTED_EDGE('',*,*,#103320,.T.);
#143190=ORIENTED_EDGE('',*,*,#86110,.T.);
#143200=ORIENTED_EDGE('',*,*,#103430,.F.);
#143210=ORIENTED_EDGE('',*,*,#77850,.F.);
#143220=EDGE_LOOP('',(#143210,#143200,#143190,#143180,#143170,#143160,
   #143150,#143140));
#143230=FACE_OUTER_BOUND('',#143220,.T.);
#143240=ADVANCED_FACE('',(#143230),#103270,.T.);
#143250=COLOUR_RGB('',9.4901967048645020E-01,9.4901967048645020E-01,
   1.0000000000000000E+00);
#143260=FILL_AREA_STYLE_COLOUR('',#143250);
#143270=FILL_AREA_STYLE('',(#143260));
#143280=SURFACE_STYLE_FILL_AREA(#143270);
#143290=SURFACE_SIDE_STYLE('',(#143280));
#143300=SURFACE_STYLE_USAGE(.BOTH.,#143290);
#143310=PRESENTATION_STYLE_ASSIGNMENT((#143300));
#143320=ORIENTED_EDGE('',*,*,#130560,.F.);
#143330=ORIENTED_EDGE('',*,*,#130370,.T.);
#143340=ORIENTED_EDGE('',*,*,#122390,.T.);
#143350=ORIENTED_EDGE('',*,*,#130280,.F.);
#143360=EDGE_LOOP('',(#143350,#143340,#143330,#143320));
#143370=FACE_OUTER_BOUND('',#143360,.T.);
#143380=ADVANCED_FACE('',(#143370),#130210,.T.);
#143390=COLOUR_RGB('',5.0196081399917603E-01,1.0000000000000000E+00,
   5.0196081399917603E-01);
#143400=FILL_AREA_STYLE_COLOUR('',#143390);
#143410=FILL_AREA_STYLE('',(#143400));
#143420=SURFACE_STYLE_FILL_AREA(#143410);
#143430=SURFACE_SIDE_STYLE('',(#143420));
#143440=SURFACE_STYLE_USAGE(.BOTH.,#143430);
#143450=PRESENTATION_STYLE_ASSIGNMENT((#143440));
#143460=CLOSED_SHELL('',(#400,#870,#1180,#1670,#2140,#2630,#3120,#4100,
   #4730,#5130,#5590,#6070,#6490,#7130,#7420,#7820,#8310,#8620,#9170,
   #9570,#10060,#10550,#11050,#11440,#11820,#12200,#12420,#12740,#13380,
   #13760,#14100,#14430,#14740,#15000,#15160,#15350,#15590,#15820,#16040
   ,#16240,#16430,#16570,#16850,#17410,#17650,#17790,#18040,#18520,
   #18920,#19110,#19580,#20200,#20380,#20930,#21420,#21890,#22130,#22610
   ,#23020,#23490,#23970,#24260,#24750,#25070,#25540,#25940,#26250,
   #26890,#27320,#27790,#28280,#28450,#28680,#29390,#29860,#30170,#30810
   ,#31050,#31250,#31710,#32180,#32500,#32820,#33010,#33200,#33580,
   #33890,#34270,#34890,#35110,#35430,#35920,#36340,#36590,#37130,#37580
   ,#37980,#38290,#38610,#39080,#39390,#39770,#39980,#40600,#40840,
   #41460,#41830,#42090,#42330,#42570,#43050,#43250,#43440,#43700,#43890
   ,#44320,#44610,#44740,#44950,#45190,#45580,#45890,#46110,#46290,
   #46620,#46940,#47280,#47420,#47610,#47990,#48300,#48540,#49180,#49400
   ,#49630,#50100,#50570,#50860,#51400,#51780,#52230,#52490,#52730,
   #53070,#53360,#53550,#53760,#54030,#54280,#54600,#55090,#55370,#55920
   ,#56310,#56690,#56940,#57200,#57610,#57890,#58290,#58440,#58730,
   #58880,#59100,#59230,#59360,#59890,#60190,#60380,#60770,#61010,#61200
   ,#61600,#61850,#62320,#62790,#62980,#63450,#64000,#64180,#64450,
   #64940,#65440,#65730,#66210,#66590,#67130,#67510,#67960,#68350,#68590
   ,#68880,#69090,#69450,#69830,#70310,#70740,#70990,#71480,#71860,
   #72110,#72440,#72850,#73130,#73530,#73680,#73970,#74120,#74320,#74450
   ,#74580,#75180,#75710,#75950,#76330,#76520,#76780,#77030,#77510,
   #77990,#78300,#78770,#79030,#79210,#79530,#79980,#80380,#80670,#81010
   ,#81390,#81930,#82310,#82690,#83070,#83460,#83770,#84280,#84590,
   #85500,#85740,#86170,#86580,#86970,#87350,#87600,#87900,#88310,#88590
   ,#88990,#89140,#89430,#89580,#89780,#89910,#90040,#90260,#90750,
   #91830,#92640,#92910,#93090,#93470,#93780,#94160,#94640,#94860,#95270
   ,#95650,#96200,#96820,#97450,#97940,#98100,#98480,#98970,#99530,
   #99850,#100570,#100760,#101150,#101580,#102130,#102420,#102740,
   #102960,#103150,#103480,#103770,#104170,#104320,#104610,#104760,
   #104980,#105160,#105290,#105600,#105980,#106290,#106690,#107020,
   #107260,#107500,#107760,#108050,#108260,#108660,#108970,#109200,
   #109760,#110070,#110330,#110650,#110980,#111320,#111540,#111860,
   #112250,#112490,#112990,#113610,#114230,#114470,#114690,#115000,
   #115290,#115580,#115770,#116040,#116230,#117500,#117880,#118200,
   #118510,#118830,#119140,#119460,#119770,#120020,#122450,#122840,
   #123160,#123550,#123860,#124180,#124490,#124810,#125190,#125510,
   #125750,#125990,#126370,#126690,#127000,#127320,#127630,#127950,
   #128260,#128580,#128890,#129210,#129530,#129850,#130090,#130480,
   #130610,#130900,#131120,#131570,#131880,#132120,#132250,#132440,
   #132700,#132840,#133090,#133350,#133590,#134260,#134450,#134740,
   #135070,#135250,#135440,#135830,#136140,#136450,#136720,#136890,
   #137080,#137270,#137410,#137740,#137930,#138170,#138360,#138570,
   #138860,#139000,#139140,#139280,#139420,#139560,#139700,#139880,
   #140060,#140200,#140340,#140480,#140660,#140800,#140940,#141080,
   #141260,#141440,#141580,#141720,#141900,#142040,#142180,#142320,
   #142500,#142640,#142780,#142920,#143060,#143240,#143380));
#143470=MANIFOLD_SOLID_BREP('',#143460);
#143480=CARTESIAN_POINT('',(0.0000000000000000E+00,
   0.0000000000000000E+00,0.0000000000000000E+00));
#143490=DIRECTION('',(0.0000000000000000E+00,0.0000000000000000E+00,
   1.0000000000000000E+00));
#143500=DIRECTION('',(1.0000000000000000E+00,0.0000000000000000E+00,
   0.0000000000000000E+00));
#143510=AXIS2_PLACEMENT_3D('',#143480,#143490,#143500);
#143520=APPLICATION_CONTEXT(' ');
#143530=APPLICATION_PROTOCOL_DEFINITION(' ','automotive_design',1998,
   #143520);
#143540=MECHANICAL_CONTEXT('',#143520,'mechanical');
#143550=PRODUCT_DEFINITION_CONTEXT('',#143520,'design');
#143560=PRODUCT('mkds_1-8-3.5','mkds_1-8-3.5','',(#143540));
#143570=PRODUCT_TYPE('part',' ',(#143560));
#143580=PRODUCT_DEFINITION_FORMATION_WITH_SPECIFIED_SOURCE('','',#143560
   ,.BOUGHT.);
#143590=PRODUCT_DEFINITION('',' ',#143580,#143550);
#143600=PRODUCT_DEFINITION_SHAPE('','',#143590);
#143610=DIMENSIONAL_EXPONENTS(1.0000000000000000E+00,
   0.0000000000000000E+00,0.0000000000000000E+00,0.0000000000000000E+00,
   0.0000000000000000E+00,0.0000000000000000E+00,0.0000000000000000E+00)
   ;
#143620=DIMENSIONAL_EXPONENTS(0.0000000000000000E+00,
   0.0000000000000000E+00,0.0000000000000000E+00,0.0000000000000000E+00,
   0.0000000000000000E+00,0.0000000000000000E+00,0.0000000000000000E+00)
   ;
#143630=DIMENSIONAL_EXPONENTS(0.0000000000000000E+00,
   0.0000000000000000E+00,0.0000000000000000E+00,0.0000000000000000E+00,
   0.0000000000000000E+00,0.0000000000000000E+00,0.0000000000000000E+00)
   ;
#143640=(LENGTH_UNIT() NAMED_UNIT(*) SI_UNIT(.MILLI.,.METRE.));
#143650=(NAMED_UNIT(*) PLANE_ANGLE_UNIT() SI_UNIT($,.RADIAN.));
#143660=(NAMED_UNIT(*) SI_UNIT($,.STERADIAN.) SOLID_ANGLE_UNIT());
#143670=(GEOMETRIC_REPRESENTATION_CONTEXT(3) 
   GLOBAL_UNCERTAINTY_ASSIGNED_CONTEXT((#143680)) 
   GLOBAL_UNIT_ASSIGNED_CONTEXT((#143640,#143650,#143660)) 
   REPRESENTATION_CONTEXT('',''));
#143680=UNCERTAINTY_MEASURE_WITH_UNIT(LENGTH_MEASURE(
   9.9999999999999995E-07),#143640,'distance_accuracy_value',
   'maximum gap value');
#143690=ADVANCED_BREP_SHAPE_REPRESENTATION('',(#143510,#143470),#143670)
   ;
#143700=SHAPE_DEFINITION_REPRESENTATION(#143600,#143690);
#143710=COLOUR_RGB('',6.0000002384185791E-01,6.0000002384185791E-01,
   6.0000002384185791E-01);
#143720=FILL_AREA_STYLE_COLOUR('',#143710);
#143730=FILL_AREA_STYLE('',(#143720));
#143740=SURFACE_STYLE_FILL_AREA(#143730);
#143750=SURFACE_SIDE_STYLE('',(#143740));
#143760=SURFACE_STYLE_USAGE(.BOTH.,#143750);
#143770=PRESENTATION_STYLE_ASSIGNMENT((#143760));
#143780=STYLED_ITEM('',(#143770),#143470);
#143790=OVER_RIDING_STYLED_ITEM('',(#470),#400,#143780);
#143800=OVER_RIDING_STYLED_ITEM('',(#940),#870,#143780);
#143810=OVER_RIDING_STYLED_ITEM('',(#1250),#1180,#143780);
#143820=OVER_RIDING_STYLED_ITEM('',(#1740),#1670,#143780);
#143830=OVER_RIDING_STYLED_ITEM('',(#2210),#2140,#143780);
#143840=OVER_RIDING_STYLED_ITEM('',(#2700),#2630,#143780);
#143850=OVER_RIDING_STYLED_ITEM('',(#3190),#3120,#143780);
#143860=OVER_RIDING_STYLED_ITEM('',(#4170),#4100,#143780);
#143870=OVER_RIDING_STYLED_ITEM('',(#4800),#4730,#143780);
#143880=OVER_RIDING_STYLED_ITEM('',(#5200),#5130,#143780);
#143890=OVER_RIDING_STYLED_ITEM('',(#5660),#5590,#143780);
#143900=OVER_RIDING_STYLED_ITEM('',(#6140),#6070,#143780);
#143910=OVER_RIDING_STYLED_ITEM('',(#6560),#6490,#143780);
#143920=OVER_RIDING_STYLED_ITEM('',(#7200),#7130,#143780);
#143930=OVER_RIDING_STYLED_ITEM('',(#7490),#7420,#143780);
#143940=OVER_RIDING_STYLED_ITEM('',(#7890),#7820,#143780);
#143950=OVER_RIDING_STYLED_ITEM('',(#8380),#8310,#143780);
#143960=OVER_RIDING_STYLED_ITEM('',(#8690),#8620,#143780);
#143970=OVER_RIDING_STYLED_ITEM('',(#9240),#9170,#143780);
#143980=OVER_RIDING_STYLED_ITEM('',(#9640),#9570,#143780);
#143990=OVER_RIDING_STYLED_ITEM('',(#10130),#10060,#143780);
#144000=OVER_RIDING_STYLED_ITEM('',(#10620),#10550,#143780);
#144010=OVER_RIDING_STYLED_ITEM('',(#11120),#11050,#143780);
#144020=OVER_RIDING_STYLED_ITEM('',(#11510),#11440,#143780);
#144030=OVER_RIDING_STYLED_ITEM('',(#11890),#11820,#143780);
#144040=OVER_RIDING_STYLED_ITEM('',(#12270),#12200,#143780);
#144050=OVER_RIDING_STYLED_ITEM('',(#12490),#12420,#143780);
#144060=OVER_RIDING_STYLED_ITEM('',(#12810),#12740,#143780);
#144070=OVER_RIDING_STYLED_ITEM('',(#13450),#13380,#143780);
#144080=OVER_RIDING_STYLED_ITEM('',(#13830),#13760,#143780);
#144090=OVER_RIDING_STYLED_ITEM('',(#14170),#14100,#143780);
#144100=OVER_RIDING_STYLED_ITEM('',(#14500),#14430,#143780);
#144110=OVER_RIDING_STYLED_ITEM('',(#14810),#14740,#143780);
#144120=OVER_RIDING_STYLED_ITEM('',(#15070),#15000,#143780);
#144130=OVER_RIDING_STYLED_ITEM('',(#15230),#15160,#143780);
#144140=OVER_RIDING_STYLED_ITEM('',(#15420),#15350,#143780);
#144150=OVER_RIDING_STYLED_ITEM('',(#15660),#15590,#143780);
#144160=OVER_RIDING_STYLED_ITEM('',(#15890),#15820,#143780);
#144170=OVER_RIDING_STYLED_ITEM('',(#16110),#16040,#143780);
#144180=OVER_RIDING_STYLED_ITEM('',(#16310),#16240,#143780);
#144190=OVER_RIDING_STYLED_ITEM('',(#16500),#16430,#143780);
#144200=OVER_RIDING_STYLED_ITEM('',(#16640),#16570,#143780);
#144210=OVER_RIDING_STYLED_ITEM('',(#16920),#16850,#143780);
#144220=OVER_RIDING_STYLED_ITEM('',(#17480),#17410,#143780);
#144230=OVER_RIDING_STYLED_ITEM('',(#17720),#17650,#143780);
#144240=OVER_RIDING_STYLED_ITEM('',(#17860),#17790,#143780);
#144250=OVER_RIDING_STYLED_ITEM('',(#18110),#18040,#143780);
#144260=OVER_RIDING_STYLED_ITEM('',(#18590),#18520,#143780);
#144270=OVER_RIDING_STYLED_ITEM('',(#18990),#18920,#143780);
#144280=OVER_RIDING_STYLED_ITEM('',(#19180),#19110,#143780);
#144290=OVER_RIDING_STYLED_ITEM('',(#19650),#19580,#143780);
#144300=OVER_RIDING_STYLED_ITEM('',(#20270),#20200,#143780);
#144310=OVER_RIDING_STYLED_ITEM('',(#20450),#20380,#143780);
#144320=OVER_RIDING_STYLED_ITEM('',(#21000),#20930,#143780);
#144330=OVER_RIDING_STYLED_ITEM('',(#21490),#21420,#143780);
#144340=OVER_RIDING_STYLED_ITEM('',(#21960),#21890,#143780);
#144350=OVER_RIDING_STYLED_ITEM('',(#22200),#22130,#143780);
#144360=OVER_RIDING_STYLED_ITEM('',(#22680),#22610,#143780);
#144370=OVER_RIDING_STYLED_ITEM('',(#23090),#23020,#143780);
#144380=OVER_RIDING_STYLED_ITEM('',(#23560),#23490,#143780);
#144390=OVER_RIDING_STYLED_ITEM('',(#24040),#23970,#143780);
#144400=OVER_RIDING_STYLED_ITEM('',(#24330),#24260,#143780);
#144410=OVER_RIDING_STYLED_ITEM('',(#24820),#24750,#143780);
#144420=OVER_RIDING_STYLED_ITEM('',(#25140),#25070,#143780);
#144430=OVER_RIDING_STYLED_ITEM('',(#25610),#25540,#143780);
#144440=OVER_RIDING_STYLED_ITEM('',(#26010),#25940,#143780);
#144450=OVER_RIDING_STYLED_ITEM('',(#26320),#26250,#143780);
#144460=OVER_RIDING_STYLED_ITEM('',(#26960),#26890,#143780);
#144470=OVER_RIDING_STYLED_ITEM('',(#27390),#27320,#143780);
#144480=OVER_RIDING_STYLED_ITEM('',(#27860),#27790,#143780);
#144490=OVER_RIDING_STYLED_ITEM('',(#28350),#28280,#143780);
#144500=OVER_RIDING_STYLED_ITEM('',(#28520),#28450,#143780);
#144510=OVER_RIDING_STYLED_ITEM('',(#28750),#28680,#143780);
#144520=OVER_RIDING_STYLED_ITEM('',(#29460),#29390,#143780);
#144530=OVER_RIDING_STYLED_ITEM('',(#29930),#29860,#143780);
#144540=OVER_RIDING_STYLED_ITEM('',(#30240),#30170,#143780);
#144550=OVER_RIDING_STYLED_ITEM('',(#30880),#30810,#143780);
#144560=OVER_RIDING_STYLED_ITEM('',(#31120),#31050,#143780);
#144570=OVER_RIDING_STYLED_ITEM('',(#31320),#31250,#143780);
#144580=OVER_RIDING_STYLED_ITEM('',(#31780),#31710,#143780);
#144590=OVER_RIDING_STYLED_ITEM('',(#32250),#32180,#143780);
#144600=OVER_RIDING_STYLED_ITEM('',(#32570),#32500,#143780);
#144610=OVER_RIDING_STYLED_ITEM('',(#32890),#32820,#143780);
#144620=OVER_RIDING_STYLED_ITEM('',(#33080),#33010,#143780);
#144630=OVER_RIDING_STYLED_ITEM('',(#33270),#33200,#143780);
#144640=OVER_RIDING_STYLED_ITEM('',(#33650),#33580,#143780);
#144650=OVER_RIDING_STYLED_ITEM('',(#33960),#33890,#143780);
#144660=OVER_RIDING_STYLED_ITEM('',(#34340),#34270,#143780);
#144670=OVER_RIDING_STYLED_ITEM('',(#34960),#34890,#143780);
#144680=OVER_RIDING_STYLED_ITEM('',(#35180),#35110,#143780);
#144690=OVER_RIDING_STYLED_ITEM('',(#35500),#35430,#143780);
#144700=OVER_RIDING_STYLED_ITEM('',(#35990),#35920,#143780);
#144710=OVER_RIDING_STYLED_ITEM('',(#36410),#36340,#143780);
#144720=OVER_RIDING_STYLED_ITEM('',(#36660),#36590,#143780);
#144730=OVER_RIDING_STYLED_ITEM('',(#37200),#37130,#143780);
#144740=OVER_RIDING_STYLED_ITEM('',(#37650),#37580,#143780);
#144750=OVER_RIDING_STYLED_ITEM('',(#38050),#37980,#143780);
#144760=OVER_RIDING_STYLED_ITEM('',(#38360),#38290,#143780);
#144770=OVER_RIDING_STYLED_ITEM('',(#38680),#38610,#143780);
#144780=OVER_RIDING_STYLED_ITEM('',(#39150),#39080,#143780);
#144790=OVER_RIDING_STYLED_ITEM('',(#39460),#39390,#143780);
#144800=OVER_RIDING_STYLED_ITEM('',(#39840),#39770,#143780);
#144810=OVER_RIDING_STYLED_ITEM('',(#40050),#39980,#143780);
#144820=OVER_RIDING_STYLED_ITEM('',(#40670),#40600,#143780);
#144830=OVER_RIDING_STYLED_ITEM('',(#40910),#40840,#143780);
#144840=OVER_RIDING_STYLED_ITEM('',(#41530),#41460,#143780);
#144850=OVER_RIDING_STYLED_ITEM('',(#41900),#41830,#143780);
#144860=OVER_RIDING_STYLED_ITEM('',(#42160),#42090,#143780);
#144870=OVER_RIDING_STYLED_ITEM('',(#42400),#42330,#143780);
#144880=OVER_RIDING_STYLED_ITEM('',(#42640),#42570,#143780);
#144890=OVER_RIDING_STYLED_ITEM('',(#43120),#43050,#143780);
#144900=OVER_RIDING_STYLED_ITEM('',(#43320),#43250,#143780);
#144910=OVER_RIDING_STYLED_ITEM('',(#43510),#43440,#143780);
#144920=OVER_RIDING_STYLED_ITEM('',(#43770),#43700,#143780);
#144930=OVER_RIDING_STYLED_ITEM('',(#43960),#43890,#143780);
#144940=OVER_RIDING_STYLED_ITEM('',(#44390),#44320,#143780);
#144950=OVER_RIDING_STYLED_ITEM('',(#44680),#44610,#143780);
#144960=OVER_RIDING_STYLED_ITEM('',(#44810),#44740,#143780);
#144970=OVER_RIDING_STYLED_ITEM('',(#45020),#44950,#143780);
#144980=OVER_RIDING_STYLED_ITEM('',(#45260),#45190,#143780);
#144990=OVER_RIDING_STYLED_ITEM('',(#45650),#45580,#143780);
#145000=OVER_RIDING_STYLED_ITEM('',(#45960),#45890,#143780);
#145010=OVER_RIDING_STYLED_ITEM('',(#46180),#46110,#143780);
#145020=OVER_RIDING_STYLED_ITEM('',(#46360),#46290,#143780);
#145030=OVER_RIDING_STYLED_ITEM('',(#46690),#46620,#143780);
#145040=OVER_RIDING_STYLED_ITEM('',(#47010),#46940,#143780);
#145050=OVER_RIDING_STYLED_ITEM('',(#47350),#47280,#143780);
#145060=OVER_RIDING_STYLED_ITEM('',(#47490),#47420,#143780);
#145070=OVER_RIDING_STYLED_ITEM('',(#47680),#47610,#143780);
#145080=OVER_RIDING_STYLED_ITEM('',(#48060),#47990,#143780);
#145090=OVER_RIDING_STYLED_ITEM('',(#48370),#48300,#143780);
#145100=OVER_RIDING_STYLED_ITEM('',(#48610),#48540,#143780);
#145110=OVER_RIDING_STYLED_ITEM('',(#49250),#49180,#143780);
#145120=OVER_RIDING_STYLED_ITEM('',(#49470),#49400,#143780);
#145130=OVER_RIDING_STYLED_ITEM('',(#49700),#49630,#143780);
#145140=OVER_RIDING_STYLED_ITEM('',(#50170),#50100,#143780);
#145150=OVER_RIDING_STYLED_ITEM('',(#50640),#50570,#143780);
#145160=OVER_RIDING_STYLED_ITEM('',(#50930),#50860,#143780);
#145170=OVER_RIDING_STYLED_ITEM('',(#51470),#51400,#143780);
#145180=OVER_RIDING_STYLED_ITEM('',(#51850),#51780,#143780);
#145190=OVER_RIDING_STYLED_ITEM('',(#52300),#52230,#143780);
#145200=OVER_RIDING_STYLED_ITEM('',(#52560),#52490,#143780);
#145210=OVER_RIDING_STYLED_ITEM('',(#52800),#52730,#143780);
#145220=OVER_RIDING_STYLED_ITEM('',(#53140),#53070,#143780);
#145230=OVER_RIDING_STYLED_ITEM('',(#53430),#53360,#143780);
#145240=OVER_RIDING_STYLED_ITEM('',(#53620),#53550,#143780);
#145250=OVER_RIDING_STYLED_ITEM('',(#53830),#53760,#143780);
#145260=OVER_RIDING_STYLED_ITEM('',(#54100),#54030,#143780);
#145270=OVER_RIDING_STYLED_ITEM('',(#54350),#54280,#143780);
#145280=OVER_RIDING_STYLED_ITEM('',(#54670),#54600,#143780);
#145290=OVER_RIDING_STYLED_ITEM('',(#55160),#55090,#143780);
#145300=OVER_RIDING_STYLED_ITEM('',(#55440),#55370,#143780);
#145310=OVER_RIDING_STYLED_ITEM('',(#55990),#55920,#143780);
#145320=OVER_RIDING_STYLED_ITEM('',(#56380),#56310,#143780);
#145330=OVER_RIDING_STYLED_ITEM('',(#56760),#56690,#143780);
#145340=OVER_RIDING_STYLED_ITEM('',(#57010),#56940,#143780);
#145350=OVER_RIDING_STYLED_ITEM('',(#57270),#57200,#143780);
#145360=OVER_RIDING_STYLED_ITEM('',(#57680),#57610,#143780);
#145370=OVER_RIDING_STYLED_ITEM('',(#57960),#57890,#143780);
#145380=OVER_RIDING_STYLED_ITEM('',(#58360),#58290,#143780);
#145390=OVER_RIDING_STYLED_ITEM('',(#58510),#58440,#143780);
#145400=OVER_RIDING_STYLED_ITEM('',(#58800),#58730,#143780);
#145410=OVER_RIDING_STYLED_ITEM('',(#58950),#58880,#143780);
#145420=OVER_RIDING_STYLED_ITEM('',(#59170),#59100,#143780);
#145430=OVER_RIDING_STYLED_ITEM('',(#59300),#59230,#143780);
#145440=OVER_RIDING_STYLED_ITEM('',(#59430),#59360,#143780);
#145450=OVER_RIDING_STYLED_ITEM('',(#59960),#59890,#143780);
#145460=OVER_RIDING_STYLED_ITEM('',(#60260),#60190,#143780);
#145470=OVER_RIDING_STYLED_ITEM('',(#60450),#60380,#143780);
#145480=OVER_RIDING_STYLED_ITEM('',(#60840),#60770,#143780);
#145490=OVER_RIDING_STYLED_ITEM('',(#61080),#61010,#143780);
#145500=OVER_RIDING_STYLED_ITEM('',(#61270),#61200,#143780);
#145510=OVER_RIDING_STYLED_ITEM('',(#61670),#61600,#143780);
#145520=OVER_RIDING_STYLED_ITEM('',(#61920),#61850,#143780);
#145530=OVER_RIDING_STYLED_ITEM('',(#62390),#62320,#143780);
#145540=OVER_RIDING_STYLED_ITEM('',(#62860),#62790,#143780);
#145550=OVER_RIDING_STYLED_ITEM('',(#63050),#62980,#143780);
#145560=OVER_RIDING_STYLED_ITEM('',(#63520),#63450,#143780);
#145570=OVER_RIDING_STYLED_ITEM('',(#64070),#64000,#143780);
#145580=OVER_RIDING_STYLED_ITEM('',(#64250),#64180,#143780);
#145590=OVER_RIDING_STYLED_ITEM('',(#64520),#64450,#143780);
#145600=OVER_RIDING_STYLED_ITEM('',(#65010),#64940,#143780);
#145610=OVER_RIDING_STYLED_ITEM('',(#65510),#65440,#143780);
#145620=OVER_RIDING_STYLED_ITEM('',(#65800),#65730,#143780);
#145630=OVER_RIDING_STYLED_ITEM('',(#66280),#66210,#143780);
#145640=OVER_RIDING_STYLED_ITEM('',(#66660),#66590,#143780);
#145650=OVER_RIDING_STYLED_ITEM('',(#67200),#67130,#143780);
#145660=OVER_RIDING_STYLED_ITEM('',(#67580),#67510,#143780);
#145670=OVER_RIDING_STYLED_ITEM('',(#68030),#67960,#143780);
#145680=OVER_RIDING_STYLED_ITEM('',(#68420),#68350,#143780);
#145690=OVER_RIDING_STYLED_ITEM('',(#68660),#68590,#143780);
#145700=OVER_RIDING_STYLED_ITEM('',(#68950),#68880,#143780);
#145710=OVER_RIDING_STYLED_ITEM('',(#69160),#69090,#143780);
#145720=OVER_RIDING_STYLED_ITEM('',(#69520),#69450,#143780);
#145730=OVER_RIDING_STYLED_ITEM('',(#69900),#69830,#143780);
#145740=OVER_RIDING_STYLED_ITEM('',(#70380),#70310,#143780);
#145750=OVER_RIDING_STYLED_ITEM('',(#70810),#70740,#143780);
#145760=OVER_RIDING_STYLED_ITEM('',(#71060),#70990,#143780);
#145770=OVER_RIDING_STYLED_ITEM('',(#71550),#71480,#143780);
#145780=OVER_RIDING_STYLED_ITEM('',(#71930),#71860,#143780);
#145790=OVER_RIDING_STYLED_ITEM('',(#72180),#72110,#143780);
#145800=OVER_RIDING_STYLED_ITEM('',(#72510),#72440,#143780);
#145810=OVER_RIDING_STYLED_ITEM('',(#72920),#72850,#143780);
#145820=OVER_RIDING_STYLED_ITEM('',(#73200),#73130,#143780);
#145830=OVER_RIDING_STYLED_ITEM('',(#73600),#73530,#143780);
#145840=OVER_RIDING_STYLED_ITEM('',(#73750),#73680,#143780);
#145850=OVER_RIDING_STYLED_ITEM('',(#74040),#73970,#143780);
#145860=OVER_RIDING_STYLED_ITEM('',(#74190),#74120,#143780);
#145870=OVER_RIDING_STYLED_ITEM('',(#74390),#74320,#143780);
#145880=OVER_RIDING_STYLED_ITEM('',(#74520),#74450,#143780);
#145890=OVER_RIDING_STYLED_ITEM('',(#74650),#74580,#143780);
#145900=OVER_RIDING_STYLED_ITEM('',(#75250),#75180,#143780);
#145910=OVER_RIDING_STYLED_ITEM('',(#75780),#75710,#143780);
#145920=OVER_RIDING_STYLED_ITEM('',(#76020),#75950,#143780);
#145930=OVER_RIDING_STYLED_ITEM('',(#76400),#76330,#143780);
#145940=OVER_RIDING_STYLED_ITEM('',(#76590),#76520,#143780);
#145950=OVER_RIDING_STYLED_ITEM('',(#76850),#76780,#143780);
#145960=OVER_RIDING_STYLED_ITEM('',(#77100),#77030,#143780);
#145970=OVER_RIDING_STYLED_ITEM('',(#77580),#77510,#143780);
#145980=OVER_RIDING_STYLED_ITEM('',(#78060),#77990,#143780);
#145990=OVER_RIDING_STYLED_ITEM('',(#78370),#78300,#143780);
#146000=OVER_RIDING_STYLED_ITEM('',(#78840),#78770,#143780);
#146010=OVER_RIDING_STYLED_ITEM('',(#79100),#79030,#143780);
#146020=OVER_RIDING_STYLED_ITEM('',(#79280),#79210,#143780);
#146030=OVER_RIDING_STYLED_ITEM('',(#79600),#79530,#143780);
#146040=OVER_RIDING_STYLED_ITEM('',(#80050),#79980,#143780);
#146050=OVER_RIDING_STYLED_ITEM('',(#80450),#80380,#143780);
#146060=OVER_RIDING_STYLED_ITEM('',(#80740),#80670,#143780);
#146070=OVER_RIDING_STYLED_ITEM('',(#81080),#81010,#143780);
#146080=OVER_RIDING_STYLED_ITEM('',(#81460),#81390,#143780);
#146090=OVER_RIDING_STYLED_ITEM('',(#82000),#81930,#143780);
#146100=OVER_RIDING_STYLED_ITEM('',(#82380),#82310,#143780);
#146110=OVER_RIDING_STYLED_ITEM('',(#82760),#82690,#143780);
#146120=OVER_RIDING_STYLED_ITEM('',(#83140),#83070,#143780);
#146130=OVER_RIDING_STYLED_ITEM('',(#83530),#83460,#143780);
#146140=OVER_RIDING_STYLED_ITEM('',(#83840),#83770,#143780);
#146150=OVER_RIDING_STYLED_ITEM('',(#84350),#84280,#143780);
#146160=OVER_RIDING_STYLED_ITEM('',(#84660),#84590,#143780);
#146170=OVER_RIDING_STYLED_ITEM('',(#85570),#85500,#143780);
#146180=OVER_RIDING_STYLED_ITEM('',(#85810),#85740,#143780);
#146190=OVER_RIDING_STYLED_ITEM('',(#86240),#86170,#143780);
#146200=OVER_RIDING_STYLED_ITEM('',(#86650),#86580,#143780);
#146210=OVER_RIDING_STYLED_ITEM('',(#87040),#86970,#143780);
#146220=OVER_RIDING_STYLED_ITEM('',(#87420),#87350,#143780);
#146230=OVER_RIDING_STYLED_ITEM('',(#87670),#87600,#143780);
#146240=OVER_RIDING_STYLED_ITEM('',(#87970),#87900,#143780);
#146250=OVER_RIDING_STYLED_ITEM('',(#88380),#88310,#143780);
#146260=OVER_RIDING_STYLED_ITEM('',(#88660),#88590,#143780);
#146270=OVER_RIDING_STYLED_ITEM('',(#89060),#88990,#143780);
#146280=OVER_RIDING_STYLED_ITEM('',(#89210),#89140,#143780);
#146290=OVER_RIDING_STYLED_ITEM('',(#89500),#89430,#143780);
#146300=OVER_RIDING_STYLED_ITEM('',(#89650),#89580,#143780);
#146310=OVER_RIDING_STYLED_ITEM('',(#89850),#89780,#143780);
#146320=OVER_RIDING_STYLED_ITEM('',(#89980),#89910,#143780);
#146330=OVER_RIDING_STYLED_ITEM('',(#90110),#90040,#143780);
#146340=OVER_RIDING_STYLED_ITEM('',(#90330),#90260,#143780);
#146350=OVER_RIDING_STYLED_ITEM('',(#90820),#90750,#143780);
#146360=OVER_RIDING_STYLED_ITEM('',(#91900),#91830,#143780);
#146370=OVER_RIDING_STYLED_ITEM('',(#92710),#92640,#143780);
#146380=OVER_RIDING_STYLED_ITEM('',(#92980),#92910,#143780);
#146390=OVER_RIDING_STYLED_ITEM('',(#93160),#93090,#143780);
#146400=OVER_RIDING_STYLED_ITEM('',(#93540),#93470,#143780);
#146410=OVER_RIDING_STYLED_ITEM('',(#93850),#93780,#143780);
#146420=OVER_RIDING_STYLED_ITEM('',(#94230),#94160,#143780);
#146430=OVER_RIDING_STYLED_ITEM('',(#94710),#94640,#143780);
#146440=OVER_RIDING_STYLED_ITEM('',(#94930),#94860,#143780);
#146450=OVER_RIDING_STYLED_ITEM('',(#95340),#95270,#143780);
#146460=OVER_RIDING_STYLED_ITEM('',(#95720),#95650,#143780);
#146470=OVER_RIDING_STYLED_ITEM('',(#96270),#96200,#143780);
#146480=OVER_RIDING_STYLED_ITEM('',(#96890),#96820,#143780);
#146490=OVER_RIDING_STYLED_ITEM('',(#97520),#97450,#143780);
#146500=OVER_RIDING_STYLED_ITEM('',(#98010),#97940,#143780);
#146510=OVER_RIDING_STYLED_ITEM('',(#98170),#98100,#143780);
#146520=OVER_RIDING_STYLED_ITEM('',(#98550),#98480,#143780);
#146530=OVER_RIDING_STYLED_ITEM('',(#99040),#98970,#143780);
#146540=OVER_RIDING_STYLED_ITEM('',(#99600),#99530,#143780);
#146550=OVER_RIDING_STYLED_ITEM('',(#99920),#99850,#143780);
#146560=OVER_RIDING_STYLED_ITEM('',(#100640),#100570,#143780);
#146570=OVER_RIDING_STYLED_ITEM('',(#100830),#100760,#143780);
#146580=OVER_RIDING_STYLED_ITEM('',(#101220),#101150,#143780);
#146590=OVER_RIDING_STYLED_ITEM('',(#101650),#101580,#143780);
#146600=OVER_RIDING_STYLED_ITEM('',(#102200),#102130,#143780);
#146610=OVER_RIDING_STYLED_ITEM('',(#102490),#102420,#143780);
#146620=OVER_RIDING_STYLED_ITEM('',(#102810),#102740,#143780);
#146630=OVER_RIDING_STYLED_ITEM('',(#103030),#102960,#143780);
#146640=OVER_RIDING_STYLED_ITEM('',(#103220),#103150,#143780);
#146650=OVER_RIDING_STYLED_ITEM('',(#103550),#103480,#143780);
#146660=OVER_RIDING_STYLED_ITEM('',(#103840),#103770,#143780);
#146670=OVER_RIDING_STYLED_ITEM('',(#104240),#104170,#143780);
#146680=OVER_RIDING_STYLED_ITEM('',(#104390),#104320,#143780);
#146690=OVER_RIDING_STYLED_ITEM('',(#104680),#104610,#143780);
#146700=OVER_RIDING_STYLED_ITEM('',(#104830),#104760,#143780);
#146710=OVER_RIDING_STYLED_ITEM('',(#105050),#104980,#143780);
#146720=OVER_RIDING_STYLED_ITEM('',(#105230),#105160,#143780);
#146730=OVER_RIDING_STYLED_ITEM('',(#105360),#105290,#143780);
#146740=OVER_RIDING_STYLED_ITEM('',(#105670),#105600,#143780);
#146750=OVER_RIDING_STYLED_ITEM('',(#106050),#105980,#143780);
#146760=OVER_RIDING_STYLED_ITEM('',(#106360),#106290,#143780);
#146770=OVER_RIDING_STYLED_ITEM('',(#106760),#106690,#143780);
#146780=OVER_RIDING_STYLED_ITEM('',(#107090),#107020,#143780);
#146790=OVER_RIDING_STYLED_ITEM('',(#107330),#107260,#143780);
#146800=OVER_RIDING_STYLED_ITEM('',(#107570),#107500,#143780);
#146810=OVER_RIDING_STYLED_ITEM('',(#107830),#107760,#143780);
#146820=OVER_RIDING_STYLED_ITEM('',(#108120),#108050,#143780);
#146830=OVER_RIDING_STYLED_ITEM('',(#108330),#108260,#143780);
#146840=OVER_RIDING_STYLED_ITEM('',(#108730),#108660,#143780);
#146850=OVER_RIDING_STYLED_ITEM('',(#109040),#108970,#143780);
#146860=OVER_RIDING_STYLED_ITEM('',(#109270),#109200,#143780);
#146870=OVER_RIDING_STYLED_ITEM('',(#109830),#109760,#143780);
#146880=OVER_RIDING_STYLED_ITEM('',(#110140),#110070,#143780);
#146890=OVER_RIDING_STYLED_ITEM('',(#110400),#110330,#143780);
#146900=OVER_RIDING_STYLED_ITEM('',(#110720),#110650,#143780);
#146910=OVER_RIDING_STYLED_ITEM('',(#111050),#110980,#143780);
#146920=OVER_RIDING_STYLED_ITEM('',(#111390),#111320,#143780);
#146930=OVER_RIDING_STYLED_ITEM('',(#111610),#111540,#143780);
#146940=OVER_RIDING_STYLED_ITEM('',(#111930),#111860,#143780);
#146950=OVER_RIDING_STYLED_ITEM('',(#112320),#112250,#143780);
#146960=OVER_RIDING_STYLED_ITEM('',(#112560),#112490,#143780);
#146970=OVER_RIDING_STYLED_ITEM('',(#113060),#112990,#143780);
#146980=OVER_RIDING_STYLED_ITEM('',(#113680),#113610,#143780);
#146990=OVER_RIDING_STYLED_ITEM('',(#114300),#114230,#143780);
#147000=OVER_RIDING_STYLED_ITEM('',(#114540),#114470,#143780);
#147010=OVER_RIDING_STYLED_ITEM('',(#114760),#114690,#143780);
#147020=OVER_RIDING_STYLED_ITEM('',(#115070),#115000,#143780);
#147030=OVER_RIDING_STYLED_ITEM('',(#115360),#115290,#143780);
#147040=OVER_RIDING_STYLED_ITEM('',(#115650),#115580,#143780);
#147050=OVER_RIDING_STYLED_ITEM('',(#115840),#115770,#143780);
#147060=OVER_RIDING_STYLED_ITEM('',(#116110),#116040,#143780);
#147070=OVER_RIDING_STYLED_ITEM('',(#116300),#116230,#143780);
#147080=OVER_RIDING_STYLED_ITEM('',(#117570),#117500,#143780);
#147090=OVER_RIDING_STYLED_ITEM('',(#117950),#117880,#143780);
#147100=OVER_RIDING_STYLED_ITEM('',(#118270),#118200,#143780);
#147110=OVER_RIDING_STYLED_ITEM('',(#118580),#118510,#143780);
#147120=OVER_RIDING_STYLED_ITEM('',(#118900),#118830,#143780);
#147130=OVER_RIDING_STYLED_ITEM('',(#119210),#119140,#143780);
#147140=OVER_RIDING_STYLED_ITEM('',(#119530),#119460,#143780);
#147150=OVER_RIDING_STYLED_ITEM('',(#119840),#119770,#143780);
#147160=OVER_RIDING_STYLED_ITEM('',(#120090),#120020,#143780);
#147170=OVER_RIDING_STYLED_ITEM('',(#122520),#122450,#143780);
#147180=OVER_RIDING_STYLED_ITEM('',(#122910),#122840,#143780);
#147190=OVER_RIDING_STYLED_ITEM('',(#123230),#123160,#143780);
#147200=OVER_RIDING_STYLED_ITEM('',(#123620),#123550,#143780);
#147210=OVER_RIDING_STYLED_ITEM('',(#123930),#123860,#143780);
#147220=OVER_RIDING_STYLED_ITEM('',(#124250),#124180,#143780);
#147230=OVER_RIDING_STYLED_ITEM('',(#124560),#124490,#143780);
#147240=OVER_RIDING_STYLED_ITEM('',(#124880),#124810,#143780);
#147250=OVER_RIDING_STYLED_ITEM('',(#125260),#125190,#143780);
#147260=OVER_RIDING_STYLED_ITEM('',(#125580),#125510,#143780);
#147270=OVER_RIDING_STYLED_ITEM('',(#125820),#125750,#143780);
#147280=OVER_RIDING_STYLED_ITEM('',(#126060),#125990,#143780);
#147290=OVER_RIDING_STYLED_ITEM('',(#126440),#126370,#143780);
#147300=OVER_RIDING_STYLED_ITEM('',(#126760),#126690,#143780);
#147310=OVER_RIDING_STYLED_ITEM('',(#127070),#127000,#143780);
#147320=OVER_RIDING_STYLED_ITEM('',(#127390),#127320,#143780);
#147330=OVER_RIDING_STYLED_ITEM('',(#127700),#127630,#143780);
#147340=OVER_RIDING_STYLED_ITEM('',(#128020),#127950,#143780);
#147350=OVER_RIDING_STYLED_ITEM('',(#128330),#128260,#143780);
#147360=OVER_RIDING_STYLED_ITEM('',(#128650),#128580,#143780);
#147370=OVER_RIDING_STYLED_ITEM('',(#128960),#128890,#143780);
#147380=OVER_RIDING_STYLED_ITEM('',(#129280),#129210,#143780);
#147390=OVER_RIDING_STYLED_ITEM('',(#129600),#129530,#143780);
#147400=OVER_RIDING_STYLED_ITEM('',(#129920),#129850,#143780);
#147410=OVER_RIDING_STYLED_ITEM('',(#130160),#130090,#143780);
#147420=OVER_RIDING_STYLED_ITEM('',(#130550),#130480,#143780);
#147430=OVER_RIDING_STYLED_ITEM('',(#130680),#130610,#143780);
#147440=OVER_RIDING_STYLED_ITEM('',(#130970),#130900,#143780);
#147450=OVER_RIDING_STYLED_ITEM('',(#131190),#131120,#143780);
#147460=OVER_RIDING_STYLED_ITEM('',(#131640),#131570,#143780);
#147470=OVER_RIDING_STYLED_ITEM('',(#131950),#131880,#143780);
#147480=OVER_RIDING_STYLED_ITEM('',(#132190),#132120,#143780);
#147490=OVER_RIDING_STYLED_ITEM('',(#132320),#132250,#143780);
#147500=OVER_RIDING_STYLED_ITEM('',(#132510),#132440,#143780);
#147510=OVER_RIDING_STYLED_ITEM('',(#132770),#132700,#143780);
#147520=OVER_RIDING_STYLED_ITEM('',(#132910),#132840,#143780);
#147530=OVER_RIDING_STYLED_ITEM('',(#133160),#133090,#143780);
#147540=OVER_RIDING_STYLED_ITEM('',(#133420),#133350,#143780);
#147550=OVER_RIDING_STYLED_ITEM('',(#133660),#133590,#143780);
#147560=OVER_RIDING_STYLED_ITEM('',(#134330),#134260,#143780);
#147570=OVER_RIDING_STYLED_ITEM('',(#134520),#134450,#143780);
#147580=OVER_RIDING_STYLED_ITEM('',(#134810),#134740,#143780);
#147590=OVER_RIDING_STYLED_ITEM('',(#135140),#135070,#143780);
#147600=OVER_RIDING_STYLED_ITEM('',(#135320),#135250,#143780);
#147610=OVER_RIDING_STYLED_ITEM('',(#135510),#135440,#143780);
#147620=OVER_RIDING_STYLED_ITEM('',(#135900),#135830,#143780);
#147630=OVER_RIDING_STYLED_ITEM('',(#136210),#136140,#143780);
#147640=OVER_RIDING_STYLED_ITEM('',(#136520),#136450,#143780);
#147650=OVER_RIDING_STYLED_ITEM('',(#136790),#136720,#143780);
#147660=OVER_RIDING_STYLED_ITEM('',(#136960),#136890,#143780);
#147670=OVER_RIDING_STYLED_ITEM('',(#137150),#137080,#143780);
#147680=OVER_RIDING_STYLED_ITEM('',(#137340),#137270,#143780);
#147690=OVER_RIDING_STYLED_ITEM('',(#137480),#137410,#143780);
#147700=OVER_RIDING_STYLED_ITEM('',(#137810),#137740,#143780);
#147710=OVER_RIDING_STYLED_ITEM('',(#138000),#137930,#143780);
#147720=OVER_RIDING_STYLED_ITEM('',(#138240),#138170,#143780);
#147730=OVER_RIDING_STYLED_ITEM('',(#138430),#138360,#143780);
#147740=OVER_RIDING_STYLED_ITEM('',(#138640),#138570,#143780);
#147750=OVER_RIDING_STYLED_ITEM('',(#138930),#138860,#143780);
#147760=OVER_RIDING_STYLED_ITEM('',(#139070),#139000,#143780);
#147770=OVER_RIDING_STYLED_ITEM('',(#139210),#139140,#143780);
#147780=OVER_RIDING_STYLED_ITEM('',(#139350),#139280,#143780);
#147790=OVER_RIDING_STYLED_ITEM('',(#139490),#139420,#143780);
#147800=OVER_RIDING_STYLED_ITEM('',(#139630),#139560,#143780);
#147810=OVER_RIDING_STYLED_ITEM('',(#139770),#139700,#143780);
#147820=OVER_RIDING_STYLED_ITEM('',(#139950),#139880,#143780);
#147830=OVER_RIDING_STYLED_ITEM('',(#140130),#140060,#143780);
#147840=OVER_RIDING_STYLED_ITEM('',(#140270),#140200,#143780);
#147850=OVER_RIDING_STYLED_ITEM('',(#140410),#140340,#143780);
#147860=OVER_RIDING_STYLED_ITEM('',(#140550),#140480,#143780);
#147870=OVER_RIDING_STYLED_ITEM('',(#140730),#140660,#143780);
#147880=OVER_RIDING_STYLED_ITEM('',(#140870),#140800,#143780);
#147890=OVER_RIDING_STYLED_ITEM('',(#141010),#140940,#143780);
#147900=OVER_RIDING_STYLED_ITEM('',(#141150),#141080,#143780);
#147910=OVER_RIDING_STYLED_ITEM('',(#141330),#141260,#143780);
#147920=OVER_RIDING_STYLED_ITEM('',(#141510),#141440,#143780);
#147930=OVER_RIDING_STYLED_ITEM('',(#141650),#141580,#143780);
#147940=OVER_RIDING_STYLED_ITEM('',(#141790),#141720,#143780);
#147950=OVER_RIDING_STYLED_ITEM('',(#141970),#141900,#143780);
#147960=OVER_RIDING_STYLED_ITEM('',(#142110),#142040,#143780);
#147970=OVER_RIDING_STYLED_ITEM('',(#142250),#142180,#143780);
#147980=OVER_RIDING_STYLED_ITEM('',(#142390),#142320,#143780);
#147990=OVER_RIDING_STYLED_ITEM('',(#142570),#142500,#143780);
#148000=OVER_RIDING_STYLED_ITEM('',(#142710),#142640,#143780);
#148010=OVER_RIDING_STYLED_ITEM('',(#142850),#142780,#143780);
#148020=OVER_RIDING_STYLED_ITEM('',(#142990),#142920,#143780);
#148030=OVER_RIDING_STYLED_ITEM('',(#143130),#143060,#143780);
#148040=OVER_RIDING_STYLED_ITEM('',(#143310),#143240,#143780);
#148050=OVER_RIDING_STYLED_ITEM('',(#143450),#143380,#143780);
#148060=MECHANICAL_DESIGN_GEOMETRIC_PRESENTATION_REPRESENTATION('',(
   #143780,#143790,#143800,#143810,#143820,#143830,#143840,#143850,
   #143860,#143870,#143880,#143890,#143900,#143910,#143920,#143930,
   #143940,#143950,#143960,#143970,#143980,#143990,#144000,#144010,
   #144020,#144030,#144040,#144050,#144060,#144070,#144080,#144090,
   #144100,#144110,#144120,#144130,#144140,#144150,#144160,#144170,
   #144180,#144190,#144200,#144210,#144220,#144230,#144240,#144250,
   #144260,#144270,#144280,#144290,#144300,#144310,#144320,#144330,
   #144340,#144350,#144360,#144370,#144380,#144390,#144400,#144410,
   #144420,#144430,#144440,#144450,#144460,#144470,#144480,#144490,
   #144500,#144510,#144520,#144530,#144540,#144550,#144560,#144570,
   #144580,#144590,#144600,#144610,#144620,#144630,#144640,#144650,
   #144660,#144670,#144680,#144690,#144700,#144710,#144720,#144730,
   #144740,#144750,#144760,#144770,#144780,#144790,#144800,#144810,
   #144820,#144830,#144840,#144850,#144860,#144870,#144880,#144890,
   #144900,#144910,#144920,#144930,#144940,#144950,#144960,#144970,
   #144980,#144990,#145000,#145010,#145020,#145030,#145040,#145050,
   #145060,#145070,#145080,#145090,#145100,#145110,#145120,#145130,
   #145140,#145150,#145160,#145170,#145180,#145190,#145200,#145210,
   #145220,#145230,#145240,#145250,#145260,#145270,#145280,#145290,
   #145300,#145310,#145320,#145330,#145340,#145350,#145360,#145370,
   #145380,#145390,#145400,#145410,#145420,#145430,#145440,#145450,
   #145460,#145470,#145480,#145490,#145500,#145510,#145520,#145530,
   #145540,#145550,#145560,#145570,#145580,#145590,#145600,#145610,
   #145620,#145630,#145640,#145650,#145660,#145670,#145680,#145690,
   #145700,#145710,#145720,#145730,#145740,#145750,#145760,#145770,
   #145780,#145790,#145800,#145810,#145820,#145830,#145840,#145850,
   #145860,#145870,#145880,#145890,#145900,#145910,#145920,#145930,
   #145940,#145950,#145960,#145970,#145980,#145990,#146000,#146010,
   #146020,#146030,#146040,#146050,#146060,#146070,#146080,#146090,
   #146100,#146110,#146120,#146130,#146140,#146150,#146160,#146170,
   #146180,#146190,#146200,#146210,#146220,#146230,#146240,#146250,
   #146260,#146270,#146280,#146290,#146300,#146310,#146320,#146330,
   #146340,#146350,#146360,#146370,#146380,#146390,#146400,#146410,
   #146420,#146430,#146440,#146450,#146460,#146470,#146480,#146490,
   #146500,#146510,#146520,#146530,#146540,#146550,#146560,#146570,
   #146580,#146590,#146600,#146610,#146620,#146630,#146640,#146650,
   #146660,#146670,#146680,#146690,#146700,#146710,#146720,#146730,
   #146740,#146750,#146760,#146770,#146780,#146790,#146800,#146810,
   #146820,#146830,#146840,#146850,#146860,#146870,#146880,#146890,
   #146900,#146910,#146920,#146930,#146940,#146950,#146960,#146970,
   #146980,#146990,#147000,#147010,#147020,#147030,#147040,#147050,
   #147060,#147070,#147080,#147090,#147100,#147110,#147120,#147130,
   #147140,#147150,#147160,#147170,#147180,#147190,#147200,#147210,
   #147220,#147230,#147240,#147250,#147260,#147270,#147280,#147290,
   #147300,#147310,#147320,#147330,#147340,#147350,#147360,#147370,
   #147380,#147390,#147400,#147410,#147420,#147430,#147440,#147450,
   #147460,#147470,#147480,#147490,#147500,#147510,#147520,#147530,
   #147540,#147550,#147560,#147570,#147580,#147590,#147600,#147610,
   #147620,#147630,#147640,#147650,#147660,#147670,#147680,#147690,
   #147700,#147710,#147720,#147730,#147740,#147750,#147760,#147770,
   #147780,#147790,#147800,#147810,#147820,#147830,#147840,#147850,
   #147860,#147870,#147880,#147890,#147900,#147910,#147920,#147930,
   #147940,#147950,#147960,#147970,#147980,#147990,#148000,#148010,
   #148020,#148030,#148040,#148050),#143670);
#148070=CARTESIAN_POINT('',(-3.4955488301517804E+01,
   -2.0821376124790600E+01,-1.9999999999999953E+00));
#148080=DIRECTION('',(-1.2246063538223773E-16,0.0000000000000000E+00,
   -1.0000000000000000E+00));
#148090=DIRECTION('',(-1.0000000000000000E+00,0.0000000000000000E+00,
   1.2246063538223773E-16));
#148100=AXIS2_PLACEMENT_3D('',#148070,#148080,#148090);
#148110=ITEM_DEFINED_TRANSFORMATION('mkds_1-8-3.5','',#148100,#143510);
#148120=APPLICATION_CONTEXT(' ');
#148130=APPLICATION_PROTOCOL_DEFINITION(' ','automotive_design',1998,
   #148120);
#148140=MECHANICAL_CONTEXT('',#148120,'mechanical');
#148150=PRODUCT_DEFINITION_CONTEXT('',#148120,'design');
#148160=PRODUCT('mkds_1-8-3.5','mkds_1-8-3.5','',(#148140));
#148170=PRODUCT_TYPE('part',' ',(#148160));
#148180=PRODUCT_DEFINITION_FORMATION_WITH_SPECIFIED_SOURCE('','',#148160
   ,.BOUGHT.);
#148190=PRODUCT_DEFINITION('',' ',#148180,#148150);
#148200=PRODUCT_DEFINITION_SHAPE('','',#148190);
#148210=DIMENSIONAL_EXPONENTS(1.0000000000000000E+00,
   0.0000000000000000E+00,0.0000000000000000E+00,0.0000000000000000E+00,
   0.0000000000000000E+00,0.0000000000000000E+00,0.0000000000000000E+00)
   ;
#148220=DIMENSIONAL_EXPONENTS(0.0000000000000000E+00,
   0.0000000000000000E+00,0.0000000000000000E+00,0.0000000000000000E+00,
   0.0000000000000000E+00,0.0000000000000000E+00,0.0000000000000000E+00)
   ;
#148230=DIMENSIONAL_EXPONENTS(0.0000000000000000E+00,
   0.0000000000000000E+00,0.0000000000000000E+00,0.0000000000000000E+00,
   0.0000000000000000E+00,0.0000000000000000E+00,0.0000000000000000E+00)
   ;
#148240=(LENGTH_UNIT() NAMED_UNIT(*) SI_UNIT(.MILLI.,.METRE.));
#148250=(NAMED_UNIT(*) PLANE_ANGLE_UNIT() SI_UNIT($,.RADIAN.));
#148260=(NAMED_UNIT(*) SI_UNIT($,.STERADIAN.) SOLID_ANGLE_UNIT());
#148270=(GEOMETRIC_REPRESENTATION_CONTEXT(3) 
   GLOBAL_UNCERTAINTY_ASSIGNED_CONTEXT((#148280)) 
   GLOBAL_UNIT_ASSIGNED_CONTEXT((#148240,#148250,#148260)) 
   REPRESENTATION_CONTEXT('',''));
#148280=UNCERTAINTY_MEASURE_WITH_UNIT(LENGTH_MEASURE(
   9.9999999999999995E-07),#148240,'distance_accuracy_value',
   'maximum gap value');
#148290=SHAPE_REPRESENTATION('',(#143510,#148100),#148270);
#148300=SHAPE_DEFINITION_REPRESENTATION(#148200,#148290);
#148310=(REPRESENTATION_RELATIONSHIP('','',#148290,#143690) 
   REPRESENTATION_RELATIONSHIP_WITH_TRANSFORMATION(#148110) 
   SHAPE_REPRESENTATION_RELATIONSHIP());
#148320=NEXT_ASSEMBLY_USAGE_OCCURRENCE('1','','mkds_1-8-3.5',#148190,
   #143590,'');
#148330=PRODUCT_DEFINITION_SHAPE('','',#148320);
#148340=CONTEXT_DEPENDENT_SHAPE_REPRESENTATION(#148310,#148330);
ENDSEC;
END-ISO-10303-21;
                
                  
               
                   
                    
     
                
